Company,True,Predicted
JPM,150.97000122070312,157.3874969482422
PFE,41.470001220703125,42.72254943847656
JPM,152.49000549316406,152.73878479003906
MSFT,242.1199951171875,242.6721649169922
V,237.1000061035156,238.5757293701172
AAPL,162.7400055,158.2727813720703
GOOG,89.62999725341797,86.17904663085938
AAPL,175.7400055,157.5577392578125
AMZN,102.16999816894533,99.91726684570312
AAPL,254.4900054931641,245.8147430419922
NVDA,48.619998931884766,45.86012268066406
JPM,142.89999389648438,144.92872619628906
TSLA,186.9199981689453,178.22622680664062
XOM,105.44000244140624,106.30781555175781
GOOG,129.12100219726562,130.73158264160156
XOM,123.13999938964844,122.74784088134766
AMZN,153.41000366210938,151.7014617919922
MSFT,302.6199951171875,297.07763671875
XOM,103.36000061035156,108.94610595703125
JPM,149.1199951171875,146.61045837402344
MSFT,323.3800048828125,337.5759582519531
JPM,130.1699981689453,133.33203125
XOM,108.68000030517578,106.12629699707031
AAPL,177.2299957,179.2689208984375
XOM,64.47000122070312,63.718379974365234
MSFT,316.8800048828125,316.2948913574219
GOOG,171.5800018310547,167.88278198242188
AMZN,165.62649536132812,164.81069946289062
GOOG,149.64549255371094,148.3270721435547
XOM,112.3000030517578,112.32250213623047
NVDA,45.97700119018555,45.512760162353516
PFE,44.15999984741211,41.266788482666016
AAPL,149.5500031,153.46694946289062
XOM,85.5999984741211,82.52120208740234
JPM,116.12999725341795,118.0216064453125
GOOG,136.71299743652344,136.8927459716797
V,196.7100067138672,202.4404296875
AMZN,84.18000030517578,85.58024597167969
XOM,103.41000366210938,103.46426391601562
NVDA,15.90999984741211,13.482799530029297
MSFT,366.6799926757813,355.5771179199219
NVDA,126.4000015258789,124.70991516113281
JPM,197.1499938964844,193.89157104492188
TSLA,342.0299987792969,352.8050537109375
TSLA,223.3333282470703,209.7519073486328
JPM,172.72999572753906,174.50367736816406
GOOG,114.66449737548828,117.35237884521484
MSFT,308.260009765625,312.5235595703125
PFE,61.25,64.9249496459961
AAPL,168.83999633789062,174.75961303710938
JPM,154.47999572753906,155.12188720703125
NVDA,26.983999252319336,27.921449661254883
XOM,104.5500030517578,103.82478332519531
PFE,47.709999084472656,51.2972297668457
AAPL,165.7899933,160.52845764160156
V,226.8600006103516,227.0756072998047
AMZN,178.8800048828125,176.86854553222656
XOM,110.91999816894533,108.3433609008789
XOM,102.4499969482422,100.9022216796875
V,198.7100067138672,205.28782653808594
GOOG,193.6300048828125,189.29684448242188
TSLA,169.47999572753906,180.13768005371094
NVDA,22.08099937438965,22.51847267150879
XOM,63.16999816894531,60.3701171875
PFE,27.290000915527344,26.952007293701172
PFE,30.31999969482422,31.48338508605957
AMZN,168.58999633789062,167.2861328125
V,241.4199981689453,235.601318359375
GOOG,91.8000030517578,92.14735412597656
JPM,113.02999877929688,118.35453033447266
GOOG,93.06999969482422,99.88031005859375
XOM,109.72000122070312,113.38910675048828
TSLA,226.7533264160156,220.84751892089844
JPM,155.8800048828125,157.3058319091797
MSFT,333.67999267578125,334.1199035644531
V,255.7400054931641,256.6597595214844
GOOG,160.7899932861328,156.71368408203125
GOOG,149.5399932861328,156.84507751464844
XOM,101.2699966430664,104.41767883300781
AMZN,96.62999725341795,91.61648559570312
GOOG,129.77099609375,128.10220336914062
AMZN,107.31900024414062,109.75985717773438
NVDA,43.29899978637695,43.36884307861328
GOOG,137.35000610351562,135.33819580078125
TSLA,182.0,191.02565002441406
XOM,115.3499984741211,115.69127655029297
PFE,53.369998931884766,54.195106506347656
GOOG,92.0500030517578,95.39640045166016
TSLA,239.759994506836,238.34689331054688
PFE,46.08000183105469,46.27871322631836
AMZN,180.9600067138672,177.93109130859375
TSLA,261.44000244140625,253.5885009765625
NVDA,67.47200012207031,72.34654998779297
MSFT,303.5899963378906,303.0100402832031
AAPL,147.5399933,149.44635009765625
GOOG,137.8159942626953,133.9105224609375
MSFT,426.8900146484375,433.406005859375
AMZN,97.5199966430664,94.64481353759766
AAPL,174.4900055,179.4403533935547
JPM,161.2100067138672,160.0205078125
JPM,107.7300033569336,111.0693130493164
V,239.759994506836,234.11257934570312
TSLA,202.7700042724609,197.07862854003906
PFE,29.549999237060547,27.047990798950195
GOOG,126.36849975585938,124.34850311279297
MSFT,415.489990234375,425.6522216796875
AMZN,163.52699279785156,164.71485900878906
AAPL,146.1399994,135.6343536376953
AMZN,96.54000091552734,91.85526275634766
PFE,47.43000030517578,49.527557373046875
NVDA,43.96599960327149,48.004852294921875
GOOG,104.93000030517578,93.51734161376953
AMZN,143.1999969482422,147.10411071777344
GOOG,182.6199951171875,183.61195373535156
NVDA,39.32699966430664,41.98347473144531
MSFT,420.4500122070313,422.88446044921875
GOOG,110.33999633789062,114.15837097167969
JPM,152.22999572753906,160.1521759033203
MSFT,236.41000366210932,243.80206298828125
XOM,53.63999938964844,55.515865325927734
XOM,119.3000030517578,116.66777801513672
PFE,31.40999984741211,32.18946838378906
PFE,39.150001525878906,38.305938720703125
GOOG,172.64999389648438,173.23428344726562
MSFT,327.260009765625,322.2567443847656
AMZN,153.7899932861328,155.2578125
MSFT,398.6700134277344,400.4479064941406
PFE,36.27999877929688,38.7540283203125
JPM,194.8999938964844,202.40936279296875
MSFT,331.6199951171875,330.34149169921875
XOM,85.63999938964844,92.4689712524414
GOOG,147.36849975585938,146.0604705810547
AAPL,225.1199951171875,226.83448791503906
JPM,152.82000732421875,148.69943237304688
NVDA,132.64999389648438,126.61256408691406
XOM,120.2699966430664,118.31076049804688
AMZN,121.08999633789062,117.43289947509766
TSLA,169.14999389648438,166.2201385498047
AMZN,188.6999969482422,184.7838592529297
PFE,28.15999984741211,31.521202087402344
V,229.91000366210932,236.20236206054688
JPM,139.05999755859375,140.79295349121094
AAPL,158.5200043,167.35061645507812
JPM,147.85000610351562,142.5669403076172
TSLA,196.8099975585937,199.09413146972656
AMZN,187.47999572753903,183.55271911621094
PFE,48.11000061035156,45.144309997558594
XOM,64.41000366210938,62.675537109375
TSLA,240.66000366210932,255.80853271484375
XOM,115.7699966430664,116.37589263916016
TSLA,462.2799987792969,419.6814270019531
XOM,113.48999786376952,112.17182922363281
MSFT,456.7300109863281,441.68896484375
AMZN,94.8499984741211,97.24796295166016
NVDA,130.0,124.31204223632812
JPM,131.27999877929688,132.37313842773438
XOM,117.87000274658205,117.8877182006836
V,309.8500061035156,305.91558837890625
TSLA,176.19000244140625,177.3444061279297
GOOG,153.63999938964844,150.51919555664062
V,278.5400085449219,277.044189453125
NVDA,15.08199977874756,16.92298698425293
NVDA,42.40499877929688,40.884639739990234
AAPL,122.7699966,136.5189208984375
GOOG,108.19000244140624,109.26756286621094
AAPL,227.5500030517578,225.9456329345703
XOM,57.040000915527344,54.59776306152344
GOOG,124.37999725341795,129.9509735107422
MSFT,420.989990234375,414.6511535644531
AMZN,128.2100067138672,133.9150390625
TSLA,335.01666259765625,318.6490173339844
V,310.9200134277344,308.4813232421875
AMZN,146.8175048828125,135.9877166748047
PFE,48.18000030517578,48.31464385986328
NVDA,13.050999641418455,20.93489646911621
GOOG,105.9000015258789,107.92047882080078
AMZN,142.8300018310547,145.11314392089844
GOOG,166.74000549316406,165.50274658203125
AMZN,193.0200042724609,180.3528289794922
NVDA,27.39999961853028,22.56803321838379
AMZN,155.16700744628906,153.07003784179688
GOOG,101.20999908447266,99.72417449951172
TSLA,251.9199981689453,252.06143188476562
AMZN,125.77999877929688,126.27572631835938
JPM,105.9800033569336,109.74331665039062
XOM,110.80999755859376,107.49600982666016
PFE,37.27999877929688,37.2917594909668
MSFT,242.47000122070312,246.08352661132812
MSFT,220.1000061035156,218.07284545898438
XOM,102.43000030517578,103.95337677001953
XOM,64.12999725341797,63.32008361816406
V,238.16000366210932,236.9910430908203
MSFT,289.6700134277344,288.1805114746094
V,211.3600006103516,212.99746704101562
AMZN,180.69000244140625,179.0677490234375
AMZN,140.57000732421875,136.2412109375
TSLA,274.4200134277344,273.0882263183594
XOM,87.86000061035156,87.13402557373047
V,311.82000732421875,334.427734375
NVDA,18.8439998626709,19.708452224731445
AAPL,130.4600067,135.2115936279297
XOM,109.80999755859376,112.19560241699219
V,218.3600006103516,217.66636657714844
AMZN,156.03799438476562,164.23953247070312
MSFT,280.7200012207031,285.2820739746094
AMZN,108.9499969482422,112.94548797607422
XOM,111.73999786376952,111.43329620361328
MSFT,260.3599853515625,251.52273559570312
AMZN,120.97000122070312,119.91230010986328
JPM,159.25999450683594,156.32200622558594
GOOG,102.41000366210938,102.11830139160156
XOM,82.37000274658203,85.16179656982422
AMZN,152.85800170898438,163.0794219970703
V,281.2099914550781,283.6155700683594
MSFT,427.0,430.57598876953125
MSFT,408.3900146484375,390.62493896484375
XOM,102.05999755859376,92.26155853271484
XOM,107.16999816894533,109.5571517944336
AMZN,170.4499969482422,173.4791717529297
XOM,86.83999633789062,85.41315460205078
MSFT,339.8299865722656,349.0714416503906
MSFT,286.44000244140625,270.27972412109375
XOM,101.58000183105467,100.09380340576172
TSLA,334.6000061035156,339.7344970703125
TSLA,193.57000732421875,188.2777557373047
XOM,59.15999984741211,61.70647048950195
PFE,34.939998626708984,36.71751403808594
JPM,130.05999755859375,130.30075073242188
NVDA,41.117000579833984,40.71773147583008
NVDA,24.506999969482425,24.03676986694336
V,203.57000732421875,207.2540740966797
V,249.0200042724609,249.0953826904297
V,227.4499969482422,224.5530242919922
V,202.6300048828125,203.3856658935547
AMZN,170.7530059814453,165.57968139648438
JPM,198.8800048828125,196.1674041748047
TSLA,213.1000061035156,227.3445587158203
NVDA,85.77400207519531,90.98583984375
TSLA,236.47999572753903,223.12852478027344
GOOG,109.91000366210938,113.04584503173828
AMZN,140.8000030517578,140.61766052246094
V,270.32000732421875,271.2403259277344
GOOG,114.91799926757812,114.18724822998047
MSFT,343.7699890136719,341.5913391113281
JPM,143.08999633789062,141.9796905517578
JPM,130.5500030517578,126.2978286743164
GOOG,174.4199981689453,174.4016876220703
XOM,90.58999633789062,94.79364776611328
PFE,51.470001220703125,49.79067611694336
TSLA,283.70001220703125,280.4815979003906
GOOG,128.5800018310547,129.2545928955078
V,282.6400146484375,281.4887390136719
PFE,29.46999931335449,27.94304847717285
NVDA,26.24099922180176,27.578296661376953
V,223.5599975585937,215.5223388671875
NVDA,30.489999771118164,27.36822509765625
PFE,28.920000076293945,30.420696258544922
GOOG,176.74000549316406,179.61219787597656
JPM,156.02999877929688,155.99478149414062
GOOG,134.16799926757812,132.22119140625
V,284.1499938964844,270.9869079589844
TSLA,215.4066619873047,217.86532592773438
MSFT,338.1499938964844,337.18798828125
JPM,127.23999786376952,131.39328002929688
TSLA,233.0333404541016,232.38241577148438
PFE,38.72999954223633,39.29827880859375
GOOG,96.7300033569336,100.733154296875
TSLA,218.88999938964844,223.24847412109375
AAPL,183.6300048828125,193.43606567382812
AMZN,92.12999725341795,99.80036163330078
PFE,40.18000030517578,43.59922409057617
AAPL,151.2799988,145.17349243164062
NVDA,12.37024974822998,12.184425354003906
GOOG,192.69000244140625,193.5411376953125
AAPL,184.3999938964844,188.56243896484375
MSFT,430.5199890136719,431.72198486328125
MSFT,299.489990234375,305.9572448730469
MSFT,425.2300109863281,419.07513427734375
MSFT,259.6199951171875,265.18304443359375
XOM,113.41000366210938,116.94225311279297
PFE,43.88999938964844,42.057559967041016
AMZN,146.1300048828125,143.08084106445312
MSFT,329.0599975585937,329.72320556640625
TSLA,215.5500030517578,218.1767120361328
XOM,85.75,88.88282012939453
NVDA,45.58100128173828,43.89817810058594
XOM,61.310001373291016,61.937950134277344
V,235.9499969482422,236.79660034179688
V,206.1499938964844,209.03170776367188
V,232.6499938964844,233.49346923828125
AAPL,179.3800049,174.5803985595703
AAPL,221.2700042724609,210.78663635253906
AAPL,224.22999572753903,222.88522338867188
GOOG,136.94000244140625,140.7059783935547
GOOG,102.79750061035156,103.5754165649414
JPM,115.9000015258789,110.23857116699219
AAPL,151.7299957,158.26214599609375
V,231.22999572753903,229.49710083007812
JPM,248.5500030517578,244.9649658203125
XOM,60.13999938964844,61.1558952331543
AMZN,97.70999908447266,98.82986450195312
V,252.22999572753903,244.63796997070312
NVDA,17.82525062561035,18.557071685791016
JPM,152.22999572753906,152.0871124267578
MSFT,244.1999969482422,238.69200134277344
JPM,142.7100067138672,143.8343048095703
AAPL,149.3500061,153.55419921875
PFE,51.38999938964844,53.213924407958984
MSFT,244.4900054931641,248.49200439453125
NVDA,23.5009994506836,24.015867233276367
XOM,103.87000274658205,102.9796142578125
JPM,198.8600006103516,195.88824462890625
GOOG,151.94000244140625,152.5029296875
XOM,62.619998931884766,65.9016342163086
MSFT,228.5599975585937,228.97178649902344
XOM,61.630001068115234,60.08164596557617
NVDA,14.906000137329102,14.996841430664062
JPM,154.72000122070312,153.07568359375
TSLA,253.8600006103516,251.73248291015625
MSFT,287.1499938964844,276.1968078613281
AMZN,120.9499969482422,117.61215209960938
MSFT,421.4299926757813,425.2206115722656
V,221.1300048828125,210.77609252929688
NVDA,122.8499984741211,127.24861907958984
XOM,86.08000183105469,84.24256896972656
AAPL,139.1399994,132.9534912109375
AAPL,168.82000732421875,173.23704528808594
TSLA,219.2700042724609,216.11337280273438
XOM,115.0500030517578,113.27003479003906
AAPL,221.5500030517578,220.5130157470703
PFE,36.119998931884766,37.554054260253906
TSLA,163.57000732421875,169.34033203125
NVDA,15.31700038909912,17.1263427734375
PFE,26.88999938964844,27.857505798339844
XOM,108.25,112.21715545654297
TSLA,236.60333251953125,241.70452880859375
GOOG,167.6300048828125,167.7826385498047
AMZN,173.7895050048828,168.57919311523438
NVDA,13.811750411987305,17.87249755859375
JPM,153.41000366210938,152.4007568359375
XOM,99.83999633789062,104.57689666748047
NVDA,47.07699966430664,47.60350799560547
NVDA,17.941999435424805,18.195222854614258
JPM,241.16000366210932,241.03030395507812
PFE,49.68999862670898,50.512451171875
GOOG,133.3000030517578,132.7106170654297
AMZN,92.45999908447266,91.7308349609375
AMZN,166.37950134277344,176.01193237304688
NVDA,11.593250274658203,13.054397583007812
MSFT,431.9500122070313,427.1646728515625
XOM,109.13999938964844,103.95628356933594
TSLA,330.239990234375,325.048583984375
GOOG,131.94000244140625,131.6313934326172
NVDA,12.72249984741211,15.058452606201172
XOM,114.6500015258789,113.53985595703125
JPM,247.3600006103516,241.2120819091797
MSFT,295.9200134277344,299.7190246582031
GOOG,130.07749938964844,130.501220703125
NVDA,24.496000289916992,24.528818130493164
XOM,109.80999755859376,109.96086883544922
GOOG,95.45999908447266,98.07682800292969
MSFT,335.9200134277344,336.775634765625
XOM,62.61000061035156,65.18879699707031
AMZN,159.90049743652344,158.5299072265625
GOOG,170.6199951171875,167.40296936035156
V,220.66000366210932,217.40579223632812
AMZN,177.88999938964844,176.00328063964844
GOOG,119.7584991455078,117.66683197021484
PFE,42.45000076293945,44.309085845947266
V,212.94000244140625,212.8221893310547
TSLA,162.5500030517578,169.55636596679688
MSFT,326.7900085449219,328.92047119140625
TSLA,227.933334350586,231.63914489746094
XOM,57.31999969482422,58.01882553100586
MSFT,430.2999877929688,428.61492919921875
TSLA,170.17999267578125,164.91192626953125
MSFT,249.22000122070312,261.24658203125
PFE,56.650001525878906,52.27677917480469
JPM,194.82000732421875,197.3848114013672
PFE,40.77999877929688,43.51093292236328
V,254.13999938964844,256.4549865722656
AMZN,93.91999816894533,97.84616088867188
GOOG,141.4530029296875,139.906494140625
PFE,42.060001373291016,43.064964294433594
AAPL,127.9000015,136.09727478027344
XOM,55.709999084472656,57.162288665771484
JPM,166.5500030517578,171.73387145996094
GOOG,117.08300018310548,116.19635772705078
PFE,48.0099983215332,47.658721923828125
GOOG,132.30850219726562,131.48995971679688
MSFT,248.0,241.98280334472656
MSFT,337.94000244140625,328.6545104980469
PFE,51.22999954223633,52.645729064941406
AMZN,111.1999969482422,115.92708587646484
AMZN,214.1000061035156,203.38845825195312
XOM,98.41999816894533,105.73192596435547
NVDA,79.51799774169922,75.6466064453125
AAPL,177.4900055,185.47171020507812
JPM,118.38999938964844,120.33247375488281
AAPL,173.6600037,177.11831665039062
PFE,50.720001220703125,47.39554214477539
PFE,47.5099983215332,45.87537384033203
NVDA,16.610000610351562,16.077978134155273
PFE,50.93999862670898,51.12611770629883
AMZN,136.4499969482422,125.33462524414062
JPM,133.44000244140625,128.04660034179688
AMZN,145.17999267578125,146.8949432373047
MSFT,234.2400054931641,231.46612548828125
GOOG,98.3000030517578,104.2435073852539
AAPL,186.0099945,180.12901306152344
MSFT,293.4700012207031,284.6664733886719
JPM,155.91000366210938,152.84103393554688
GOOG,174.30999755859375,176.2266387939453
NVDA,85.35399627685547,90.47456359863281
TSLA,297.1499938964844,286.14459228515625
V,233.5599975585937,234.71646118164062
AMZN,207.08999633789065,197.62266540527344
PFE,36.25,38.43995666503906
AMZN,190.8300018310547,184.11122131347656
NVDA,25.541000366210938,23.861305236816406
XOM,56.40999984741211,55.88091278076172
V,276.4599914550781,271.2138671875
NVDA,16.92300033569336,17.136581420898438
GOOG,126.08000183105467,126.7020263671875
PFE,28.299999237060547,28.803104400634766
NVDA,12.736000061035156,16.092586517333984
V,209.3500061035156,211.33570861816406
PFE,28.43000030517578,29.79996109008789
XOM,61.59000015258789,64.631103515625
V,259.760009765625,248.94668579101562
AAPL,213.07000732421875,204.05491638183594
JPM,134.32000732421875,137.86370849609375
GOOG,124.3499984741211,121.05789184570312
PFE,57.58000183105469,54.5763053894043
TSLA,194.63999938964844,208.21815490722656
NVDA,94.35900115966795,94.11881256103516
GOOG,142.39849853515625,143.31228637695312
AAPL,242.6499938964844,243.19430541992188
JPM,210.5,210.60731506347656
V,220.009994506836,222.31222534179688
PFE,38.84999847412109,40.31800842285156
AAPL,143.2899933,157.0340118408203
MSFT,241.5500030517578,242.40069580078125
MSFT,334.9200134277344,330.1263732910156
NVDA,11.22700023651123,14.990560531616211
MSFT,295.2200012207031,293.2066650390625
PFE,39.61000061035156,41.485084533691406
NVDA,106.46900177001952,105.92396545410156
AMZN,135.52000427246094,135.02890014648438
JPM,157.75999450683594,154.78616333007812
V,230.1300048828125,230.9994354248047
PFE,29.5,27.806140899658203
PFE,35.36000061035156,38.088321685791016
JPM,162.57000732421875,162.23155212402344
MSFT,308.1300048828125,312.2345886230469
NVDA,19.90275001525879,19.79985809326172
TSLA,182.6300048828125,199.76455688476562
AMZN,173.1199951171875,167.7548370361328
XOM,57.58000183105469,60.18444061279297
AAPL,183.3800048828125,170.472412109375
TSLA,292.1166687011719,292.0025329589844
JPM,160.9199981689453,156.42193603515625
MSFT,318.2699890136719,305.1810607910156
AAPL,193.4199981689453,181.0626220703125
V,220.0399932861328,218.1101837158203
PFE,52.400001525878906,52.87045669555664
AMZN,142.58999633789062,149.53436279296875
NVDA,90.41200256347656,94.30562591552734
JPM,146.61000061035156,146.30447387695312
AMZN,103.6500015258789,104.05241394042969
JPM,179.72999572753906,179.82742309570312
V,184.66000366210932,175.5711669921875
MSFT,405.7200012207031,390.6065673828125
V,216.9600067138672,215.94239807128906
PFE,51.75,52.25334930419922
NVDA,20.36599922180176,20.45037078857422
JPM,153.80999755859375,144.09275817871094
TSLA,241.4566650390625,254.4446563720703
XOM,106.26000213623048,106.1742935180664
V,200.5399932861328,201.36195373535156
TSLA,254.8500061035156,249.4580535888672
NVDA,27.801000595092773,28.811847686767578
PFE,56.68999862670898,56.713138580322266
NVDA,22.339000701904297,22.939931869506836
GOOG,167.30999755859375,166.20703125
GOOG,90.25,89.90821838378906
GOOG,99.56999969482422,102.75865936279297
PFE,52.29999923706055,53.590694427490234
GOOG,132.08250427246094,130.2006072998047
XOM,118.58999633789062,117.43030548095703
MSFT,228.8500061035156,233.57733154296875
TSLA,237.30667114257807,231.2348175048828
AMZN,132.5500030517578,128.7909393310547
JPM,128.0,122.86070251464844
AMZN,127.73999786376952,128.54222106933594
GOOG,105.44000244140624,112.80912780761719
MSFT,296.3699951171875,302.6319885253906
PFE,53.20000076293945,53.64790725708008
AAPL,142.9199982,146.76422119140625
AMZN,229.0500030517578,224.25027465820312
TSLA,262.3699951171875,283.84674072265625
TSLA,221.72000122070312,217.07357788085938
JPM,141.9199981689453,141.12623596191406
V,221.63999938964844,221.96353149414062
GOOG,131.69000244140625,133.63009643554688
PFE,52.310001373291016,49.393672943115234
PFE,31.25,28.56327247619629
AMZN,105.66000366210938,108.0445327758789
AMZN,186.42999267578125,185.14132690429688
JPM,113.73999786376952,109.85711669921875
V,286.8500061035156,278.3572082519531
TSLA,262.8999938964844,281.02191162109375
NVDA,21.94099998474121,22.528514862060547
NVDA,119.13999938964844,113.66974639892578
JPM,130.07000732421875,125.51344299316406
PFE,36.02000045776367,34.384727478027344
V,228.1100006103516,230.02313232421875
PFE,25.229999542236328,23.74666404724121
PFE,48.720001220703125,51.08031463623047
JPM,114.36000061035156,113.39341735839844
JPM,114.3499984741211,115.80685424804688
JPM,141.1699981689453,142.84326171875
TSLA,185.7700042724609,188.48927307128906
XOM,103.16999816894533,103.2230453491211
JPM,170.94000244140625,172.89077758789062
V,190.009994506836,196.5166473388672
V,223.0,222.48301696777344
AMZN,202.6100006103516,202.19105529785156
V,236.4499969482422,238.35568237304688
GOOG,111.66649627685548,106.6182632446289
JPM,151.91000366210938,149.7038116455078
AAPL,164.5099945,163.4497833251953
JPM,196.91000366210932,199.1671142578125
V,240.7400054931641,235.9122772216797
V,223.6199951171875,225.7637176513672
V,206.6699981689453,205.87252807617188
NVDA,136.9199981689453,142.51368713378906
TSLA,296.07000732421875,292.8692932128906
JPM,143.42999267578125,142.02516174316406
XOM,56.59000015258789,57.32439041137695
JPM,158.5399932861328,159.92718505859375
NVDA,145.88999938964844,146.1234130859375
V,241.509994506836,239.94216918945312
V,277.8399963378906,276.9139099121094
TSLA,180.00999450683594,179.74258422851562
AAPL,226.4900054931641,227.19383239746094
GOOG,102.22000122070312,101.2895736694336
PFE,46.84000015258789,46.37999725341797
XOM,119.16999816894533,112.71996307373047
MSFT,280.739990234375,273.6780090332031
GOOG,142.1230010986328,150.1511688232422
GOOG,171.13999938964844,166.50439453125
V,206.2899932861328,210.4630889892578
GOOG,120.08999633789062,116.45568084716797
AMZN,95.45999908447266,92.19229888916016
AMZN,163.16900634765625,165.62513732910156
AMZN,169.0,159.6639404296875
AAPL,143.1600037,136.96165466308594
TSLA,299.9800109863281,315.2158508300781
MSFT,253.6999969482422,257.40411376953125
V,224.6999969482422,222.79286193847656
V,220.6300048828125,227.00372314453125
MSFT,443.5199890136719,439.7717590332031
GOOG,168.4600067138672,162.51751708984375
GOOG,119.81999969482422,122.7176513671875
NVDA,14.96125030517578,17.73674774169922
V,232.1499938964844,227.98487854003906
TSLA,238.1300048828125,239.35281372070312
TSLA,250.64666748046875,253.9046630859375
GOOG,89.3499984741211,95.28722381591797
MSFT,430.5299987792969,441.2752990722656
AMZN,176.44000244140625,182.51776123046875
PFE,50.41999816894531,50.7589225769043
V,285.6300048828125,277.9271545410156
V,187.6699981689453,183.04893493652344
AMZN,152.60150146484375,153.00706481933594
TSLA,362.8233337402344,353.3868103027344
V,227.9600067138672,227.9892578125
V,207.759994506836,211.04356384277344
NVDA,12.220000267028809,14.81233024597168
MSFT,437.4200134277344,436.9637451171875
V,271.69000244140625,276.9667663574219
AAPL,216.2400054931641,218.7504119873047
XOM,94.88999938964844,100.58694458007812
AMZN,193.25,200.9739990234375
XOM,104.45999908447266,102.98929595947266
V,219.5500030517578,212.21261596679688
GOOG,88.80000305175781,91.3106918334961
TSLA,233.58999633789065,241.3212432861328
JPM,120.4499969482422,121.20368194580078
AMZN,186.1000061035156,189.57183837890625
MSFT,330.79998779296875,332.07177734375
TSLA,277.70001220703125,280.2991638183594
V,276.760009765625,275.0282287597656
TSLA,174.9499969482422,179.7893829345703
XOM,117.8000030517578,116.16558837890625
NVDA,12.465999603271484,11.785545349121094
V,200.2899932861328,200.95066833496094
AAPL,196.4499969,186.07383728027344
MSFT,232.8999938964844,242.5428466796875
TSLA,230.2899932861328,228.38381958007812
PFE,28.299999237060547,30.566621780395508
JPM,195.72999572753903,198.58367919921875
PFE,52.040000915527344,56.23481369018555
NVDA,27.04199981689453,28.020864486694336
TSLA,173.99000549316406,176.5901336669922
NVDA,26.5310001373291,26.539474487304688
AMZN,161.88099670410156,163.25857543945312
V,201.1199951171875,202.99473571777344
JPM,140.75999450683594,139.409423828125
MSFT,252.509994506836,256.3089904785156
V,230.9900054931641,226.24798583984375
XOM,58.81999969482422,59.79576110839844
MSFT,299.8699951171875,304.3758544921875
XOM,110.93000030517578,114.0941390991211
V,241.63999938964844,244.40614318847656
AAPL,187.44000244140625,180.8090362548828
NVDA,40.11100006103516,40.998226165771484
AAPL,225.6699981689453,229.6268310546875
JPM,193.4900054931641,194.3396453857422
GOOG,98.0500030517578,98.82804870605469
MSFT,327.760009765625,313.0201416015625
JPM,205.1699981689453,212.59381103515625
XOM,55.34999847412109,57.40378189086914
PFE,47.900001525878906,50.75346374511719
MSFT,429.1700134277344,432.3703308105469
V,194.3800048828125,197.32376098632812
NVDA,40.32600021362305,42.26970672607422
PFE,43.84999847412109,46.090606689453125
JPM,139.5,138.7561798095703
V,278.6199951171875,276.75970458984375
NVDA,15.152000427246094,15.264957427978516
NVDA,140.25999450683594,146.5802764892578
MSFT,234.2400054931641,243.9336700439453
NVDA,17.673999786376953,18.36608123779297
JPM,145.30999755859375,148.94606018066406
JPM,148.80999755859375,145.22796630859375
JPM,195.6499938964844,195.53286743164062
GOOG,103.50350189208984,100.13196563720703
AAPL,120.5299988,126.01161193847656
V,219.0399932861328,218.5372772216797
V,262.5400085449219,258.2721252441406
JPM,244.759994506836,244.9329376220703
AMZN,109.6500015258789,114.35860443115234
XOM,84.45999908447266,89.11958312988281
V,277.760009765625,277.2057189941406
PFE,55.540000915527344,51.777889251708984
PFE,52.77999877929688,51.508033752441406
V,202.67999267578125,197.71536254882812
AMZN,180.11000061035156,176.38967895507812
TSLA,252.3300018310547,245.77268981933594
MSFT,367.75,355.8671569824219
MSFT,436.6000061035156,439.6606140136719
MSFT,313.8599853515625,314.98260498046875
MSFT,328.6499938964844,324.5118103027344
V,228.1699981689453,223.09632873535156
AAPL,246.75,239.30113220214844
V,226.2700042724609,225.4756317138672
V,241.1999969482422,238.47129821777344
AMZN,131.69000244140625,136.2078399658203
TSLA,224.47332763671875,233.8922576904297
NVDA,13.186249732971191,11.911283493041992
XOM,85.19999694824219,85.2157211303711
PFE,26.71999931335449,26.574317932128906
MSFT,422.8599853515625,425.0986022949219
TSLA,260.510009765625,256.9458923339844
AAPL,141.5,142.5198974609375
TSLA,328.9833374023437,325.0317687988281
GOOG,108.04000091552734,98.63399505615234
NVDA,16.778249740600586,15.799283981323242
V,231.009994506836,235.86427307128906
AAPL,191.3099975585937,193.06175231933594
AMZN,178.14999389648438,177.50765991210938
AAPL,147.0399933,154.2517547607422
AMZN,208.17999267578125,204.7866973876953
V,312.1600036621094,300.21649169921875
AMZN,111.07749938964844,108.89374542236328
AMZN,171.36849975585938,173.07437133789062
AMZN,88.44999694824219,93.51342010498047
TSLA,404.6199951171875,411.68536376953125
PFE,53.209999084472656,57.38790512084961
V,241.07000732421875,240.51979064941406
NVDA,15.987000465393066,17.894367218017578
NVDA,22.33699989318848,21.367450714111328
MSFT,327.2900085449219,324.510986328125
NVDA,13.530500411987305,12.543681144714355
TSLA,195.97000122070312,192.96009826660156
MSFT,360.6900024414063,367.67486572265625
PFE,27.65999984741211,27.553564071655273
AMZN,133.25999450683594,136.75221252441406
NVDA,94.9499969482422,98.12397003173828
XOM,60.93000030517578,60.39492416381836
PFE,40.04999923706055,38.519901275634766
AMZN,103.38999938964844,103.82266235351562
PFE,46.56999969482422,44.201011657714844
TSLA,269.19000244140625,252.9312286376953
MSFT,414.0499877929688,418.9586181640625
MSFT,459.2799987792969,440.5201416015625
MSFT,341.25,334.4826965332031
TSLA,227.26333618164065,235.00653076171875
MSFT,281.9200134277344,281.0350341796875
GOOG,138.99000549316406,135.7694854736328
NVDA,28.88500022888184,27.103538513183594
AAPL,148.5,161.68154907226562
AMZN,170.52999877929688,166.8369598388672
PFE,43.97999954223633,47.3172721862793
AMZN,139.52000427246094,137.55247497558594
NVDA,119.37000274658205,112.11944580078125
TSLA,112.70999908447266,117.8277816772461
PFE,47.380001068115234,44.15296173095703
XOM,99.12000274658205,93.21517944335938
AAPL,151.0099945,151.9342498779297
JPM,197.5,195.70736694335938
AAPL,129.4100037,120.35041046142578
JPM,158.2899932861328,160.75021362304688
PFE,43.45000076293945,41.33625411987305
V,231.77999877929688,234.6592559814453
GOOG,104.61000061035156,104.68000030517578
PFE,43.7599983215332,43.456565856933594
MSFT,280.32000732421875,285.36346435546875
PFE,49.4900016784668,49.98204803466797
GOOG,133.25999450683594,136.355712890625
MSFT,341.2699890136719,334.1207580566406
TSLA,210.2833404541016,201.2139892578125
NVDA,20.51700019836425,24.8586483001709
AAPL,180.75,182.92184448242188
NVDA,43.34400177001953,39.50167465209961
JPM,128.99000549316406,133.8124542236328
JPM,147.13999938964844,146.5697784423828
PFE,39.75,40.449920654296875
XOM,52.040000915527344,53.04216003417969
GOOG,86.45999908447266,89.97937774658203
GOOG,130.69000244140625,133.7602996826172
JPM,216.8099975585937,216.60606384277344
AAPL,193.7299957,190.87551879882812
MSFT,329.3699951171875,328.3871154785156
XOM,62.130001068115234,59.92313003540039
AAPL,176.3800049,180.24456787109375
AMZN,120.11000061035156,117.05809783935547
V,226.08999633789065,228.94561767578125
XOM,109.7300033569336,113.82450866699219
TSLA,211.9900054931641,221.15106201171875
V,274.5,271.62933349609375
V,233.9499969482422,234.08169555664062
XOM,85.63999938964844,85.99288177490234
GOOG,163.24000549316406,160.77931213378906
XOM,86.12000274658203,90.43250274658203
PFE,33.11000061035156,32.15603256225586
AAPL,184.57000732421875,183.9156951904297
NVDA,38.94599914550781,42.73964309692383
XOM,106.5999984741211,106.35629272460938
NVDA,43.900001525878906,45.2873420715332
TSLA,187.6666717529297,205.3927764892578
MSFT,279.92999267578125,281.6719665527344
XOM,113.52999877929688,113.03375244140625
JPM,120.13999938964844,121.12815856933594
TSLA,271.989990234375,272.97222900390625
XOM,93.88999938964844,97.94380187988281
MSFT,295.3699951171875,293.32568359375
AAPL,148.7100067,159.78045654296875
MSFT,348.1000061035156,339.9416809082031
AAPL,198.1100006103516,197.4026336669922
MSFT,429.3699951171875,410.54644775390625
NVDA,20.69499969482422,21.215871810913086
PFE,44.95000076293945,47.03842544555664
MSFT,272.4200134277344,271.0651550292969
AMZN,170.97999572753906,166.1434783935547
PFE,42.790000915527344,41.435768127441406
NVDA,19.558000564575195,20.70734405517578
PFE,42.70000076293945,43.79876708984375
NVDA,66.16000366210938,66.98855590820312
TSLA,244.07666015625,249.9173126220703
TSLA,436.1700134277344,421.3443908691406
XOM,118.2699966430664,116.93468475341797
AAPL,129.7400055,130.23504638671875
NVDA,45.900001525878906,42.90654754638672
AMZN,159.27999877929688,163.44412231445312
TSLA,174.60000610351562,173.27503967285156
AAPL,125.9000015,137.5243377685547
JPM,220.17999267578125,219.7689971923828
TSLA,286.3233337402344,279.69989013671875
TSLA,221.90333557128903,232.3465576171875
MSFT,270.8999938964844,273.7305908203125
AMZN,95.2699966430664,98.59979248046875
PFE,42.02000045776367,43.02797317504883
NVDA,145.25999450683594,144.7393341064453
XOM,106.1500015258789,105.11090850830078
XOM,62.650001525878906,62.110443115234375
JPM,192.13999938964844,188.8084259033203
AAPL,223.9600067138672,223.7744598388672
XOM,116.6999969482422,116.18936157226562
AMZN,185.07000732421875,171.57159423828125
MSFT,302.75,295.2038879394531
TSLA,345.1600036621094,347.2176818847656
AMZN,163.10049438476562,167.25534057617188
MSFT,221.38999938964844,229.4629669189453
TSLA,304.4200134277344,298.783447265625
GOOG,143.77650451660156,142.56565856933594
MSFT,294.6000061035156,293.08233642578125
JPM,118.62999725341795,121.74148559570312
TSLA,201.6233367919922,208.39224243164062
MSFT,259.8900146484375,254.19415283203125
AAPL,147.1100006,133.45875549316406
XOM,59.369998931884766,59.4305419921875
NVDA,17.37700080871582,18.592336654663086
GOOG,140.1199951171875,133.7130126953125
MSFT,400.9599914550781,401.9275817871094
MSFT,413.1199951171875,427.47711181640625
NVDA,43.66299819946289,40.95907211303711
NVDA,13.647000312805176,11.247836112976074
V,231.66000366210932,235.88998413085938
AAPL,165.5599976,174.54908752441406
V,236.6100006103516,237.5829315185547
JPM,143.2100067138672,144.1339111328125
MSFT,250.1999969482422,247.80360412597656
NVDA,23.374000549316406,22.849328994750977
AAPL,228.22000122070312,228.23876953125
AMZN,118.20999908447266,118.09707641601562
V,230.1999969482422,232.2468719482422
MSFT,252.57000732421875,258.1135559082031
AAPL,169.64999389648438,175.0139923095703
NVDA,134.25,130.03041076660156
NVDA,30.538000106811523,37.696632385253906
V,233.8800048828125,223.9442596435547
TSLA,196.5800018310547,196.2615203857422
AAPL,154.4600067,145.11221313476562
AAPL,173.1900024,151.64947509765625
JPM,168.4499969482422,165.6536407470703
AMZN,155.21249389648438,162.7255859375
TSLA,251.6199951171875,251.46624755859375
XOM,105.97000122070312,103.49567413330078
JPM,139.27999877929688,134.56570434570312
TSLA,399.9266662597656,360.51727294921875
NVDA,26.733999252319336,25.02074432373047
AAPL,152.5899963,155.1810302734375
JPM,157.0800018310547,159.84512329101562
TSLA,387.6466674804688,376.7112121582031
JPM,122.18000030517578,114.50318908691406
GOOG,109.08100128173828,115.42306518554688
TSLA,175.0,182.6977996826172
JPM,144.9499969482422,141.76412963867188
TSLA,239.2899932861328,245.38999938964844
JPM,167.5,165.86111450195312
TSLA,257.2200012207031,253.494873046875
AAPL,127.8300018,135.0460968017578
GOOG,92.30999755859376,91.29551696777344
AMZN,151.19349670410156,147.125732421875
MSFT,372.6499938964844,373.0920715332031
TSLA,240.8300018310547,250.2310028076172
XOM,58.560001373291016,60.63818359375
NVDA,92.13999938964844,87.7124252319336
AAPL,169.3800048828125,173.48446655273438
JPM,151.1699981689453,151.23667907714844
AAPL,228.1999969482422,230.6855926513672
MSFT,266.6499938964844,249.72821044921875
XOM,121.02999877929688,123.78821563720703
XOM,61.9900016784668,56.23828125
MSFT,237.9199981689453,245.34803771972656
JPM,154.27999877929688,159.4540252685547
TSLA,258.7099914550781,245.1513214111328
PFE,24.86000061035156,26.2900333404541
TSLA,172.9199981689453,187.19322204589844
XOM,108.47000122070312,112.48644256591797
MSFT,294.95001220703125,286.2696228027344
TSLA,284.07666015625,279.7633056640625
AAPL,176.64999389648438,169.45401000976562
V,239.77999877929688,249.00296020507812
JPM,210.8500061035156,213.49307250976562
PFE,53.040000915527344,53.77540969848633
AAPL,170.2899932861328,164.6903076171875
NVDA,44.30899810791016,48.29654312133789
MSFT,415.260009765625,412.844482421875
V,206.32000732421875,213.45730590820312
NVDA,88.96399688720703,86.0436019897461
V,317.7099914550781,312.8883056640625
AAPL,148.4799957,154.420166015625
GOOG,186.6100006103516,185.9899444580078
PFE,43.9900016784668,42.711273193359375
JPM,111.79000091552734,114.0262680053711
AAPL,189.9499969482422,185.3431396484375
MSFT,435.25,439.7088317871094
XOM,103.54000091552734,103.52518463134766
AMZN,180.0,175.8479766845703
XOM,94.4800033569336,92.82331085205078
GOOG,105.30999755859376,109.95314025878906
V,280.739990234375,277.03363037109375
NVDA,13.841750144958496,14.817492485046387
XOM,102.18000030517578,110.13643646240234
V,230.2400054931641,225.00503540039062
PFE,50.5099983215332,47.659305572509766
GOOG,92.66000366210938,95.92997741699219
XOM,62.18999862670898,59.401363372802734
JPM,132.94000244140625,136.2123260498047
XOM,51.119998931884766,51.69061279296875
PFE,44.709999084472656,48.46062469482422
XOM,106.08999633789062,106.40432739257812
XOM,121.1500015258789,125.50045013427734
V,233.47999572753903,234.2890625
NVDA,94.28900146484376,91.56163024902344
GOOG,140.52999877929688,138.67300415039062
MSFT,312.3099975585937,314.8838195800781
V,234.0500030517578,231.44781494140625
JPM,144.2899932861328,145.0395050048828
GOOG,124.14250183105467,120.76714324951172
XOM,109.4499969482422,110.91084289550781
NVDA,28.17799949645996,26.937702178955078
GOOG,137.42999267578125,142.8173828125
AAPL,135.3699951,135.87451171875
XOM,80.52999877929688,78.66927337646484
MSFT,425.2200012207031,424.87066650390625
GOOG,156.3699951171875,154.86314392089844
NVDA,20.636999130249023,17.856563568115234
JPM,222.2100067138672,221.97708129882812
XOM,63.81999969482422,63.19839096069336
JPM,127.61000061035156,130.21469116210938
NVDA,90.36299896240234,94.47578430175781
GOOG,163.63999938964844,162.90179443359375
V,192.07000732421875,189.8716583251953
GOOG,87.93000030517578,91.63919830322266
V,220.4900054931641,213.30433654785156
JPM,167.08999633789062,168.75897216796875
AMZN,165.1750030517578,163.0878143310547
TSLA,182.8999938964844,190.14614868164062
PFE,39.650001525878906,41.13737487792969
AMZN,153.16000366210938,151.88650512695312
PFE,44.459999084472656,42.716766357421875
JPM,159.1300048828125,158.44741821289062
NVDA,48.54800033569336,50.07195281982422
PFE,41.34999847412109,38.016780853271484
TSLA,294.3566589355469,276.3202209472656
GOOG,125.3000030517578,131.3032684326172
XOM,110.19000244140624,106.7335433959961
NVDA,12.855999946594238,13.512065887451172
TSLA,362.0633239746094,357.0692443847656
TSLA,352.5599975585937,337.39044189453125
AMZN,153.9980010986328,153.87130737304688
NVDA,135.33999633789062,143.466552734375
XOM,118.44000244140624,121.0875244140625
NVDA,25.89999961853028,27.10567283630371
XOM,92.31999969482422,92.34088897705078
NVDA,13.987500190734863,15.683992385864258
XOM,119.72000122070312,121.067626953125
PFE,43.83000183105469,45.237266540527344
JPM,158.0,156.83265686035156
JPM,223.63999938964844,223.2589874267578
V,254.2899932861328,255.1685791015625
PFE,49.95000076293945,47.854736328125
V,216.13999938964844,222.05001831054688
GOOG,130.531005859375,129.91050720214844
V,276.42999267578125,281.66839599609375
PFE,51.77999877929688,51.26982879638672
JPM,134.35000610351562,135.09214782714844
GOOG,116.33699798583984,115.71204376220703
GOOG,133.2895050048828,131.25209045410156
V,269.25,268.8898010253906
XOM,105.51000213623048,110.72164916992188
MSFT,410.3399963378906,412.3617858886719
V,208.7400054931641,212.36007690429688
PFE,38.02000045776367,37.86422348022461
V,221.32000732421875,222.31088256835938
V,194.97000122070312,210.3517303466797
JPM,156.7899932861328,156.33831787109375
XOM,114.97000122070312,113.0286636352539
AMZN,138.16700744628906,138.8170166015625
TSLA,179.82000732421875,178.7624053955078
TSLA,232.663330078125,235.7968292236328
JPM,149.41000366210938,150.84544372558594
GOOG,99.3000030517578,97.68287658691406
AAPL,226.3699951171875,222.68405151367188
AMZN,168.1009979248047,165.4211883544922
AAPL,150.8200073,152.73223876953125
XOM,103.79000091552734,101.96560668945312
JPM,135.22999572753906,142.37979125976562
V,226.42999267578125,225.3629608154297
GOOG,142.52049255371094,144.756103515625
TSLA,227.5399932861328,229.84127807617188
XOM,46.060001373291016,44.389522552490234
MSFT,421.5299987792969,422.087890625
JPM,195.6499938964844,196.37388610839844
XOM,116.0500030517578,115.72728729248047
AAPL,230.57000732421875,221.69866943359375
NVDA,29.290000915527344,27.934335708618164
XOM,104.8499984741211,104.70230102539062
AAPL,148.8399963,155.42092895507812
PFE,49.65999984741211,49.289756774902344
JPM,242.8600006103516,243.25608825683594
AAPL,146.7100067,138.24905395507812
V,274.489990234375,270.4278259277344
AMZN,140.63999938964844,142.80731201171875
MSFT,247.25,241.5530242919922
AAPL,208.13999938964844,206.07252502441406
AAPL,196.94000244140625,194.1941680908203
MSFT,257.8900146484375,259.2922058105469
MSFT,249.07000732421875,244.35511779785156
XOM,101.5500030517578,103.1736831665039
JPM,151.75999450683594,153.945068359375
AAPL,149.6199951,151.4124755859375
GOOG,135.2209930419922,136.06903076171875
JPM,147.9199981689453,144.86166381835938
AAPL,193.9700012,177.2264862060547
V,261.1400146484375,254.78334045410156
AMZN,115.1500015258789,119.08975219726562
PFE,38.59999847412109,39.78278732299805
AAPL,180.3300018,177.37791442871094
XOM,101.7300033569336,105.36131286621094
TSLA,197.5800018310547,191.48085021972656
XOM,114.58000183105467,114.08258056640625
TSLA,122.4000015258789,123.13507080078125
JPM,174.25999450683594,175.24644470214844
NVDA,26.46299934387207,26.949888229370117
NVDA,87.41500091552734,84.8859634399414
AAPL,165.3500061,143.6827850341797
AAPL,177.8200073,165.52317810058594
GOOG,109.31300354003906,106.74996948242188
AAPL,150.4400024,157.6229248046875
JPM,148.6999969482422,151.64990234375
GOOG,143.7740020751953,145.14596557617188
V,210.8000030517578,210.98468017578125
AMZN,162.4949951171875,156.38685607910156
PFE,38.790000915527344,38.2795524597168
PFE,54.5099983215332,52.74490737915039
GOOG,189.6999969482422,195.56436157226562
GOOG,115.4355010986328,116.13280487060547
NVDA,122.66999816894533,127.79814910888672
MSFT,417.1099853515625,420.011474609375
GOOG,115.04000091552734,110.94668579101562
JPM,216.6300048828125,215.15171813964844
AMZN,126.41999816894533,134.0348358154297
MSFT,450.9500122070313,440.63787841796875
AAPL,168.22000122070312,169.92864990234375
AAPL,162.5099945,160.0464324951172
NVDA,26.452999114990234,25.907304763793945
V,218.47000122070312,219.41659545898438
PFE,36.04999923706055,37.99367141723633
MSFT,443.3299865722656,438.65771484375
JPM,138.25,136.16510009765625
NVDA,46.24100112915039,45.36186981201172
PFE,51.63999938964844,42.6207275390625
PFE,49.040000915527344,47.9640007019043
XOM,72.16999816894531,71.13817596435547
AMZN,102.73999786376952,100.19945526123047
TSLA,123.18000030517578,115.28478240966797
XOM,107.25,105.95612335205078
AMZN,164.58050537109375,159.29251098632812
GOOG,121.49449920654295,120.40210723876953
XOM,55.04999923706055,56.56391525268555
V,223.3800048828125,222.5096893310547
AAPL,120.0899963,116.50724029541016
GOOG,178.02000427246094,174.1754150390625
XOM,54.52000045776367,54.556495666503906
JPM,154.25,154.66986083984375
MSFT,262.5199890136719,263.9012145996094
XOM,63.61000061035156,58.00571060180664
JPM,176.02999877929688,177.1234588623047
V,228.1499938964844,231.73106384277344
NVDA,15.468000411987305,15.757325172424316
TSLA,184.8600006103516,191.17250061035156
NVDA,19.040000915527344,20.786252975463867
AAPL,165.83999633789062,166.46812438964844
AAPL,126.2699966,131.031494140625
NVDA,13.025250434875488,11.845829010009766
GOOG,144.8385009765625,146.33985900878906
PFE,36.68000030517578,35.57707977294922
V,290.3699951171875,285.0931396484375
MSFT,234.5500030517578,233.7018280029297
AMZN,129.4600067138672,122.5794906616211
AAPL,132.0299988,132.66566467285156
PFE,36.060001373291016,36.279876708984375
MSFT,274.0299987792969,275.0175476074219
NVDA,23.43600082397461,24.966304779052734
TSLA,172.0800018310547,169.95863342285156
V,227.33999633789065,230.54515075683594
AAPL,126.9000015,125.12499237060547
PFE,28.63999938964844,27.513648986816406
AMZN,186.88999938964844,187.2238006591797
JPM,183.07000732421875,181.38185119628906
NVDA,23.66399955749512,25.501989364624023
V,243.3099975585937,243.82887268066406
AAPL,128.9100037,133.84576416015625
TSLA,222.6866607666016,218.30592346191406
PFE,50.91999816894531,49.092384338378906
JPM,151.1199951171875,150.1700897216797
GOOG,120.12550354003906,123.00909423828125
TSLA,167.97999572753906,171.5520477294922
TSLA,180.7400054931641,189.8869171142578
GOOG,175.42999267578125,169.38914489746094
V,247.22000122070312,250.1417236328125
PFE,49.209999084472656,48.05333709716797
GOOG,102.97000122070312,95.78871154785156
V,221.0200042724609,220.04031372070312
GOOG,183.6000061035156,179.8990020751953
AMZN,164.95899963378906,166.48965454101562
GOOG,142.1699981689453,145.94876098632812
JPM,155.08999633789062,148.61817932128906
NVDA,18.525999069213867,18.06874656677246
AAPL,149.2400055,137.99171447753906
AAPL,226.9600067138672,223.7171173095703
TSLA,144.67999267578125,153.55032348632812
MSFT,252.6699981689453,263.87860107421875
PFE,53.040000915527344,55.78087615966797
GOOG,115.02050018310548,120.3022689819336
PFE,40.810001373291016,40.49714660644531
XOM,62.75,63.90203094482422
NVDA,140.52000427246094,141.39926147460938
TSLA,290.2533264160156,298.9149475097656
PFE,28.65999984741211,24.844928741455078
AMZN,153.4199981689453,154.98806762695312
MSFT,449.7799987792969,440.3657531738281
GOOG,113.08399963378906,112.24390411376953
GOOG,102.7770004272461,113.1916732788086
GOOG,173.69000244140625,159.23178100585938
AAPL,230.759994506836,219.03147888183594
TSLA,430.6000061035156,408.4100036621094
AAPL,135.3500061,139.2644805908203
XOM,100.12000274658205,96.81981658935547
V,193.5800018310547,195.2592315673828
TSLA,390.6666564941406,405.7178649902344
GOOG,142.64450073242188,147.61175537109375
NVDA,22.69799995422364,22.51567840576172
AAPL,149.2599945,159.346923828125
PFE,45.45000076293945,45.338443756103516
NVDA,90.3560028076172,92.56916809082031
PFE,29.489999771118164,27.28097152709961
V,200.4199981689453,197.27352905273438
XOM,116.83000183105467,116.65536499023438
NVDA,25.066999435424805,25.542917251586914
XOM,113.41999816894533,114.50057983398438
MSFT,243.0800018310547,244.216064453125
NVDA,48.0880012512207,50.00572967529297
AMZN,102.51000213623048,100.97242736816406
AMZN,134.9499969482422,127.76253509521484
MSFT,337.2200012207031,321.0421142578125
V,211.3300018310547,219.1114959716797
TSLA,287.8066711425781,281.5838928222656
JPM,211.08999633789065,207.0258026123047
GOOG,138.406005859375,134.92269897460938
AMZN,114.98999786376952,112.06610870361328
XOM,54.04999923706055,57.187618255615234
NVDA,20.27400016784668,17.341228485107422
AAPL,119.9899979,124.20262908935547
V,223.3000030517578,228.5970001220703
AMZN,143.5500030517578,144.05982971191406
NVDA,22.96500015258789,24.071847915649414
NVDA,20.742000579833984,18.489871978759766
GOOG,91.77999877929688,93.53522491455078
AAPL,142.1600037,142.02565002441406
GOOG,156.5,150.21221923828125
XOM,113.0199966430664,112.10444641113281
MSFT,265.2699890136719,262.6988525390625
TSLA,276.0400085449219,263.2833557128906
GOOG,111.2375030517578,112.6165542602539
V,275.5799865722656,277.6194152832031
AAPL,150.8699951,149.5380859375
PFE,46.84000015258789,47.66517639160156
MSFT,322.2300109863281,327.3853454589844
JPM,168.44000244140625,160.1251220703125
GOOG,118.12950134277344,119.25936889648438
GOOG,94.6500015258789,95.46836853027344
PFE,27.43000030517578,28.688140869140625
PFE,52.88999938964844,54.31033706665039
AAPL,249.7899932861328,246.78125
V,220.0500030517578,222.43234252929688
AMZN,179.99600219726562,181.9580535888672
AAPL,141.8600006,146.61569213867188
MSFT,355.0799865722656,342.5522155761719
GOOG,146.00250244140625,146.517822265625
AMZN,194.4900054931641,197.86062622070312
AMZN,180.8000030517578,191.8098907470703
NVDA,14.26574993133545,15.704090118408203
NVDA,44.04100036621094,38.48749542236328
PFE,48.90999984741211,48.109954833984375
XOM,46.900001525878906,48.500213623046875
JPM,136.74000549316406,138.18777465820312
MSFT,249.009994506836,251.27999877929688
AMZN,106.20999908447266,108.6945571899414
AAPL,169.6699981689453,168.46119689941406
JPM,165.66000366210938,161.59072875976562
NVDA,14.859000205993652,17.998661041259766
XOM,63.08000183105469,64.2392807006836
NVDA,86.0009994506836,83.06761169433594
MSFT,409.4400024414063,419.2926330566406
V,221.42999267578125,218.5395965576172
V,242.2100067138672,246.5313262939453
NVDA,139.30999755859375,137.61668395996094
AAPL,170.3300018,165.6610565185547
V,205.1999969482422,204.4652862548828
TSLA,177.2899932861328,174.62738037109375
TSLA,248.97999572753903,256.1232604980469
JPM,210.92999267578125,211.7676239013672
TSLA,273.5799865722656,256.6833801269531
AMZN,187.97000122070312,184.5832061767578
NVDA,103.7300033569336,108.73158264160156
NVDA,12.468250274658203,16.196643829345703
PFE,27.64999961853028,27.256948471069336
PFE,29.96999931335449,30.470714569091797
JPM,245.02999877929688,242.16192626953125
JPM,200.3000030517578,197.71511840820312
AAPL,163.7599945,161.94937133789062
TSLA,123.55999755859376,125.4365234375
GOOG,172.97999572753906,169.51954650878906
V,212.4600067138672,212.89862060546875
TSLA,193.759994506836,197.44802856445312
XOM,112.9499969482422,110.03042602539062
AMZN,124.62999725341795,122.1145248413086
XOM,107.77999877929688,108.21743774414062
JPM,132.16000366210938,134.28173828125
PFE,54.33000183105469,56.4462890625
AMZN,177.58999633789062,172.27099609375
NVDA,19.905000686645508,19.057029724121094
TSLA,180.4499969482422,185.96389770507812
MSFT,335.94000244140625,335.2427673339844
JPM,157.57000732421875,160.9241943359375
V,209.25,196.74891662597656
TSLA,360.6400146484375,390.5451965332031
AMZN,125.9800033569336,131.35357666015625
GOOG,157.66000366210938,157.20123291015625
GOOG,115.4800033569336,116.73590087890625
JPM,156.6999969482422,159.5018310546875
AMZN,135.07000732421875,134.42874145507812
AMZN,164.77349853515625,165.26199340820312
PFE,29.920000076293945,28.72354507446289
MSFT,420.1799926757813,401.4677429199219
AAPL,172.0700073,182.61997985839844
AAPL,146.8300018,147.51475524902344
AAPL,185.58999633789065,194.1531524658203
AMZN,144.52000427246094,152.70693969726562
XOM,120.01000213623048,118.97172546386719
JPM,199.0599975585937,194.04412841796875
TSLA,251.44000244140625,270.6397705078125
XOM,116.5199966430664,116.6737289428711
AAPL,119.9800034,134.5296173095703
MSFT,406.6600036621094,421.2020568847656
TSLA,331.8833312988281,342.0928039550781
V,208.97000122070312,209.34365844726562
PFE,38.4900016784668,39.08433151245117
GOOG,142.72000122070312,141.7701416015625
PFE,28.89999961853028,29.30498504638672
PFE,27.700000762939453,27.745269775390625
GOOG,139.01699829101562,142.792236328125
XOM,85.36000061035156,84.25935363769531
NVDA,44.869998931884766,44.65354537963867
XOM,54.09000015258789,55.825992584228516
XOM,99.9800033569336,104.00981903076172
GOOG,116.70149993896484,112.1643295288086
XOM,115.68000030517578,114.23409271240234
AMZN,93.9499969482422,94.51437377929688
MSFT,424.5700073242188,420.2649230957031
MSFT,369.1400146484375,365.593505859375
AAPL,161.5099945,152.6188201904297
AMZN,207.88999938964844,201.9353485107422
V,273.6600036621094,274.1005859375
AAPL,157.2200012,159.91432189941406
MSFT,376.0400085449219,366.008056640625
GOOG,126.45500183105467,124.26225280761719
V,216.4499969482422,215.28976440429688
XOM,117.68000030517578,115.51458740234375
V,182.6199951171875,184.56396484375
AAPL,127.1299973,134.83656311035156
AAPL,145.3099976,164.25054931640625
AAPL,170.6900024,167.46058654785156
V,206.009994506836,205.21730041503906
PFE,40.34000015258789,40.24433898925781
NVDA,62.46500015258789,65.75940704345703
AAPL,221.72000122070312,217.19200134277344
XOM,54.38999938964844,55.46665954589844
JPM,128.6699981689453,132.0823516845703
NVDA,11.967000007629396,10.20080280303955
MSFT,282.29998779296875,282.1177062988281
MSFT,239.82000732421875,236.16702270507812
XOM,106.41999816894533,106.50853729248047
NVDA,117.0,123.85625457763672
MSFT,417.4599914550781,422.5379333496094
JPM,206.6000061035156,210.1292266845703
AAPL,153.8500061,171.9313507080078
MSFT,304.79998779296875,309.1465759277344
PFE,29.200000762939453,27.661170959472656
MSFT,249.3099975585937,254.60400390625
V,271.8399963378906,276.8083190917969
JPM,212.8000030517578,213.45391845703125
NVDA,11.887999534606934,15.120894432067871
TSLA,290.42333984375,288.05682373046875
V,240.57000732421875,235.0882110595703
AMZN,151.3699951171875,148.10946655273438
XOM,61.54999923706055,59.460853576660156
JPM,108.0,115.66328430175781
PFE,53.0099983215332,46.24158477783203
XOM,119.30999755859376,118.22010040283203
XOM,96.5,96.55955505371094
NVDA,38.5099983215332,38.96067428588867
XOM,96.93000030517578,95.91034698486328
MSFT,243.6999969482422,245.38478088378906
V,204.2899932861328,202.13186645507812
AAPL,172.2599945,169.29981994628906
V,228.0,219.3905029296875
V,230.2100067138672,228.15509033203125
GOOG,166.3800048828125,167.5018310546875
JPM,163.77999877929688,161.97067260742188
AMZN,125.9800033569336,126.16534423828125
PFE,30.540000915527344,31.31155776977539
NVDA,73.9000015258789,71.29112243652344
XOM,118.16999816894533,117.55322265625
NVDA,18.31999969482422,21.85022735595703
PFE,49.7400016784668,47.86983871459961
MSFT,334.6499938964844,333.009521484375
V,234.44000244140625,233.10142517089844
MSFT,266.2099914550781,264.0338134765625
TSLA,184.759994506836,179.59735107421875
XOM,98.58000183105467,98.15614318847656
GOOG,173.88999938964844,180.428955078125
NVDA,14.243000030517578,13.63302993774414
PFE,26.65999984741211,28.041866302490234
GOOG,95.06749725341795,94.49849700927734
AAPL,151.0299988,150.67025756835938
MSFT,292.7099914550781,280.5151672363281
GOOG,102.21800231933594,104.32990264892578
MSFT,259.5299987792969,257.8596496582031
PFE,42.86000061035156,44.73390197753906
JPM,143.00999450683594,140.97421264648438
V,283.760009765625,285.17181396484375
NVDA,17.594999313354492,14.915559768676758
V,225.5599975585937,218.5159454345703
NVDA,17.85099983215332,18.413616180419922
NVDA,128.1999969482422,129.1669464111328
V,219.009994506836,223.3909912109375
NVDA,16.270000457763672,17.000194549560547
MSFT,266.82000732421875,262.00201416015625
AMZN,138.1199951171875,136.7180938720703
XOM,106.4800033569336,106.78018951416016
V,231.6300048828125,229.8185577392578
AAPL,148.7599945,150.2635040283203
TSLA,123.22000122070312,122.6868667602539
V,219.1100006103516,218.4681396484375
GOOG,106.05999755859376,105.75376892089844
NVDA,15.208999633789062,13.844027519226074
GOOG,129.66050720214844,127.0505599975586
XOM,108.4000015258789,107.89955139160156
MSFT,242.82000732421875,245.54544067382812
XOM,116.01000213623048,109.06475067138672
AAPL,121.3899994,120.67442321777344
JPM,128.52000427246094,130.0396728515625
TSLA,261.8299865722656,263.00616455078125
JPM,174.5,174.16409301757812
AMZN,127.11000061035156,126.7177734375
MSFT,441.05999755859375,433.0164489746094
GOOG,164.52999877929688,169.0291748046875
TSLA,250.97332763671875,242.7190399169922
GOOG,143.94000244140625,146.55992126464844
MSFT,408.4599914550781,401.58978271484375
JPM,165.52000427246094,164.21461486816406
V,217.6300048828125,220.33815002441406
XOM,62.45000076293945,62.811153411865234
MSFT,282.0599975585937,284.9192810058594
MSFT,254.1499938964844,258.01806640625
XOM,115.0199966430664,113.01251220703125
TSLA,226.77999877929688,225.0414276123047
NVDA,145.13999938964844,148.27818298339844
AMZN,152.60150146484375,152.33245849609375
TSLA,169.91000366210938,179.09112548828125
JPM,145.44000244140625,142.8619842529297
XOM,55.56999969482422,56.8318977355957
AAPL,150.4299927,152.12669372558594
NVDA,130.77999877929688,133.37216186523438
XOM,62.59000015258789,62.91607666015625
MSFT,265.0199890136719,266.1577453613281
AAPL,233.6699981689453,233.90087890625
JPM,165.36000061035156,165.84918212890625
GOOG,101.20850372314452,103.517333984375
MSFT,263.6199951171875,263.13720703125
AAPL,147.9199982,138.22897338867188
GOOG,108.23999786376952,107.47876739501953
GOOG,178.77999877929688,180.5759735107422
GOOG,107.94000244140624,107.6759033203125
GOOG,138.5800018310547,145.95291137695312
TSLA,242.83999633789065,265.8021545410156
TSLA,196.6300048828125,204.4114990234375
AAPL,191.0399932861328,195.203125
NVDA,116.13999938964844,117.29358673095703
PFE,40.09999847412109,41.15545654296875
AAPL,197.57000732421875,195.95156860351562
PFE,50.18000030517578,53.116180419921875
TSLA,199.72999572753903,204.92398071289062
GOOG,102.75150299072266,100.9623794555664
PFE,42.79999923706055,39.52668762207031
JPM,166.5500030517578,163.62513732910156
MSFT,262.6300048828125,258.91668701171875
V,204.72999572753903,212.32241821289062
XOM,94.06999969482422,89.7691421508789
XOM,109.52999877929688,109.64704132080078
MSFT,319.9100036621094,322.4635314941406
XOM,117.58000183105467,116.70986938476562
MSFT,426.7300109863281,440.0556945800781
GOOG,123.44000244140624,126.5009536743164
V,200.8600006103516,199.235595703125
AAPL,195.6100006,169.0115203857422
AAPL,192.32000732421875,186.5396728515625
AMZN,170.072998046875,169.5377655029297
NVDA,15.679499626159668,14.789568901062012
V,214.5200042724609,214.60562133789062
TSLA,336.260009765625,318.8733825683594
XOM,56.97999954223633,60.976924896240234
AMZN,192.52999877929688,187.638671875
MSFT,251.72000122070312,250.96145629882812
AAPL,150.1699982,138.11044311523438
AAPL,214.2400054931641,209.31935119628906
TSLA,180.5399932861328,186.51219177246094
GOOG,126.35199737548828,128.50120544433594
PFE,49.02000045776367,46.45702362060547
MSFT,406.55999755859375,411.20025634765625
TSLA,197.4199981689453,198.460205078125
MSFT,301.8299865722656,294.52337646484375
JPM,118.16000366210938,119.50172424316406
GOOG,95.1500015258789,100.43570709228516
PFE,48.58000183105469,49.24565887451172
TSLA,310.8566589355469,317.8052673339844
NVDA,22.972999572753903,21.463029861450195
XOM,78.9800033569336,77.96669006347656
XOM,112.08000183105467,108.4682388305664
XOM,86.80999755859375,88.94554138183594
GOOG,140.05599975585938,136.37948608398438
V,231.27999877929688,228.28585815429688
NVDA,43.025001525878906,47.48664093017578
V,193.5200042724609,196.55426025390625
TSLA,239.47666931152344,226.99989318847656
MSFT,375.2799987792969,387.5385437011719
PFE,26.57999992370605,27.747041702270508
AAPL,222.91000366210932,225.24551391601562
TSLA,238.2100067138672,247.62075805664062
XOM,55.5,54.865631103515625
GOOG,141.4635009765625,143.56805419921875
TSLA,211.8733367919922,201.0133819580078
NVDA,54.34999847412109,55.77577209472656
JPM,134.2100067138672,131.4368438720703
XOM,118.7300033569336,118.34368896484375
PFE,28.51000022888184,29.634811401367188
AMZN,98.1500015258789,100.55615997314453
AMZN,193.9600067138672,186.67437744140625
GOOG,131.36000061035156,137.8074951171875
NVDA,13.19124984741211,13.807299613952637
JPM,139.77999877929688,141.3661346435547
AMZN,128.36000061035156,129.10186767578125
TSLA,257.54998779296875,253.5717315673828
AMZN,167.04400634765625,174.3575439453125
MSFT,254.0800018310547,258.20867919921875
JPM,147.3699951171875,148.2124786376953
GOOG,95.44000244140624,98.91416931152344
V,198.63999938964844,199.18490600585938
MSFT,328.3900146484375,330.3868408203125
AAPL,133.6999969,136.9868927001953
AMZN,171.9600067138672,173.4399871826172
V,212.1100006103516,215.99044799804688
AMZN,180.3800048828125,178.44113159179688
MSFT,293.0799865722656,301.3784484863281
NVDA,127.72000122070312,127.05387115478516
TSLA,242.67999267578125,245.09799194335938
XOM,113.91999816894533,113.1155776977539
MSFT,289.4599914550781,285.8155822753906
V,207.22999572753903,199.79054260253906
JPM,191.8600006103516,194.5244903564453
TSLA,194.0500030517578,171.07847595214844
V,268.45001220703125,258.37451171875
NVDA,12.989749908447266,16.464942932128906
PFE,48.34000015258789,48.167213439941406
MSFT,273.7799987792969,270.08734130859375
PFE,29.100000381469727,32.08521270751953
JPM,185.2899932861328,188.58290100097656
AAPL,174.7200012,172.98915100097656
XOM,107.73999786376952,102.7728271484375
MSFT,272.1700134277344,273.5776672363281
PFE,44.18999862670898,42.67436599731445
GOOG,155.8699951171875,150.52365112304688
AMZN,97.12000274658205,97.88178253173828
NVDA,20.93899917602539,19.923561096191406
AAPL,237.3300018310547,233.85369873046875
AMZN,159.48899841308594,161.63563537597656
NVDA,27.60400009155273,29.874683380126953
TSLA,238.58999633789065,228.8128662109375
TSLA,250.0,242.5288543701172
JPM,209.97999572753903,209.67259216308594
V,235.92999267578125,236.9658966064453
V,278.44000244140625,281.388427734375
NVDA,16.527000427246094,16.29505729675293
JPM,170.22000122070312,169.72515869140625
XOM,57.20000076293945,57.897220611572266
AMZN,139.41000366210938,143.6602783203125
NVDA,46.095001220703125,43.04816436767578
XOM,104.58999633789062,101.21134185791016
MSFT,395.1499938964844,380.6576232910156
TSLA,181.57000732421875,186.54522705078125
JPM,166.9600067138672,163.70468139648438
AMZN,173.16000366210938,170.960205078125
MSFT,285.760009765625,280.1581115722656
XOM,85.12999725341797,86.72740173339844
PFE,50.650001525878906,52.012733459472656
AAPL,130.9199982,133.78634643554688
JPM,210.0500030517578,210.407470703125
TSLA,279.82000732421875,274.59893798828125
TSLA,222.9600067138672,230.87083435058594
XOM,107.04000091552734,101.40729522705078
MSFT,370.2699890136719,371.7076110839844
XOM,108.70999908447266,109.3857421875
AMZN,135.2899932861328,139.2457733154297
GOOG,160.5399932861328,163.46861267089844
GOOG,168.33999633789062,165.95620727539062
AAPL,225.91000366210932,227.20327758789062
NVDA,146.27000427246094,147.20530700683594
MSFT,250.66000366210932,231.7662811279297
V,210.47000122070312,206.59756469726562
AMZN,221.3000030517578,221.2860107421875
JPM,147.4199981689453,147.73721313476562
AAPL,174.5500031,178.10482788085938
NVDA,13.128000259399414,17.184093475341797
GOOG,142.4149932861328,144.96963500976562
GOOG,136.27999877929688,136.0343475341797
JPM,150.61000061035156,152.7229766845703
TSLA,338.5899963378906,329.1317138671875
XOM,114.77999877929688,117.20587921142578
NVDA,43.93999862670898,45.76218795776367
MSFT,409.1400146484375,403.2098388671875
MSFT,346.8699951171875,354.23199462890625
JPM,190.509994506836,194.35899353027344
GOOG,105.20549774169922,104.27005004882812
AAPL,146.6300049,134.05831909179688
PFE,59.47999954223633,63.393714904785156
PFE,27.549999237060547,28.99945068359375
AAPL,170.3999939,151.2776336669922
JPM,151.42999267578125,154.61135864257812
PFE,28.450000762939453,28.61208724975586
AMZN,122.27999877929688,120.96814727783203
AMZN,160.30999755859375,164.64157104492188
MSFT,317.010009765625,324.57342529296875
NVDA,12.895999908447266,12.267247200012207
V,211.1100006103516,212.37466430664062
GOOG,148.67999267578125,152.52931213378906
MSFT,423.0299987792969,425.3553771972656
NVDA,16.764999389648438,17.45262336730957
V,242.6999969482422,251.43968200683594
AAPL,216.6699981689453,215.78501892089844
MSFT,453.5499877929688,435.5877685546875
GOOG,137.65350341796875,136.5544891357422
AAPL,194.67999267578125,195.03594970703125
TSLA,149.92999267578125,155.40362548828125
GOOG,137.8784942626953,136.82081604003906
NVDA,31.674999237060547,31.15737533569336
JPM,137.5800018310547,135.84971618652344
AMZN,102.11000061035156,108.01016998291016
NVDA,15.76200008392334,16.105178833007812
TSLA,229.0666656494141,228.8882598876953
V,254.22999572753903,253.35797119140625
PFE,49.4900016784668,48.56248092651367
AMZN,186.509994506836,179.35301208496094
PFE,28.1299991607666,29.869895935058594
MSFT,425.4299926757813,410.51275634765625
AMZN,121.2300033569336,123.61055755615234
V,276.7200012207031,272.6884765625
PFE,43.09000015258789,43.62643814086914
NVDA,20.698999404907227,21.15636444091797
PFE,42.02999877929688,41.66643142700195
JPM,140.72999572753906,141.3567352294922
NVDA,19.20549964904785,18.125577926635742
TSLA,172.97999572753906,162.90284729003906
AMZN,142.10000610351562,141.08663940429688
MSFT,276.20001220703125,271.99237060546875
GOOG,115.12000274658205,117.24132537841797
AMZN,160.1540069580078,163.7670440673828
V,259.69000244140625,260.1498718261719
AAPL,146.9499969,130.65919494628906
TSLA,157.11000061035156,162.2485809326172
PFE,44.58000183105469,45.06745147705078
XOM,106.4000015258789,104.89865112304688
GOOG,134.6999969482422,132.1245880126953
GOOG,111.42749786376952,113.92445373535156
AMZN,139.98599243164062,144.2871856689453
V,233.82000732421875,235.31883239746094
AMZN,166.77749633789062,171.170654296875
AMZN,186.41000366210932,183.15895080566406
MSFT,261.5,257.8031005859375
MSFT,288.3299865722656,282.1866760253906
V,219.75,222.98753356933594
PFE,39.810001373291016,39.72557067871094
XOM,83.9800033569336,84.03385925292969
PFE,29.26000022888184,30.975772857666016
AMZN,182.1499938964844,183.14059448242188
XOM,73.08000183105469,71.94344329833984
PFE,39.63999938964844,38.031707763671875
PFE,48.650001525878906,48.0751838684082
PFE,28.63999938964844,29.65380859375
GOOG,103.43150329589844,110.71958923339844
AAPL,137.3899994,124.70735931396484
NVDA,91.3560028076172,86.1755599975586
JPM,160.8300018310547,159.13055419921875
JPM,205.8000030517578,207.41299438476562
V,214.75,221.19741821289062
AAPL,155.3500061,156.4548797607422
MSFT,224.33999633789065,220.21615600585938
NVDA,13.365750312805176,13.3305082321167
V,209.13999938964844,215.37069702148438
GOOG,131.42999267578125,133.9371337890625
GOOG,117.91999816894533,114.03925323486328
XOM,120.08000183105467,117.87889099121094
NVDA,43.516998291015625,41.74755859375
AMZN,148.83999633789062,149.54637145996094
AMZN,159.52450561523438,160.2891387939453
NVDA,92.66899871826172,86.19046020507812
AAPL,185.8500061035156,186.65402221679688
JPM,141.1699981689453,129.53765869140625
V,209.1000061035156,207.39669799804688
XOM,110.08999633789062,111.0576171875
XOM,58.2599983215332,59.5543212890625
AMZN,183.1499938964844,182.33148193359375
TSLA,245.2400054931641,247.4634246826172
XOM,77.22000122070312,82.4679946899414
JPM,191.7400054931641,195.03028869628906
MSFT,239.22999572753903,231.9874267578125
NVDA,120.91000366210938,130.23414611816406
JPM,132.16000366210938,131.466552734375
JPM,133.64999389648438,133.07070922851562
JPM,170.83999633789062,171.37139892578125
GOOG,158.3699951171875,156.2831268310547
AAPL,167.6600037,159.35305786132812
AMZN,160.9324951171875,162.57537841796875
TSLA,325.7333374023437,325.13226318359375
AAPL,179.2100067,169.9457244873047
NVDA,22.691999435424805,25.884597778320312
JPM,142.32000732421875,142.921142578125
MSFT,416.8599853515625,423.35821533203125
AMZN,151.39950561523438,159.73651123046875
AAPL,145.9299927,142.0131072998047
JPM,138.9199981689453,137.87648010253906
V,238.07000732421875,238.78054809570312
V,275.95001220703125,280.527587890625
TSLA,263.9800109863281,263.0849609375
GOOG,116.62249755859376,113.0978012084961
XOM,108.16000366210938,110.17955780029297
PFE,45.060001373291016,45.26418685913086
V,211.0200042724609,213.0201416015625
GOOG,172.97999572753906,167.4146728515625
PFE,43.209999084472656,45.45514678955078
JPM,244.82000732421875,248.67649841308594
MSFT,410.6000061035156,414.0605773925781
JPM,157.97000122070312,153.34393310546875
AAPL,149.0299988,147.38137817382812
JPM,128.49000549316406,127.1803207397461
TSLA,240.5,242.0485382080078
XOM,73.2699966430664,69.90231323242188
NVDA,15.612000465393066,15.992639541625977
V,231.32000732421875,232.96112060546875
PFE,52.209999084472656,50.698883056640625
NVDA,137.00999450683594,140.77906799316406
GOOG,105.12000274658205,106.23753356933594
AAPL,164.7700043,134.69229125976562
JPM,131.86000061035156,129.41262817382812
V,220.3300018310547,224.948486328125
JPM,111.19000244140624,110.70506286621094
AMZN,133.08999633789062,132.52609252929688
XOM,106.33999633789062,111.39594268798828
NVDA,15.093999862670898,15.011643409729004
TSLA,352.7066650390625,342.8590087890625
GOOG,190.1499938964844,197.05084228515625
GOOG,116.87000274658205,119.34917449951172
PFE,43.970001220703125,43.374786376953125
AMZN,189.07000732421875,187.32479858398438
TSLA,479.8599853515625,434.1343994140625
TSLA,216.86666870117188,222.0756378173828
NVDA,27.999000549316406,24.36114501953125
GOOG,112.739501953125,113.25523376464844
MSFT,231.32000732421875,234.51309204101562
GOOG,143.6425018310547,141.42686462402344
AMZN,181.0500030517578,183.90277099609375
V,217.38999938964844,219.51551818847656
MSFT,241.97000122070312,244.698974609375
AMZN,169.2010040283203,166.06732177734375
TSLA,235.91000366210932,235.86767578125
MSFT,407.7200012207031,405.2011413574219
AMZN,142.57000732421875,140.7468719482422
MSFT,426.5899963378906,432.2402038574219
AAPL,153.8399963,155.79647827148438
AAPL,228.67999267578125,223.32106018066406
V,201.8500061035156,204.4452362060547
JPM,153.5399932861328,152.0818328857422
GOOG,141.8000030517578,149.7259063720703
AAPL,161.0200043,163.3624267578125
GOOG,109.37249755859376,113.20549774169922
JPM,131.4499969482422,132.92324829101562
MSFT,417.0,417.5006103515625
GOOG,135.3699951171875,139.66619873046875
AAPL,171.1399994,166.92922973632812
JPM,155.08999633789062,155.1915283203125
AMZN,129.17999267578125,127.84843444824219
AMZN,226.08999633789065,231.97280883789062
XOM,55.81999969482422,53.41670227050781
PFE,38.88999938964844,38.721588134765625
AAPL,140.4199982,157.3975830078125
TSLA,249.8300018310547,239.99537658691406
AAPL,157.3999939,156.22103881835938
TSLA,281.6666564941406,275.6099853515625
JPM,137.97999572753906,139.01947021484375
AMZN,129.7899932861328,131.2799835205078
XOM,54.58000183105469,56.525150299072266
GOOG,138.0800018310547,137.72445678710938
TSLA,244.9199981689453,238.759765625
JPM,123.33999633789062,129.8511505126953
MSFT,243.7700042724609,237.86659240722656
NVDA,27.246999740600582,25.145397186279297
GOOG,139.27999877929688,135.7785186767578
PFE,27.18000030517578,28.326194763183594
AMZN,184.99099731445312,177.49581909179688
JPM,137.4199981689453,138.93067932128906
PFE,33.900001525878906,33.314186096191406
TSLA,364.6466674804688,352.1204833984375
V,217.0,217.40330505371094
AAPL,181.1199951,193.77615356445312
TSLA,341.8299865722656,344.77996826171875
V,199.22999572753903,202.5106201171875
JPM,126.83999633789062,127.73594665527344
GOOG,165.2899932861328,167.92311096191406
XOM,102.12999725341795,105.22343444824219
TSLA,162.5,175.1208038330078
MSFT,323.70001220703125,324.60009765625
GOOG,165.8000030517578,160.61912536621094
XOM,120.5500030517578,121.6549301147461
JPM,193.27999877929688,193.88876342773438
MSFT,242.97999572753903,236.76673889160156
XOM,116.98999786376952,116.2921142578125
JPM,221.4900054931641,233.07052612304688
GOOG,104.9000015258789,108.32798767089844
NVDA,16.974000930786133,11.738446235656738
JPM,133.33999633789062,136.3251190185547
AMZN,94.12999725341795,93.44219207763672
AAPL,170.2100067,170.88531494140625
V,314.739990234375,318.7731628417969
JPM,142.02000427246094,140.43600463867188
JPM,154.08999633789062,158.98968505859375
AAPL,148.0299988,163.75645446777344
V,256.67999267578125,257.4621276855469
AMZN,224.9199981689453,224.01986694335938
GOOG,104.7584991455078,103.18061065673828
JPM,141.0,140.182373046875
MSFT,363.2000122070313,358.8822326660156
AMZN,210.0500030517578,208.86399841308594
JPM,157.99000549316406,158.8314971923828
AAPL,179.3000031,176.4899444580078
NVDA,45.48500061035156,44.81997299194336
PFE,53.41999816894531,52.42577362060547
MSFT,427.8699951171875,429.9809875488281
V,200.97999572753903,207.9833984375
NVDA,24.15699958801269,23.879831314086914
XOM,103.93000030517578,101.08548736572266
PFE,27.56999969482422,28.880271911621094
TSLA,173.7899932861328,170.67828369140625
JPM,195.5800018310547,203.91212463378906
TSLA,214.13999938964844,206.29112243652344
MSFT,414.010009765625,427.01312255859375
GOOG,98.80999755859376,99.33392333984375
AAPL,190.3999938964844,184.88648986816406
GOOG,111.27749633789062,110.3746566772461
V,312.3800048828125,303.8932189941406
AAPL,143.7599945,141.35189819335938
V,268.2099914550781,270.5751953125
TSLA,209.67999267578125,219.5429229736328
XOM,55.15999984741211,53.797752380371094
PFE,58.0099983215332,57.95589828491211
TSLA,246.7899932861328,249.0685272216797
NVDA,20.183000564575195,21.314468383789062
XOM,113.80999755859376,110.8849105834961
AAPL,131.7899933,139.16690063476562
V,211.7700042724609,207.4067840576172
XOM,90.9499969482422,88.75953674316406
TSLA,203.3733367919922,195.77061462402344
XOM,62.58000183105469,62.036338806152344
NVDA,42.31700134277344,41.11669158935547
MSFT,295.0,298.2713317871094
AAPL,124.8499985,126.01278686523438
MSFT,415.5,414.0679626464844
V,283.1700134277344,278.1145935058594
JPM,133.22000122070312,133.07583618164062
AAPL,180.9499969,173.658203125
AMZN,98.70999908447266,99.74153137207031
XOM,82.38999938964844,83.05925750732422
V,246.22999572753903,246.8463897705078
AAPL,174.5599976,146.4452667236328
AAPL,235.8600006103516,232.2376708984375
PFE,30.5,29.214908599853516
AAPL,218.5399932861328,226.9770050048828
NVDA,30.17799949645996,25.223026275634766
AAPL,186.8600006103516,187.64987182617188
JPM,145.0800018310547,147.36305236816406
MSFT,435.2699890136719,431.5393371582031
TSLA,454.1300048828125,424.11883544921875
V,213.75,215.5428466796875
AMZN,137.8300018310547,142.79135131835938
PFE,49.310001373291016,48.94135665893555
NVDA,13.435250282287598,15.589877128601074
MSFT,289.1000061035156,280.4976501464844
JPM,215.19000244140625,211.3588104248047
AMZN,175.39999389648438,179.46771240234375
V,212.1000061035156,211.3561248779297
PFE,33.16999816894531,32.739105224609375
V,275.1700134277344,276.82830810546875
XOM,105.8499984741211,107.53373718261719
JPM,161.05999755859375,163.92227172851562
NVDA,13.665249824523926,13.748414993286133
XOM,110.97000122070312,110.48294830322266
AMZN,115.06999969482422,112.93799591064453
TSLA,226.9199981689453,226.99806213378906
XOM,65.0199966430664,65.11598205566406
V,207.16000366210932,201.53414916992188
V,197.6499938964844,203.35989379882812
XOM,99.11000061035156,104.55389404296875
AMZN,123.43000030517578,126.6448745727539
JPM,239.5599975585937,244.46469116210938
XOM,105.29000091552734,106.7403564453125
PFE,43.7400016784668,43.869117736816406
V,315.3099975585937,303.60302734375
PFE,39.810001373291016,43.54408264160156
V,262.54998779296875,270.47052001953125
XOM,114.73999786376952,110.94087982177734
TSLA,269.9566650390625,274.3895263671875
JPM,149.27000427246094,155.8660430908203
AAPL,188.0800018,176.89732360839844
AMZN,104.9800033569336,107.71340942382812
NVDA,49.52199935913086,51.59145736694336
V,273.7900085449219,270.84033203125
XOM,107.7300033569336,109.15571594238281
JPM,187.8699951171875,188.2490234375
JPM,144.63999938964844,145.7413787841797
PFE,51.77000045776367,48.78754425048828
JPM,153.9199981689453,158.33407592773438
NVDA,124.58000183105467,122.96614837646484
AAPL,172.0700073,175.12786865234375
PFE,39.47999954223633,40.625850677490234
MSFT,359.489990234375,351.7475891113281
V,234.13999938964844,229.43211364746094
V,273.6000061035156,275.5719299316406
XOM,117.26000213623048,113.2538833618164
XOM,104.41999816894533,105.745849609375
JPM,172.02000427246094,173.45277404785156
PFE,39.38999938964844,40.93389129638672
NVDA,16.000999450683594,16.587507247924805
JPM,155.9499969482422,158.51071166992188
GOOG,88.6500015258789,81.5755615234375
PFE,49.06999969482422,48.985904693603516
AMZN,118.01000213623048,110.71297454833984
PFE,30.06999969482422,27.854543685913086
AMZN,141.22999572753906,140.1533660888672
MSFT,406.3200073242188,414.43701171875
TSLA,170.8300018310547,176.18002319335938
XOM,85.25,80.43192291259766
V,266.3999938964844,268.66448974609375
MSFT,336.989990234375,334.4156799316406
TSLA,181.19000244140625,180.1283721923828
XOM,109.11000061035156,107.24663543701172
TSLA,240.4499969482422,238.36984252929688
AMZN,103.62999725341795,102.83075714111328
NVDA,14.612500190734863,16.138046264648438
NVDA,17.81024932861328,17.281951904296875
GOOG,137.17599487304688,140.5029754638672
AMZN,142.64300537109375,153.05311584472656
AMZN,165.4320068359375,167.2038116455078
AMZN,156.2989959716797,156.45957946777344
TSLA,187.91000366210932,188.78457641601562
JPM,206.19000244140625,206.96307373046875
TSLA,341.6199951171875,314.8249206542969
XOM,62.06999969482422,59.93714141845703
TSLA,160.61000061035156,167.06495666503906
NVDA,22.10300064086914,23.783235549926758
AMZN,139.6374969482422,146.35159301757812
V,226.47000122070312,217.8845977783203
MSFT,287.17999267578125,283.3290710449219
JPM,201.509994506836,202.4879608154297
GOOG,126.03299713134766,125.85931396484375
NVDA,15.265250205993652,12.263947486877441
TSLA,352.4200134277344,344.1021728515625
NVDA,17.53499984741211,17.44558334350586
V,226.44000244140625,222.12657165527344
XOM,99.5500030517578,99.5030746459961
XOM,88.86000061035156,86.95687866210938
AAPL,134.3200073,131.43002319335938
NVDA,16.975000381469727,20.435209274291992
AAPL,252.1999969482422,255.81491088867188
MSFT,257.3800048828125,255.0359649658203
V,211.259994506836,220.296875
AMZN,159.03700256347656,154.74966430664062
PFE,36.06999969482422,34.80760955810547
JPM,138.63999938964844,131.40719604492188
AAPL,147.2700043,145.515869140625
AMZN,129.9600067138672,132.5550079345703
V,283.75,276.78228759765625
MSFT,404.5199890136719,418.0124206542969
PFE,40.56999969482422,42.058006286621094
JPM,167.32000732421875,162.36207580566406
TSLA,320.7200012207031,333.6060485839844
GOOG,93.9499969482422,98.74159240722656
JPM,133.61000061035156,132.0301055908203
XOM,119.87999725341795,116.78721618652344
AAPL,171.1300048828125,175.6317596435547
PFE,51.540000915527344,50.54579162597656
V,240.16000366210932,238.0217742919922
NVDA,24.48600006103516,22.513446807861328
NVDA,31.95599937438965,30.286184310913086
MSFT,374.3800048828125,372.53857421875
NVDA,19.902000427246094,19.662742614746094
XOM,93.87000274658205,96.95142364501953
NVDA,49.27899932861328,50.8275260925293
MSFT,242.4499969482422,248.746337890625
GOOG,117.6999969482422,116.4048080444336
PFE,26.709999084472656,26.5087890625
JPM,232.9600067138672,238.2018280029297
GOOG,136.47850036621094,136.88697814941406
AMZN,172.20750427246094,165.41990661621094
JPM,156.83999633789062,156.59043884277344
V,280.489990234375,280.9411926269531
GOOG,104.91000366210938,106.91857147216797
MSFT,224.509994506836,233.95726013183594
AAPL,148.6000061,144.2028350830078
V,279.0199890136719,284.4120788574219
TSLA,161.47999572753906,169.79029846191406
TSLA,463.0199890136719,430.5777282714844
TSLA,421.05999755859375,423.21234130859375
PFE,28.670000076293945,30.849323272705078
V,230.8999938964844,228.0680694580078
AMZN,171.64849853515625,174.19512939453125
XOM,124.83000183105467,120.69808197021484
XOM,107.37000274658205,107.28656005859375
PFE,52.08000183105469,51.809635162353516
NVDA,138.07000732421875,133.3760986328125
AAPL,127.1399994,133.73162841796875
MSFT,328.3399963378906,338.4261474609375
AAPL,174.3300018,161.4236602783203
AMZN,166.03399658203125,165.5703125
JPM,128.88999938964844,134.8021240234375
JPM,155.1199951171875,153.4434814453125
PFE,38.810001373291016,40.601234436035156
NVDA,22.93600082397461,21.553958892822266
MSFT,301.3699951171875,287.45794677734375
AAPL,174.8300018,160.4442901611328
AMZN,165.25,167.34335327148438
AMZN,184.3000030517578,185.69422912597656
MSFT,276.44000244140625,284.4307861328125
NVDA,61.527000427246094,69.02777099609375
XOM,49.52999877929688,52.77756881713867
AMZN,184.759994506836,185.622314453125
GOOG,129.66000366210938,124.33354949951172
TSLA,267.2966613769531,262.5626220703125
XOM,55.90999984741211,53.862239837646484
NVDA,43.499000549316406,46.68631362915039
PFE,39.68999862670898,37.34455490112305
PFE,28.39999961853028,31.119287490844727
NVDA,25.823999404907227,24.8914737701416
JPM,138.39999389648438,137.8763885498047
TSLA,303.9966735839844,296.3813781738281
TSLA,200.83999633789065,200.3683624267578
NVDA,112.27999877929688,112.04112243652344
GOOG,102.45999908447266,102.10101318359375
NVDA,109.20999908447266,111.98775482177734
AAPL,132.3000031,135.21780395507812
MSFT,252.9900054931641,260.5362243652344
TSLA,260.4366760253906,254.51016235351562
MSFT,342.45001220703125,337.225341796875
MSFT,298.7900085449219,294.9792175292969
AAPL,141.5099945,147.4748077392578
MSFT,236.1499938964844,240.0135498046875
V,313.19000244140625,320.948974609375
AMZN,225.0599975585937,215.69102478027344
PFE,26.93000030517578,28.796743392944336
PFE,28.799999237060547,27.789154052734375
MSFT,279.42999267578125,263.8389892578125
JPM,141.25,141.6659698486328
XOM,49.95000076293945,51.3299560546875
TSLA,289.913330078125,291.84893798828125
NVDA,23.11899948120117,22.161062240600586
NVDA,21.38800048828125,22.98307991027832
JPM,191.66000366210932,195.03604125976562
XOM,87.08000183105469,88.04898071289062
XOM,59.29999923706055,56.90159606933594
V,271.3699951171875,271.421630859375
AAPL,127.4499969,132.64822387695312
GOOG,166.35000610351562,163.2468719482422
V,259.1600036621094,258.97283935546875
JPM,152.97000122070312,147.73875427246094
GOOG,113.96099853515624,115.6509017944336
GOOG,99.87000274658205,100.445068359375
PFE,47.91999816894531,49.86936569213867
AMZN,170.41700744628906,171.7392578125
TSLA,207.3000030517578,201.65460205078125
GOOG,147.7100067138672,145.622802734375
V,224.69000244140625,225.34628295898438
TSLA,290.5333251953125,283.9686584472656
AMZN,125.16999816894533,128.99142456054688
GOOG,165.11000061035156,162.46978759765625
XOM,82.7300033569336,81.02823638916016
