Company,True_Price,Predicted_Price
,20.716,18.819717407226562
,189.97,247.120849609375
,48.335,59.849945068359375
,147.92,142.2509307861328
,130.73,182.82989501953125
,137.07,145.029296875
,160.07,164.73277282714844
,244.49,228.636474609375
,363.00333,274.62744140625
,148.36,154.0951385498047
,254.22,234.8922576904297
,186.68,201.1793670654297
,34.69,37.03110885620117
,417.32,268.2955322265625
,18.63875,16.37458038330078
,48.57,209.5034942626953
,169.83,114.61215209960938
,165.84,152.70396423339844
,135.58,123.03263854980469
,77.84,86.91676330566406
,120.4535,123.8260498046875
,237.92,226.6218719482422
,414.2,255.02415466308594
,75.12,82.11747741699219
,313.79,276.1695861816406
,229.0,262.3919982910156
,239.83,250.40628051757812
,281.4,259.06878662109375
,134.72,125.53279876708984
,124.6,139.18624877929688
,117.94,111.56647491455078
,315.08,276.2042541503906
,29.67,32.82067108154297
,126.57,173.50877380371094
,49.69,88.32532501220703
,292.85,169.0243377685547
,49.2,67.29581451416016
,136.02,138.55197143554688
,154.45,175.51145935058594
,171.02,0.0
,238.77,230.34445190429688
,16.519,18.478382110595703
,158.0,163.8511962890625
,230.21,240.89662170410156
,174.15,174.9607696533203
,334.6,83.11637878417969
,232.66333,249.1501007080078
,122.85,138.3189697265625
,153.54,177.0013885498047
,40.8,104.79810333251953
,165.33,151.53053283691406
,48.45,71.23314666748047
,128.91,133.16380310058594
,55.76,63.685813903808594
,208.32,183.2848663330078
,37.83,216.58580017089844
,141.4635,159.83253479003906
,289.16,263.7161560058594
,141.453,113.24691772460938
,259.89,210.85015869140625
,28.35,26.099964141845703
,167.62,54.46238708496094
,114.77,107.1366958618164
,221.47,194.32801818847656
,148.71,186.09378051757812
,142.81,172.33953857421875
,180.97,185.6045684814453
,137.87,132.08909606933594
,187.02,204.42718505859375
,61.31,68.39856719970703
,230.55,194.63241577148438
,141.95,145.4474334716797
,133.98,103.57632446289062
,275.78,274.9150390625
,162.51,178.8462677001953
,176.8,113.25840759277344
,110.8105,110.53895568847656
,318.27,0.0
,171.97,176.47581481933594
,95.59,102.8752670288086
,198.86,246.90487670898438
,23.288,32.67192840576172
,209.95,203.84686279296875
,245.03,255.3409881591797
,43.57,51.41561508178711
,276.01,274.28692626953125
,362.70667,0.0
,136.9135,154.3726806640625
,114.51,119.46727752685547
,86.001,97.47135925292969
,131.74,143.87632751464844
,174.412,162.4630584716797
,374.51,272.2382507324219
,248.55,276.22222900390625
,331.16,159.2902374267578
,228.15,232.84703063964844
,127.61,142.08973693847656
,54.09,57.586307525634766
,225.59,159.65966796875
,136.74,158.7672882080078
,169.3,152.13929748535156
,48.088,53.74713897705078
,40.55,169.6560516357422
,144.87,139.57595825195312
,53.93,135.9320831298828
,127.47,141.23704528808594
,174.79,190.72097778320312
,110.4,146.124755859375
,24.181,19.89712142944336
,27.4,0.0
,114.05,107.03753662109375
,209.21,207.4759521484375
,87.78,88.30119323730469
,232.36,230.7722625732422
,105.52,108.34224700927734
,261.14,275.87347412109375
,141.5,146.92481994628906
,115.18,111.56826782226562
,159.19,186.5376739501953
,144.22,142.936279296875
,345.24,201.64364624023438
,279.43,194.2648468017578
,130.4755,140.7261199951172
,179.03,218.03839111328125
,236.60333,265.19122314453125
,38.93,35.57203674316406
,197.36,214.32667541503906
,97.59,98.24818420410156
,152.65,158.5876922607422
,265.44,275.42889404296875
,29.41,26.855667114257812
,192.58,214.71351623535156
,312.84332,275.6480407714844
,113.5,105.63134765625
,221.72,219.56065368652344
,158.0735,152.02174377441406
,154.07,155.9687042236328
,215.38,177.2803955078125
,234.51,207.36253356933594
,153.72,121.71729278564453
,184.4,188.5323028564453
,245.12,213.87425231933594
,119.17,126.52619934082031
,226.5,215.2509765625
,133.7,122.79393005371094
,44.46,56.21705627441406
,220.05,207.8012237548828
,129.12,129.07086181640625
,42.101,43.21282196044922
,132.89,141.718994140625
,374.66,250.44105529785156
,102.51,91.26220703125
,177.54,189.342529296875
,262.9,272.3365173339844
,194.5,187.357666015625
,167.3415,159.38868713378906
,36.6,34.32139205932617
,442.57,175.6006317138672
,100.44,104.46800994873047
,27.562,24.771228790283203
,311.18,276.1237487792969
,211.25,223.43174743652344
,26.511,24.72321319580078
,237.01,241.7150115966797
,94.59,107.29867553710938
,167.4815,157.66342163085938
,97.6,95.6651382446289
,157.65,201.563232421875
,173.57,208.35655212402344
,108.96,106.67498016357422
,84.09,83.74462127685547
,164.35,118.93341064453125
,202.61,139.365478515625
,131.88,118.0936279296875
,108.37,162.31198120117188
,92.43,92.89188385009766
,94.07,98.74217987060547
,124.08,111.79290771484375
,408.49,265.5142822265625
,151.76,172.07472229003906
,114.137,117.24935150146484
,220.32,210.0335235595703
,327.78,275.1394958496094
,14.06575,14.950082778930664
,389.22,255.32708740234375
,139.09,151.5686798095703
,169.02,79.9239501953125
,172.17,61.904052734375
,159.037,159.48606872558594
,144.78,203.7682647705078
,165.11,148.33026123046875
,233.94,0.0
,197.88,163.6980743408203
,312.31,271.9678649902344
,99.92,80.64205169677734
,146.7045,157.30589294433594
,201.36,176.2577667236328
,169.8,75.54365539550781
,33.91,35.72383117675781
,207.56,139.192626953125
,170.451,152.9090118408203
,13.167,13.571478843688965
,47.42,84.75050354003906
,167.079,163.71371459960938
,226.3,198.00772094726562
,182.47,147.5320587158203
,177.23,147.2597198486328
,119.97,109.4410629272461
,55.08,57.49746322631836
,226.63,211.79281616210938
,162.315,156.2354278564453
,87.415,95.79895782470703
,198.88,218.33108520507812
,161.79,115.94438934326172
,280.98,267.3898620605469
,167.044,166.07005310058594
,48.19,42.925960540771484
,120.09,109.99844360351562
,144.68,135.3045196533203
,316.38,0.0
,211.97,0.0
,46.08,100.35991668701172
,291.85,275.74298095703125
,28.178,0.0
,188.14,207.25045776367188
,102.635,261.6929016113281
,180.74,207.74441528320312
,92.479,108.59532928466797
,172.3285,165.6865692138672
,15.7,14.373860359191895
,267.48,266.1608581542969
,179.32,177.3064422607422
,153.51,125.17892456054688
,116.64,120.6616439819336
,105.77,107.31851959228516
,28.66,23.586074829101562
,133.97,143.01834106445312
,277.0,275.14263916015625
,262.46,266.652099609375
,88.747,101.55809020996094
,124.76,164.682373046875
,138.41,146.95838928222656
,139.2,147.4460906982422
,163.9695,153.40602111816406
,104.59,110.73135375976562
,232.12,170.35215759277344
,112.17,107.82955932617188
,194.68,236.35821533203125
,129.177,140.1834259033203
,111.4,109.7985610961914
,141.2,141.3058319091797
,178.22,176.55775451660156
,165.289,154.49754333496094
,223.06,0.0
,241.05,234.04151916503906
,174.21,176.2831573486328
,159.92,182.30850219726562
,131.69,141.00991821289062
,146.626,159.08969116210938
,186.21,170.56558227539062
,177.3,180.09487915039062
,193.62,227.34060668945312
,50.94,54.89707565307617
,170.29,158.54885864257812
,38.9,147.13560485839844
,143.09,155.9112091064453
,155.46,157.60861206054688
,47.3,77.54401397705078
,241.2,247.63522338867188
,99.17,113.57247161865234
,55.46,59.65829849243164
,281.66333,275.1278991699219
,97.2,204.58230590820312
,42.93,44.11305618286133
,116.52,110.68496704101562
,103.81,95.81290435791016
,427.87,275.98431396484375
,163.57,178.23651123046875
,152.17,156.77346801757812
,98.71,96.45578002929688
,85.64,88.85506439208984
,244.69667,167.49212646484375
,87.36,0.0
,319.53,223.66664123535156
,168.88,161.65692138671875
,297.31,275.671875
,129.41,77.781494140625
,291.09332,275.903076171875
,38.65,228.78134155273438
,12.051,9.920868873596191
,64.31,61.77640151977539
,22.1,19.238651275634766
,115.99,140.41429138183594
,210.04,217.41348266601562
,265.9,259.1604919433594
,52.25,79.30213928222656
,185.9275,169.51678466796875
,160.77,158.6862030029297
,48.11,58.69255065917969
,87.944,107.61779022216797
,438.69,203.93695068359375
,150.65,204.18777465820312
,142.92,236.30885314941406
,243.16,248.1251220703125
,170.22,77.91885375976562
,40.822,43.441795349121094
,336.72,178.27760314941406
,264.79,258.86480712890625
,37.6,224.21661376953125
,226.43,229.4049835205078
,142.4015,155.618408203125
,80.62,84.53206634521484
,111.21,120.00502014160156
,94.65,100.92839050292969
,161.18,156.0030059814453
,21.788,28.21125030517578
,245.71,237.60174560546875
,134.5195,134.8309326171875
,213.4,191.80581665039062
,274.5,246.2692413330078
,46.63,47.98164367675781
,110.53,0.0
,314.97,256.1866149902344
,193.89,171.11386108398438
,138.2,167.98837280273438
,246.53,253.79339599609375
,197.81,210.64256286621094
,354.8,0.0
,322.13666,224.29827880859375
,183.95,183.27886962890625
,299.56,201.5182342529297
,155.72,176.9368896484375
,16.085,18.653518676757812
,114.0,110.91376495361328
,237.30667,181.76991271972656
,53.86,69.26274871826172
,207.28,235.33534240722656
,15.801,12.734721183776855
,83.85,91.63544464111328
,96.15,103.72821044921875
,36.21,124.80906677246094
,42.388,42.715484619140625
,241.87,276.2378845214844
,261.83,238.08628845214844
,30.39,29.627151489257812
,269.15,274.055908203125
,174.48,193.41360473632812
,105.8395,110.97124481201172
,242.84,252.1395263671875
,47.08,50.53732681274414
,14.96125,15.758044242858887
,177.25,199.04771423339844
,193.05,236.6402587890625
,29.586,30.392284393310547
,185.99,153.56527709960938
,45.572,49.107364654541016
,140.7,148.98377990722656
,213.21,212.62025451660156
,207.83,201.3960418701172
,27.53,27.827716827392578
,134.99,116.33988189697266
,154.78,157.3440704345703
,120.35,109.43612670898438
,277.14,238.75030517578125
,244.12,252.85073852539062
,151.83,154.6919403076172
,163.17,226.96981811523438
,49.57,53.75102996826172
,239.66333,233.66409301757812
,140.056,145.6538848876953
,179.85,137.6186981201172
,293.34,270.1387634277344
,251.11,233.46791076660156
,61.28,91.08663177490234
,14.35575,16.451576232910156
,193.3,208.04071044921875
,178.61,176.78390502929688
,18.612,14.954886436462402
,271.37,227.1472625732422
,27.55,59.9133186340332
,38.3,134.5439453125
,117.59,125.64379119873047
,267.44,272.51251220703125
,155.45,163.0662384033203
,35.38,120.53128814697266
,196.33,240.08697509765625
,97.31,92.43560028076172
,121.44,136.16802978515625
,48.33,201.86270141601562
,168.57,138.45489501953125
,404.87,221.00157165527344
,237.49,0.0
,35.41,35.47480010986328
,85.13,85.60828399658203
,175.0,173.95095825195312
,173.5,146.31117248535156
,183.79,241.15188598632812
,260.91666,248.25364685058594
,51.36,168.77235412597656
,243.84,244.1267547607422
,114.564,126.73975372314453
,161.84,167.34657287597656
,133.65,136.21253967285156
,194.97,185.49615478515625
,283.75,259.8327941894531
,294.95,275.7416687011719
,146.35,151.71542358398438
,99.55,105.72399139404297
,211.44,220.98655700683594
,141.51,134.53207397460938
,176.74,125.97781372070312
,29.77,124.06742095947266
,15.372,17.332298278808594
,223.89,229.57989501953125
,132.12,148.39041137695312
,151.3995,150.09182739257812
,177.4,125.5716323852539
,108.06,108.70828247070312
,128.64,138.4766387939453
,165.38,199.7586669921875
,236.86,245.620361328125
,230.76,272.37347412109375
,43.15,44.35641860961914
,193.78,221.13336181640625
,399.92667,198.4859161376953
,103.799,121.21978759765625
,144.64,168.31613159179688
,111.17,109.88861083984375
,19.032,17.68482780456543
,178.99,234.53294372558594
,152.55,204.2404327392578
,189.69,216.65872192382812
,96.79,102.23164367675781
,157.36,116.58429718017578
,170.9,148.74789428710938
,107.59,105.7893295288086
,14.602,18.48862075805664
,178.78,119.66700744628906
,136.3815,153.69573974609375
,139.14,0.0
,402.56,227.54312133789062
,221.98,196.7423553466797
,246.59334,246.31590270996094
,135.04,181.12525939941406
,12.83925,11.53015422821045
,30.198,34.17851638793945
,222.66,231.9139404296875
,53.91,149.74221801757812
,109.3725,116.98866271972656
,170.09,191.30279541015625
,162.9975,185.95533752441406
,146.38,156.65077209472656
,113.81,109.09503936767578
,43.94,48.79317855834961
,26.71,33.444583892822266
,232.96,222.43914794921875
,168.6215,171.4419708251953
,288.48,274.9897766113281
,171.93,169.98524475097656
,370.27,222.14820861816406
,194.9,213.6843719482422
,168.312,115.93936157226562
,221.1,222.71737670898438
,134.35,200.1266326904297
,15.9125,15.66141128540039
,451.59,271.7735595703125
,177.55,152.01100158691406
,260.46,239.7580108642578
,189.25,223.78866577148438
,237.04,240.93861389160156
,225.97333,201.3694305419922
,112.187,139.88084411621094
,190.4,234.2905731201172
,249.02,139.29940795898438
,184.15,199.896484375
,102.63,0.0
,281.73,273.16937255859375
,143.465,161.37454223632812
,131.43,148.58909606933594
,161.59,151.98977661132812
,102.18,136.58206176757812
,223.27,177.1544647216797
,210.05,126.5567855834961
,92.8,0.0
,277.93,274.70074462890625
,258.2,276.1590576171875
,320.91,276.2500915527344
,35.0,136.4658660888672
,345.11,243.89808654785156
,130.42,144.2667694091797
,229.59,241.67974853515625
,418.16,237.3931121826172
,47.07,126.67613220214844
,231.73334,233.990966796875
,127.33,150.37094116210938
,116.57,110.80091094970703
,153.38,147.94821166992188
,359.2,240.44102478027344
,174.72,167.2410125732422
,101.3355,129.6501922607422
,239.56,276.1875915527344
,337.79666,114.66307830810547
,135.3,87.54473876953125
,428.02,238.3436737060547
,128.13,120.9258041381836
,20.212,24.517471313476562
,43.04,51.48975372314453
,108.0,90.71861267089844
,56.84,59.537452697753906
,207.90334,174.87159729003906
,232.76,237.5172882080078
,151.12,145.11724853515625
,152.99,154.5411376953125
,135.07,125.95439910888672
,161.3365,152.74278259277344
,443.57,272.89617919921875
,407.48,273.8618469238281
,279.08,263.76470947265625
,94.58,114.18717956542969
,52.37,114.18492126464844
,20.183,19.560810089111328
,118.73,109.75861358642578
,218.29,223.9768524169922
,265.44,268.66131591796875
,94.91,97.13916778564453
,27.453,29.096271514892578
,63.01,64.85313415527344
,142.643,151.63548278808594
,192.07,203.01373291015625
,25.13,22.493053436279297
,190.64,225.90225219726562
,28.16,110.23348236083984
,18.989,21.849376678466797
,26.984,23.198307037353516
,112.401,120.28886413574219
,265.93,273.77099609375
,205.2,215.11245727539062
,185.56,189.00436401367188
,28.34,28.072185516357422
,62.45,65.15724182128906
,17.674,14.062149047851562
,283.48334,275.5502014160156
,95.27,0.0
,126.28,121.94035339355469
,49.27,61.67880630493164
,280.57,272.7113037109375
,151.49,165.22634887695312
,229.65,228.7345428466797
,142.05,140.54910278320312
,165.207,0.0
,22.764,16.353527069091797
,226.75333,178.94989013671875
,111.89,105.60667419433594
,175.01,191.85011291503906
,430.6,188.24765014648438
,128.28,120.05742645263672
,144.08,154.09786987304688
,80.21,90.59074401855469
,153.56,169.6270294189453
,147.54,153.23509216308594
,150.82,136.2754364013672
,208.67,238.06727600097656
,22.726,25.929153442382812
,133.0,121.72449493408203
,160.19,172.9988250732422
,121.4945,153.2649688720703
,214.59,203.9110565185547
,144.52,162.9314727783203
,249.79,276.2410583496094
,231.28,240.31524658203125
,58.71,59.98178482055664
,27.22,59.10454559326172
,234.65,240.41087341308594
,61.56,64.99024200439453
,148.3,156.047119140625
,224.41,242.7943115234375
,142.08,135.12240600585938
,175.191,158.24021911621094
,98.04,111.56999206542969
,244.92,249.78302001953125
,167.3,165.63514709472656
,148.01,199.2564239501953
,121.03,113.0555191040039
,263.33,0.0
,28.09,54.297000885009766
,153.84,150.72369384765625
,414.58,247.2502899169922
,297.09668,273.8575744628906
,222.77,259.5034484863281
,144.8,148.7554473876953
,172.79,171.03329467773438
,447.67,179.57391357421875
,228.17,241.8258819580078
,61.18,62.24340057373047
,54.95,75.00855255126953
,46.76,43.56360626220703
,29.92,119.87989044189453
,248.0,253.8270721435547
,161.1955,92.92234802246094
,151.25,165.38906860351562
,231.28,245.50636291503906
,161.6995,153.3410186767578
,147.1425,154.69444274902344
,58.22,60.22498321533203
,301.88,213.20849609375
,136.45,170.35279846191406
,72.613,70.84172058105469
,260.4,268.6644592285156
,54.71,0.0
,62.69,56.96641540527344
,104.61,105.75398254394531
,132.46,148.6866455078125
,121.64,169.955810546875
,146.32,149.5772247314453
,232.93,117.67027282714844
,17.706,17.26461410522461
,288.8,271.2669372558594
,248.88,255.3063201904297
,240.0,149.0749969482422
,132.76,169.2331085205078
,107.73,51.05182647705078
,114.6645,132.1461944580078
,189.5,119.46180725097656
,217.31,223.25759887695312
,52.4,182.81997680664062
,130.17,154.6468963623047
,443.52,231.63291931152344
,370.6,0.0
,36.38,129.98403930664062
,59.48,276.2525939941406
,294.85,268.01171875
,104.25,105.2293472290039
,194.04,120.83358001708984
,126.741,137.91773986816406
,280.43,265.6321105957031
,30.47,57.18427658081055
,70.099,86.86287689208984
,187.68,197.2943878173828
,255.27,276.1751708984375
,29.09,27.494770050048828
,254.11,259.7384033203125
,25.56,23.638168334960938
,201.19667,197.0659942626953
,252.2,276.2367858886719
,280.9,260.25421142578125
,96.5,103.56614685058594
,56.5,60.5350456237793
,114.97,111.49341583251953
,131.6,196.37449645996094
,126.455,137.0584259033203
,254.5,251.2486572265625
,160.92,58.16093826293945
,108.32,106.34525299072266
,130.17,169.52969360351562
,121.39,64.41512298583984
,16.27,16.510475158691406
,352.42,258.69866943359375
,157.66,175.37924194335938
,222.72,221.13812255859375
,106.26,100.35569763183594
,414.71,221.73974609375
,115.61,111.30628967285156
,237.93,0.0
,257.11,262.019775390625
,13.65325,13.305994987487793
,185.04,201.6710968017578
,276.3,273.45599365234375
,182.68,183.9565887451172
,85.25,87.26377868652344
,27.94,77.66641998291016
,229.09,186.0032196044922
,55.77,57.930938720703125
,27.69,29.557106018066406
,188.86,199.5185546875
,129.61,115.5223388671875
,32.75,131.66665649414062
,16.101,21.019737243652344
,90.1,107.48826599121094
,293.29666,274.60528564453125
,95.15,103.85131072998047
,119.09,127.6264877319336
,143.35,145.9158172607422
,124.6,121.76148223876953
,91.66,101.89434051513672
,329.91,151.61680603027344
,158.0,154.05430603027344
,239.29,248.3936767578125
,143.76,139.7068328857422
,138.94,143.0097198486328
,163.258,153.91339111328125
,117.746,129.65325927734375
,277.76,241.55015563964844
,78.23,87.92986297607422
,185.65,88.3553695678711
,34.45,37.344757080078125
,288.5,271.8177795410156
,164.85,170.61058044433594
,133.21,137.4615478515625
,87.735,91.39691162109375
,307.33334,275.99176025390625
,259.46,268.0948181152344
,205.89667,193.71533203125
,143.66,154.3836212158203
,137.28,149.16433715820312
,277.6,149.50869750976562
,175.79,199.70677185058594
,28.43,73.71026611328125
,13.7125,17.9779052734375
,28.99,0.0
,110.19,110.35196685791016
,375.79,0.0
,366.68,187.84548950195312
,106.47,114.72247314453125
,89.452,96.36487579345703
,283.22,271.776123046875
,152.6015,147.4357452392578
,14.156,15.57142162322998
,199.67,224.90370178222656
,145.1,130.16390991210938
,110.96,98.16835021972656
,305.94,274.05572509765625
,238.39,259.2251892089844
,108.0,118.80876159667969
,186.41,114.82843017578125
,39.29,39.98393630981445
,38.85,40.61121368408203
,181.516,165.34951782226562
,251.51,247.65798950195312
,117.33,111.24717712402344
,136.45,130.5737762451172
,156.76,159.3870849609375
,261.55,234.4610595703125
,95.82,91.89408111572266
,146.71,153.46665954589844
,49.86,63.492034912109375
,182.32,172.4983367919922
,153.79,165.40403747558594
,35.63,201.42698669433594
,324.9,153.5653076171875
,123.61,109.94194030761719
,177.49,179.49449157714844
,27.72,59.256797790527344
,22.337,16.67732810974121
,142.83,145.18429565429688
,115.27,107.2629165649414
,175.01,183.5773468017578
,166.8,157.17311096191406
,123.3045,133.33712768554688
,70.63,0.0
,235.94,204.30340576171875
,38.89,191.6295623779297
,39.97,36.80881118774414
,198.12,149.58753967285156
,51.77,72.65721893310547
,414.74,270.2856140136719
,116.0,111.08110046386719
,22.966,19.266563415527344
,295.92,274.08544921875
,113.887,112.3414535522461
,196.94,225.17091369628906
,275.23,268.60357666015625
,57.58,88.16361999511719
,109.91,116.58656311035156
,184.829,166.59951782226562
,208.69,273.06524658203125
,158.61,166.41616821289062
,155.12,166.88906860351562
,27.98,24.221126556396484
,148.84,191.4906463623047
,19.802,22.602550506591797
,103.63,105.55414581298828
,139.5,178.49607849121094
,35.53,34.23459243774414
,289.26,130.5828399658203
,139.213,141.58277893066406
,20.25,18.337417602539062
,41.117,43.30821990966797
,26.56,39.589168548583984
,251.44,251.87559509277344
,37.01,220.4029998779297
,75.28,82.02500915527344
,173.12,126.32295989990234
,230.65,230.7977294921875
,113.0985,115.63368225097656
,33.47,131.57083129882812
,176.28,157.0157928466797
,172.0,198.1943359375
,129.48,122.63543701171875
,154.3,109.37001037597656
,158.93,163.19969177246094
,55.16,72.71514892578125
,108.1,137.1597900390625
,140.69,195.09396362304688
,12.228,13.19797134399414
,172.75,223.41001892089844
,118.85,108.73360443115234
,121.47,109.39472198486328
,276.82,262.44775390625
,178.5,106.02336120605469
,29.4,26.18337631225586
,406.66,195.06674194335938
,28.36,28.83570098876953
,42.7,86.1102066040039
,202.63,205.32931518554688
,133.22,156.2985382080078
,93.95,125.23355102539062
,342.32,0.0
,242.26,251.21432495117188
,374.07,270.4790344238281
,126.42,166.21434020996094
,100.8,104.04899597167969
,192.66,229.12106323242188
,183.32,172.99134826660156
,144.72,160.2552490234375
,132.56,145.10411071777344
,58.48,57.99968719482422
,116.88,108.50196838378906
,17.702,21.197261810302734
,261.44,255.68936157226562
,26.524,22.233409881591797
,265.74,250.43832397460938
,55.2,67.55010223388672
,28.161,30.887195587158203
,110.09,0.0
,161.1535,154.933837890625
,124.2535,126.13666534423828
,163.83,151.441650390625
,86.46,100.20890045166016
,142.69,115.67750549316406
,239.59,274.3486328125
,346.87,275.3340759277344
,155.81,118.35523986816406
,179.46,166.76898193359375
,129.14,146.84725952148438
,25.62,96.92401885986328
,111.23,131.1053009033203
,175.228,152.3177490234375
,27.75,93.45843505859375
,244.54333,231.6270294189453
,226.78,150.44117736816406
,127.89,138.21917724609375
,122.79,130.6001434326172
,168.0,129.8150177001953
,135.24,142.5442657470703
,163.56,180.1433563232422
,305.22,194.98858642578125
,216.19,223.4416046142578
,210.85,240.34376525878906
,139.2,146.7670440673828
,43.88,265.29364013671875
,300.58667,271.6454772949219
,134.0105,148.1540985107422
,190.71,203.8026885986328
,208.1,151.474609375
,409.54,218.6646270751953
,104.97,102.36814880371094
,183.32,144.37779235839844
,121.4905,127.90750122070312
,143.16,178.10426330566406
,133.5,179.80429077148438
,248.5,251.0428924560547
,61.51,62.57075881958008
,263.98,204.79086303710938
,200.86,231.5709228515625
,123.18,136.93621826171875
,47.76,56.097373962402344
,182.72,152.2872772216797
,52.47,73.35566711425781
,232.15,239.6849365234375
,87.133,94.36299896240234
,322.98,274.756103515625
,129.79,161.02325439453125
,76.46,83.4959945678711
,185.07,188.37745666503906
,87.757,94.75425720214844
,129.69,139.07518005371094
,17.79,18.856250762939453
,278.54,267.34423828125
,224.18,230.080078125
,178.96,214.23837280273438
,181.82,155.63490295410156
,149.71,157.5634002685547
,148.11,150.6800079345703
,116.14,116.95413970947266
,169.5675,160.05299377441406
,36.12,213.1775665283203
,246.25,276.23211669921875
,105.86,106.73001861572266
,14.243,12.97653579711914
,184.3,180.6110076904297
,165.6265,152.53709411621094
,30.203,30.030662536621094
,111.5,110.31378936767578
,180.9,216.77682495117188
,197.1,123.37890625
,137.8785,138.6483612060547
,39.56,40.10855484008789
,235.07,246.38565063476562
,47.83,66.87699890136719
,308.63333,265.8573913574219
,288.55,273.548095703125
,97.33,91.0622787475586
,204.29,204.78704833984375
,183.8285,158.3848419189453
,199.23,190.83326721191406
,149.48,125.50582885742188
,107.99,68.31763458251953
,101.83,107.82152557373047
,258.87,265.1741638183594
,150.43,146.8871612548828
,51.08,194.0644989013672
,116.94,109.87138366699219
,117.2295,122.98950958251953
,279.84,275.38275146484375
,259.61,0.0
,90.55,95.1007308959961
,51.72,53.22789764404297
,317.54,275.21429443359375
,107.27,127.6183090209961
,98.67,0.0
,226.17,226.0446014404297
,105.78,109.28814697265625
,117.02,121.97244262695312
,222.59,188.97412109375
,91.86,97.18804168701172
,163.05,140.54994201660156
,327.73,166.85049438476562
,179.73,215.73358154296875
,27.749,27.40795135498047
,277.84,238.9474639892578
,50.24,190.15464782714844
,234.02,244.01699829101562
,197.59,152.00558471679688
,174.61,231.85690307617188
,118.58,112.86534881591797
,12.94825,11.278512954711914
,189.79,236.8253631591797
,127.4,156.1178436279297
,427.0,275.9900817871094
,223.56,218.525390625
,104.82,104.09979248046875
,114.67,111.20853424072266
,141.66,138.4814453125
,196.81,236.1232452392578
,106.85,108.31993865966797
,299.68,99.91494750976562
,115.27,109.86894226074219
,242.84,247.6505126953125
,342.45,271.27197265625
,132.6005,147.32080078125
,48.18,192.180419921875
,148.89,116.0689697265625
,104.626,107.36377716064453
,190.9,244.9046173095703
,200.64,203.66085815429688
,145.11,74.58745574951172
,107.24,103.95140075683594
,99.54,101.61677551269531
,235.0,226.06211853027344
,243.92,198.24575805664062
,141.23,146.22171020507812
,28.3,32.90675354003906
,121.064,128.49917602539062
,328.66,149.12376403808594
,15.858,15.818374633789062
,282.48,271.81732177734375
,241.2,241.7300262451172
,146.76,207.49781799316406
,239.78,149.78900146484375
,340.67,259.9261779785156
,266.63,257.6831359863281
,215.49,228.95925903320312
,48.53,149.64488220214844
,170.53,171.5978546142578
,27.55,101.70048522949219
,180.01,182.8725128173828
,222.31,0.0
,189.59,239.7196502685547
,246.79,256.0986022949219
,138.38,124.49474334716797
,131.36,148.39093017578125
,73.9,71.47982025146484
,45.68,39.23960494995117
,101.73,101.67591857910156
,160.55,156.48875427246094
,30.77,41.12335968017578
,307.4,275.89715576171875
,94.86,94.68963623046875
,110.7455,115.8533706665039
,34.2,36.88703536987305
,102.83,117.22982025146484
,231.66,219.17916870117188
,235.04,221.10562133789062
,213.39,247.02633666992188
,118.27,111.14412689208984
,258.09,248.39675903320312
,26.598,28.416881561279297
,47.43,164.8578643798828
,130.34,146.23007202148438
,22.936,25.082202911376953
,129.91,178.14794921875
,28.75,27.325942993164062
,12.561,12.089985847473145
,132.48,161.52426147460938
,211.39,188.41932678222656
,196.98,178.8701934814453
,98.72,96.40397644042969
,277.05,264.633544921875
,226.8,237.21617126464844
,207.3,214.00436401367188
,146.748,162.7705841064453
,109.14,116.5711441040039
,192.75,213.87603759765625
,145.29,157.68658447265625
,223.38,226.04367065429688
,116.03,110.59198760986328
,58.93,60.39201354980469
,304.36,179.11924743652344
,164.6985,157.8861083984375
,310.65,256.191162109375
,149.076,164.09811401367188
,159.82,139.0041046142578
,232.98,191.26258850097656
,202.04,216.65655517578125
,188.76,164.27011108398438
,11.888,9.56000804901123
,15.36175,12.8333158493042
,275.16,274.7661437988281
,132.33,118.5147705078125
,163.05,52.72151184082031
,140.91,204.05540466308594
,191.38,233.2918701171875
,415.5,271.2140197753906
,28.05,29.87268829345703
,128.93,144.12120056152344
,24.728,29.275096893310547
,246.39,189.50997924804688
,155.37,117.42200469970703
,274.0,246.28993225097656
,60.04,67.19856262207031
,242.82,256.2901916503906
,32.676,35.88144302368164
,195.87,238.6212921142578
,180.8,206.3983612060547
,143.822,152.12705993652344
,53.04,276.25958251953125
,22.478,21.28023910522461
,253.7,265.0691833496094
,176.28,206.9356231689453
,130.07,178.717529296875
,41.02,40.04899597167969
,226.92,205.99301147460938
,26.531,26.199600219726562
,146.14,204.43870544433594
,280.6,273.3025817871094
,124.64,160.3062286376953
,136.38,0.0
,25.77,40.45394515991211
,163.99,173.79356384277344
,242.86,270.0173645019531
,333.56,267.0461120605469
,148.7,230.9193115234375
,363.75333,257.7015686035156
,425.34,187.03123474121094
,155.14,141.9905242919922
,226.73,191.6249542236328
,269.19,263.8229064941406
,58.82,60.69294738769531
,115.82,77.76183319091797
,35.38,111.51458740234375
,59.93,70.74909973144531
,209.98,232.14642333984375
,167.7865,160.38507080078125
,130.68,140.84942626953125
,250.08,225.3742218017578
,181.41,184.20375061035156
,169.0915,159.3188018798828
,199.5,234.78543090820312
,152.59,156.51063537597656
,154.84,164.64820861816406
,127.9,205.90692138671875
,169.91,178.0033721923828
,137.57,158.63165283203125
,114.28,110.06053924560547
,217.96,232.52618408203125
,178.19,138.802001953125
,206.32,208.7307586669922
,135.37,156.1900634765625
,37.35,146.40963745117188
,134.13,88.9422836303711
,27.06,63.4326286315918
,35.72,165.9654541015625
,171.13,129.32594299316406
,83.12,87.3763198852539
,174.0,172.04708862304688
,127.91,147.9948272705078
,94.4,99.00511932373047
,173.315,158.95697021484375
,103.9,105.3636703491211
,311.01,276.200439453125
,135.14,182.00601196289062
,216.87,260.1446228027344
,118.59,111.6502914428711
,281.88,269.7156982421875
,162.384,151.68154907226562
,117.96,115.56261444091797
,14.315,15.606233596801758
,226.84,243.03701782226562
,62.07,58.78584671020508
,117.22,108.69676208496094
,144.3735,159.46676635742188
,243.99,248.87515258789062
,173.0,212.69419860839844
,274.52,271.75762939453125
,136.05,153.38429260253906
,165.52,0.0
,22.692,24.722461700439453
,27.36,101.92034149169922
,216.27,201.82276916503906
,98.13,105.27954864501953
,170.29,151.3941192626953
,15.91,41.86684036254883
,286.95,222.0845947265625
,244.07666,254.46617126464844
,142.2,149.6473846435547
,26.59,47.69061279296875
,260.58,205.57716369628906
,136.56,196.895751953125
,106.095,89.42400360107422
,28.85,27.941448211669922
,140.09,198.11997985839844
,128.99,141.9574737548828
,121.18,119.1017837524414
,178.01,162.8597869873047
,178.15,182.11468505859375
,199.61,226.2686004638672
,273.78,260.9854431152344
,139.91,153.36376953125
,149.7,55.72517013549805
,33.62,146.12063598632812
,244.13,164.13763427734375
,57.35,59.423118591308594
,302.61,121.17286682128906
,152.882,145.2241668701172
,256.6,268.4903564453125
,255.02,237.3018341064453
,12.512,15.064451217651367
,168.99,197.24832153320312
,245.48,273.1543273925781
,154.48,140.48541259765625
,49.08,156.84339904785156
,154.09,162.31817626953125
,282.21332,267.55645751953125
,150.02,130.6378173828125
,112.742,103.31071472167969
,126.352,139.68060302734375
,106.62,108.95199584960938
,161.22,110.39301300048828
,161.02,184.64639282226562
,289.85,275.5295104980469
,95.386,116.27214813232422
,148.56,154.54452514648438
,258.49335,231.0743865966797
,266.21,197.0122833251953
,51.33,78.29286193847656
,152.0525,144.12867736816406
,102.218,111.04011535644531
,94.5625,112.53311920166016
,115.83,108.58989715576172
,31.675,32.56119918823242
,30.82,174.12054443359375
,334.97,242.8271484375
,87.75,88.31918334960938
,23.166,24.50118637084961
,117.32,80.05654907226562
,51.57,58.07979965209961
,13.99,11.061249732971191
,269.25,268.8104553222656
,139.672,148.15274047851562
,94.95,101.8430404663086
,160.92,142.4748077392578
,177.65,147.0388946533203
,235.95,220.60052490234375
,297.27667,269.24310302734375
,139.66,145.59815979003906
,268.21,270.9411315917969
,46.06,115.35897827148438
,237.47,248.0062713623047
,116.36,175.3856658935547
,187.58,198.17088317871094
,337.22,207.04969787597656
,92.6,92.65409851074219
,148.64,146.8795166015625
,54.24,275.57568359375
,280.81,271.9226989746094
,179.002,168.9090118408203
,22.662,22.666610717773438
,24.407,22.87271499633789
,13.261,21.13174819946289
,213.75,196.3154754638672
,111.92,115.86670684814453
,226.77,223.9300537109375
,116.1,109.15353393554688
,25.91,53.0192756652832
,105.372,162.44296264648438
,102.41,84.30325317382812
,50.51,90.6244125366211
,48.23,188.06492614746094
,186.86,114.08390045166016
,123.14,109.23765563964844
,13.43525,12.654986381530762
,289.91333,273.7641296386719
,161.2505,144.62123107910156
,21.783,17.265268325805664
,216.63,186.7357635498047
,218.16,138.93389892578125
,183.75,124.93617248535156
,305.41,272.5282287597656
,41.42,48.187625885009766
,224.92,116.15219116210938
,221.72,224.67782592773438
,109.02,121.87088775634766
,263.24,263.22845458984375
,258.83,268.9693298339844
,174.04,190.365478515625
,154.084,146.82577514648438
,131.69,143.22239685058594
,214.27,225.78854370117188
,229.35,226.74496459960938
,288.09,274.65863037109375
,53.07,189.8179473876953
,133.14,134.12322998046875
,131.12,133.83901977539062
,130.46,136.12826538085938
,21.504,18.947105407714844
,179.58,227.0491180419922
,173.23,231.90191650390625
,126.85,67.26766204833984
,315.31,276.1890563964844
,12.52025,10.705353736877441
,173.03,210.83641052246094
,219.27,232.97706604003906
,19.499,23.283336639404297
,243.56,251.90394592285156
,204.79,265.5274658203125
,274.95,101.30872344970703
,238.93,235.04483032226562
,46.566,46.99424362182617
,224.96666,231.34182739257812
,43.83,58.96356964111328
,229.32,218.42921447753906
,128.77,133.667724609375
,159.49,97.4817123413086
,299.5,261.9862060546875
,403.78,267.2200012207031
,175.43,196.0027313232422
,226.44,182.71615600585938
,298.0,166.55308532714844
,23.286,27.53223419189453
,217.63,244.68870544433594
,152.37,124.06464385986328
,163.169,149.96466064453125
,88.45,119.67391204833984
,238.99,242.7965850830078
,289.81,182.126220703125
,43.517,53.858882904052734
,408.46,199.3816375732422
,15.827,18.320110321044922
,138.916,154.7567138671875
,337.77,210.37332153320312
,177.82,206.21861267089844
,122.19,116.90521240234375
,286.11,271.2574462890625
,280.72,272.3811950683594
,96.8,104.02335357666016
,222.36,228.82093811035156
,60.87,67.52098846435547
,113.41,107.5084457397461
,215.66,179.20388793945312
,156.09,166.69625854492188
,172.08,216.9324951171875
,15.838,12.572722434997559
,28.16,66.63195037841797
,106.6,106.76280975341797
,28.2,23.371688842773438
,43.74,42.125518798828125
,174.6,184.4006805419922
,138.85,143.313232421875
,25.7,19.44731903076172
,200.95,201.29684448242188
,145.14,146.5600128173828
,142.82,176.18446350097656
,107.17,109.25486755371094
,20.365,22.01845932006836
,121.37,109.99150085449219
,17.264,20.794696807861328
,184.02,201.01791381835938
,142.06,183.21710205078125
,105.76,159.51602172851562
,19.782,21.08194351196289
,243.63667,154.8472900390625
,14.4585,12.573866844177246
,35.9,34.477928161621094
,95.59,100.74124145507812
,164.252,159.1389923095703
,16.36,12.119067192077637
,290.39,270.0296936035156
,123.99,123.42975616455078
,216.62,188.1615447998047
,171.16,113.44275665283203
,92.14,98.05776977539062
,22.081,22.16522216796875
,139.6445,157.81578063964844
,58.8,233.16554260253906
,164.9,193.5609893798828
,152.68,95.15677642822266
,164.431,158.0124053955078
,94.289,91.92987823486328
,221.03,230.92735290527344
,45.581,46.007240295410156
,131.54,166.7476806640625
,53.98,57.92707443237305
,239.76,243.1215362548828
,107.25,106.4971923828125
,271.26,270.15350341796875
,154.95,178.63653564453125
,306.13333,275.90545654296875
,231.59,235.62844848632812
,29.42,36.801788330078125
,154.6465,148.13009643554688
,15.409,18.156841278076172
,187.06,181.03822326660156
,113.396,130.146484375
,16.12,10.37193489074707
,193.02,131.77333068847656
,225.0,195.50758361816406
,46.31,59.035240173339844
,303.75,166.421142578125
,109.21,175.24913024902344
,101.96,62.168861389160156
,162.3665,155.83026123046875
,167.736,110.84362030029297
,125.83,127.9634780883789
,291.26,272.0777893066406
,337.31,276.0487060546875
,118.9955,131.58981323242188
,145.85,213.887939453125
,151.7,160.33677673339844
,330.08,236.28602600097656
,26.72,29.936153411865234
,114.18,109.04856872558594
,182.92,199.5989532470703
,46.095,51.50568389892578
,44.515,46.66420364379883
,303.99667,271.1401062011719
,131.1015,142.59352111816406
,95.27,93.59378051757812
,105.97,106.07068634033203
,153.36,153.1743927001953
,87.837,100.03024291992188
,39.39,134.7381134033203
,160.75,162.94976806640625
,63.13,63.11758804321289
,160.46,141.5433807373047
,238.59,240.34547424316406
,139.65,215.55894470214844
,220.02,224.01754760742188
,448.99,274.4610900878906
,226.51,202.67591857910156
,13.465,14.79088020324707
,199.52,222.96995544433594
,151.76,158.4834747314453
,146.09,151.40606689453125
,152.06,185.1567840576172
,270.21,253.6013641357422
,190.93,201.61044311523438
,159.725,154.75436401367188
,184.92,185.5916290283203
,227.05,115.02458953857422
,142.94,181.56483459472656
,372.65,181.8116912841797
,161.83,107.8543701171875
,14.523,16.016010284423828
,52.08,42.36103820800781
,161.629,155.27415466308594
,114.36,118.85347747802734
,244.37,248.2904052734375
,111.87,110.64706420898438
,138.8475,148.48902893066406
,182.52,196.2314910888672
,175.4645,162.08551025390625
,187.44,207.38587951660156
,387.64667,88.45543670654297
,86.7,145.12400817871094
,147.63,202.9911651611328
,174.99,184.67872619628906
,136.64,151.22140502929688
,272.61,270.9170227050781
,323.8,191.07037353515625
,266.59,275.9478759765625
,412.32,274.2147521972656
,112.6845,124.23612976074219
,106.15,106.63957977294922
,365.0,72.25926971435547
,267.61,208.20120239257812
,211.35,217.61474609375
,99.98,103.6262435913086
,151.358,143.06558227539062
,175.08,161.8009033203125
,177.45,151.87570190429688
,43.18,42.37248229980469
,131.27,128.04702758789062
,216.86,213.14834594726562
,29.5,31.427650451660156
,64.66,63.67192077636719
,185.67,181.8900146484375
,95.58,96.4705810546875
,250.76334,239.6246337890625
,117.31,119.05623626708984
,180.33,242.85400390625
,104.45,120.72627258300781
,135.9895,150.65432739257812
,177.79,197.7802734375
,199.5,141.10482788085938
,164.965,154.177978515625
,15.639,16.93151092529297
,286.14,248.03599548339844
,233.06667,233.23306274414062
,27.777,25.60226821899414
,271.99,265.7060546875
,138.56,176.39535522460938
,239.29,276.1890563964844
,129.62,163.82301330566406
,38.75,188.547607421875
,106.215,112.42118072509766
,110.34,0.0
,144.2205,153.31614685058594
,52.85,58.42987823486328
,156.84,200.4542694091797
,226.15,202.51527404785156
,21.075,18.47934341430664
,163.2055,153.04937744140625
,101.43,117.56324005126953
,103.4315,114.53958892822266
,142.71,162.81407165527344
,207.23,200.28265380859375
,144.29,135.93592834472656
,178.18,189.59481811523438
,36.29,210.6884765625
,191.33,241.03553771972656
,32.1,151.20457458496094
,351.57666,157.98330688476562
,228.85,0.0
,268.99,228.81651306152344
,129.79,125.57714080810547
,148.76,153.33197021484375
,438.11,273.4999084472656
,218.05,208.43199157714844
,127.18,177.3533477783203
,236.38,276.1628112792969
,151.1935,137.49049377441406
,153.75,176.47384643554688
,363.2,167.82553100585938
,28.9,31.114341735839844
,132.54,30.045146942138672
,26.1,21.901058197021484
,28.3,32.93561553955078
,39.3,38.196292877197266
,98.58,102.13758087158203
,272.69,229.11160278320312
,415.13,254.3045654296875
,239.29,239.83152770996094
,13.84175,8.018301010131836
,346.07,274.1251220703125
,115.12,128.12901306152344
,288.63,275.3846740722656
,201.85,201.38148498535156
,12.736,15.108059883117676
,40.37,120.26516723632812
,151.142,145.48402404785156
,148.88,192.17205810546875
,147.05,155.1232147216797
,146.37,154.55526733398438
,243.12,259.3050231933594
,115.82,108.2640380859375
,25.067,24.482818603515625
,192.73,171.29953002929688
,199.99,193.45333862304688
,117.64,108.56704711914062
,105.22,109.25017547607422
,183.38,156.61753845214844
,162.88,174.9481201171875
,226.47,267.96466064453125
,127.24,144.61175537109375
,136.5,112.83582305908203
,166.65,202.65902709960938
,115.15,113.26765441894531
,27.042,22.888885498046875
,258.36,197.18533325195312
,45.11,272.97467041015625
,121.09,111.65369415283203
,193.73,200.4389190673828
,109.081,111.59429931640625
,116.337,128.09378051757812
,133.866,136.81642150878906
,198.36,177.46524047851562
,99.7,106.78961944580078
,41.911,45.9880485534668
,27.66,73.4902572631836
,124.3,116.57502746582031
,178.75,185.5265350341797
,292.88,186.04116821289062
,121.14,136.42507934570312
,339.47665,221.62596130371094
,133.64,142.45913696289062
,189.7,188.2243194580078
,275.68,236.7665557861328
,127.2785,134.26022338867188
,46.55,183.075927734375
,157.11,174.22991943359375
,37.6,35.150394439697266
,38.77,42.440425872802734
,162.99,152.3684844970703
,243.53,264.7952575683594
,158.756,181.146728515625
,76.77,84.15473175048828
,120.65,121.21861267089844
,212.17,210.01397705078125
,46.018,52.901756286621094
,404.52,260.80413818359375
,51.48,108.5645980834961
,138.7,145.62765502929688
,40.01,212.71844482421875
,150.25,149.25440979003906
,314.63333,276.05731201171875
,143.43,206.3925018310547
,116.437,136.7235870361328
,44.57,47.4731559753418
,38.65,34.330196380615234
,127.51,116.88578033447266
,199.18,207.9362030029297
,165.66,48.63433837890625
,244.43,252.823974609375
,134.16,201.67066955566406
,157.96,208.58067321777344
,101.1,81.18265533447266
,241.17,276.158447265625
,197.57,219.5250244140625
,82.59,86.81372833251953
,164.959,156.4415740966797
,113.02,110.02239990234375
,190.95,210.6100616455078
,239.58,255.12339782714844
,284.34,268.7807312011719
,242.84,276.1670837402344
,106.49,106.74923706054688
,264.51,266.4921875
,150.94,147.20550537109375
,235.87,222.93504333496094
,106.9,102.62984466552734
,264.84,265.05499267578125
,228.12,222.12623596191406
,453.96,242.26849365234375
,53.2,138.86268615722656
,151.87,173.69580078125
,195.97,210.07391357421875
,106.04,108.61946868896484
,179.23,161.56771850585938
,22.772,18.731796264648438
,143.67,0.0
,93.95,90.33162689208984
,144.4165,0.0
,101.16,250.44705200195312
,187.35,173.0851593017578
,218.98334,154.67796325683594
,154.4605,172.45997619628906
,177.94,140.08592224121094
,148.48,154.57928466796875
,38.92,37.564353942871094
,166.9,188.79849243164062
,58.95,54.48747253417969
,265.02,200.8606719970703
,19.04,18.985065460205078
,35.64,164.11744689941406
,90.372,87.47547149658203
,39.91,157.88031005859375
,41.876,44.9044075012207
,240.16,246.7565155029297
,238.63,172.9601287841797
,111.954,118.85396575927734
,122.65,133.5963897705078
,26.66,47.71898651123047
,230.46,223.25982666015625
,20.487,22.954212188720703
,130.38,132.8441162109375
,144.72,156.47406005859375
,105.89,106.91004180908203
,148.63,159.3425750732422
,284.77,274.3388366699219
,277.19,266.1454162597656
,131.58,150.02601623535156
,113.17,110.37565612792969
,338.11,275.03765869140625
,334.75,154.12814331054688
,34.39,36.710025787353516
,256.77,262.4145202636719
,114.81,123.23490142822266
,193.62666,205.2578125
,287.72,270.29278564453125
,284.89667,271.6373291015625
,233.0,117.92882537841797
,138.437,154.1628875732422
,22.339,22.473812103271484
,28.97,30.522029876708984
,16.225,12.65087604522705
,156.02,161.9890594482422
,53.12,80.59805297851562
,253.67,237.2556915283203
,102.72,106.69363403320312
,36.77,154.60317993164062
,129.74,156.8681182861328
,37.06,176.9994354248047
,57.76,73.85275268554688
,100.25,107.45160675048828
,113.74,119.27232360839844
,278.54,99.43423461914062
,106.62,105.7326431274414
,27.801,32.869903564453125
,272.46,243.0070037841797
,85.05,86.6302490234375
,420.21,197.246337890625
,90.98,109.32646942138672
,174.56,150.70069885253906
,44.612,48.26282501220703
,36.16,135.90780639648438
,48.548,52.606163024902344
,156.33,183.40940856933594
,31.16,148.2401580810547
,25.82,29.040660858154297
,145.38,0.0
,122.588,123.5647964477539
,256.06,253.65174865722656
,420.45,207.63427734375
,42.86,60.90167999267578
,165.81,226.23037719726562
,171.89,141.88027954101562
,373.26,184.7116241455078
,182.62,180.39878845214844
,145.32,151.96263122558594
,221.90334,182.93101501464844
,118.13,110.21981811523438
,40.15,40.39873123168945
,64.13,60.91755676269531
,149.32,150.38690185546875
,180.38,185.9127197265625
,116.67,140.18138122558594
,98.05,103.33577728271484
,199.41,211.91482543945312
,213.02,0.0
,134.68,146.92135620117188
,161.38,165.05422973632812
,154.6525,153.13124084472656
,100.12,100.47987365722656
,208.14,276.035400390625
,167.247,145.8742218017578
,131.59,168.0277099609375
,171.52,175.51695251464844
,414.01,259.5050354003906
,132.76,145.9990692138672
,330.11,276.0115661621094
,133.2655,147.28125
,224.49,176.0199737548828
,231.28,224.34324645996094
,141.063,157.7669219970703
,247.66667,184.3978729248047
,19.458,20.345218658447266
,170.7625,158.96580505371094
,212.65,123.45677947998047
,221.55,276.0718994140625
,159.19,107.98145294189453
,41.67,45.49340057373047
,88.45,91.34117126464844
,262.37,274.6465759277344
,17.807,17.41721534729004
,157.94,150.26731872558594
,126.81,141.6789093017578
,142.45,0.0
,37.01,128.39166259765625
,250.93,129.0697784423828
,199.51,213.82510375976562
,171.3685,153.968994140625
,159.13,141.55746459960938
,151.17,158.2069854736328
,135.72,135.2141876220703
,168.46,126.37596893310547
,116.83,110.24304962158203
,190.72,195.62646484375
,38.99,40.14350128173828
,215.73666,239.77000427246094
,108.01,123.37960052490234
,217.97,215.03717041015625
,194.83,235.7106170654297
,127.1,135.02462768554688
,276.72,240.6509246826172
,249.44,253.34237670898438
,242.12,255.08900451660156
,147.07,148.0665283203125
,231.78,248.51927185058594
,269.61,269.88531494140625
,214.1,154.38229370117188
,424.52,247.13270568847656
,430.98,276.1890563964844
,16.938,20.907817840576172
,118.16,123.02249145507812
,294.17,229.19491577148438
,115.76,111.7116928100586
,240.54666,234.4002685546875
,289.28,274.9353332519531
,100.55,109.35009002685547
,136.7965,160.25953674316406
,165.362,0.0
,310.11,265.301025390625
,123.25,104.03207397460938
,167.5,176.8978729248047
,211.88,195.9505615234375
,338.37,276.1127014160156
,105.31,110.24765014648438
,26.36,26.149314880371094
,279.37,274.32391357421875
,101.568,103.28248596191406
,211.77,178.66506958007812
,202.33,213.31771850585938
,348.32,260.8006896972656
,159.98,109.28997802734375
,106.7,109.4942855834961
,115.64,109.88604736328125
,41.779,44.910789489746094
,165.02,203.14556884765625
,57.83,61.15100860595703
,113.055,110.0628662109375
,143.75,82.15857696533203
,42.239,47.02568817138672
,111.79,94.94073486328125
,173.03,125.43634033203125
,235.6,245.37127685546875
,368.74,0.0
,223.17,197.8204803466797
,82.37,80.96226501464844
,111.47,107.3488998413086
,28.33,67.60742950439453
,323.7,272.6880798339844
,140.22,170.13450622558594
,46.945,54.077392578125
,113.55,107.6522216796875
,27.57,72.2574462890625
,143.25,148.25473022460938
,258.26,169.24928283691406
,208.74,184.6341552734375
,178.0785,157.39134216308594
,207.96666,220.44297790527344
,172.212,160.1167449951172
,173.75,145.7826690673828
,56.0,58.704368591308594
,107.1125,107.68006134033203
,238.13,258.9045104980469
,61.58,69.65298461914062
,226.05,71.62362670898438
,411.22,249.4042205810547
,154.3535,151.2749481201172
,107.71,111.34042358398438
,110.55,108.7784423828125
,214.38,0.0
,415.0,273.95477294921875
,104.85,101.87496948242188
,180.14,181.27337646484375
,185.77,197.64422607421875
,350.0,275.36834716796875
,36.77,154.31163024902344
,53.42,126.36477661132812
,135.39,129.8979949951172
,230.47,239.97752380371094
,25.65,24.42276382446289
,30.73,131.22512817382812
,47.506,49.58012390136719
,45.94,48.64387512207031
,38.64,34.34835433959961
,97.52,93.36774444580078
,113.15,0.0
,175.74,178.6879119873047
,209.27,231.48764038085938
,93.5,91.32716369628906
,103.37,94.35711669921875
,36.32,162.1162567138672
,141.49,156.82424926757812
,319.97,165.71661376953125
,224.72,148.636474609375
,231.46666,231.63206481933594
,274.45,273.4638671875
,88.8,0.0
,288.53,252.35536193847656
,112.43,119.6282730102539
,223.03,209.0439453125
,276.2,262.8917541503906
,419.14,260.4585876464844
,206.44,194.84446716308594
,119.1,123.46885681152344
,44.43,56.84941864013672
,177.77,188.48680114746094
,190.56334,211.5662078857422
,239.78,243.60206604003906
,56.7,63.38551712036133
,11.227,13.744547843933105
,259.46,274.7864685058594
,195.65,240.92919921875
,147.92,157.76962280273438
,146.129,162.4935302734375
,168.45,192.046630859375
,136.5405,151.48106384277344
,29.16,51.503475189208984
,101.91,102.42706298828125
,115.05,108.5442123413086
,258.40668,205.08839416503906
,246.99,254.88818359375
,171.11,174.07598876953125
,174.84,162.12075805664062
,247.4,236.71754455566406
,88.86,89.83448028564453
,318.66,276.24658203125
,140.36,0.0
,143.7765,156.33526611328125
,111.59,124.10433197021484
,219.35,216.02972412109375
,13.34125,19.653644561767578
,165.798,159.31747436523438
,239.51,256.7188415527344
,49.02,59.186378479003906
,119.17,111.64979553222656
,109.2,110.73219299316406
,47.98,73.37881469726562
,44.98,267.9993591308594
,120.2305,129.59268188476562
,176.38,161.1842041015625
,119.614,140.08587646484375
,449.78,191.83135986328125
,279.76334,274.2665100097656
,168.29,61.53303146362305
,53.54,76.3658676147461
,186.28,213.65069580078125
,247.5,239.89280700683594
,429.17,185.80946350097656
,350.58334,274.3273620605469
,21.258,19.682872772216797
,13.20025,0.0
,205.56,241.24986267089844
,258.73,260.75201416015625
,241.22,237.78297424316406
,238.19,248.3738250732422
,145.78,154.17604064941406
,209.93,212.3485107421875
,104.21,109.4094467163086
,280.1,134.4770965576172
,37.28,34.52763366699219
,234.05,239.37277221679688
,281.38,269.8359680175781
,137.453,138.77333068847656
,178.6595,112.26215362548828
,124.61,59.388526916503906
,240.77,244.8860626220703
,193.42,216.14280700683594
,229.04,246.2670440673828
,49.95,52.98651885986328
,147.22,156.8395233154297
,456.73,267.67767333984375
,135.34,138.2194061279297
,85.6,89.43883514404297
,313.85,261.6422119140625
,131.37,162.925537109375
,36.06,164.7129669189453
,132.16,144.3356475830078
,133.34,189.76779174804688
,28.39,23.15572738647461
,206.37666,211.81277465820312
,208.97,190.3618927001953
,145.26,167.5994415283203
,41.85,47.41673278808594
,13.543,18.812335968017578
,61.15,62.85661315917969
,173.8,178.76060485839844
,45.07,254.27305603027344
,228.13,215.58151245117188
,117.0,143.44886779785156
,251.51,221.95677185058594
,147.87,129.53842163085938
,139.83,159.57142639160156
,301.6,275.67010498046875
,156.5,174.92198181152344
,105.85,71.553955078125
,11.67,11.645084381103516
,193.37,271.4181823730469
,250.22,249.28321838378906
,132.23,112.31269073486328
,59.16,63.936180114746094
,53.71,136.93617248535156
,191.31,235.9109344482422
,219.22,231.6732940673828
,165.452,167.4630126953125
,42.692,41.77482223510742
,55.54,0.0
,96.0,92.87909698486328
,176.27,190.8004150390625
,253.16333,185.5584259033203
,113.67,107.43299865722656
,81.88,94.6964340209961
,185.0,178.46871948242188
,34.97,37.50520706176758
,105.12,108.42198944091797
,236.98,276.16168212890625
,203.84,203.15931701660156
,46.77,47.58824920654297
,194.71,208.87171936035156
,85.237,93.70914459228516
,77.22,89.70317077636719
,355.08,237.20297241210938
,214.85,180.26756286621094
,17.535,24.665958404541016
,156.79,163.03648376464844
,156.02,177.950439453125
,429.04,184.32191467285156
,51.34,59.804752349853516
,95.78,104.82360076904297
,39.95,35.60761642456055
,127.12,125.2328109741211
,20.37175,18.70968246459961
,16.511,0.0
,28.72,24.131614685058594
,189.7,154.54237365722656
,139.6465,151.1177520751953
,354.9,0.0
,28.51,23.931739807128906
,276.54,271.58807373046875
,129.93,57.27610778808594
,225.98,212.77134704589844
,157.307,148.62139892578125
,194.76,217.67152404785156
,57.58,58.053707122802734
,128.78,137.12039184570312
,119.64,110.62511444091797
,108.36,108.74645233154297
,151.03,0.0
,154.593,146.53480529785156
,104.85,104.84928894042969
,175.06,190.0755615234375
,162.554,0.0
,234.53,216.41876220703125
,204.82,188.4129180908203
,49.78,53.581138610839844
,118.69,112.80117797851562
,114.25,141.040283203125
,45.54,92.12639617919922
,50.73,203.67323303222656
,49.66,0.0
,314.27,0.0
,39.61,38.816864013671875
,205.71,224.6016387939453
,61.59,63.28907012939453
,177.45,202.14599609375
,141.618,154.36813354492188
,275.04,256.92236328125
,236.24,189.2267303466797
,104.3,95.22129821777344
,38.89,135.39488220214844
,48.62,80.36383819580078
,148.48,221.61114501953125
,116.7015,117.68209075927734
,14.26325,17.633634567260742
,167.23,204.64926147460938
,189.99,223.27902221679688
,118.63,110.24954223632812
,406.32,250.1597442626953
,198.22,188.5915069580078
,56.42,56.616939544677734
,51.39,66.23170471191406
,108.1,108.49019622802734
,189.98,210.9948272705078
,244.82,276.1515808105469
,193.63,110.39297485351562
,102.22,105.3113784790039
,173.56,161.1845245361328
,165.0,47.564964294433594
,194.36,227.02919006347656
