Date,Adj Close,Close,High,Low,Open,Volume,Daily_Return,EMA_7,EMA_21,Ticker,Company,Headlines
2021-01-04,159.3314971923828,159.3314971923828,163.60000610351562,157.2010040283203,163.5,88228000,,159.3314971923828,159.3314971923828,AMZN,Amazon.com Inc.,
2021-01-05,160.92550659179688,160.92550659179688,161.16900634765625,158.2530059814453,158.30050659179688,53110000,0.010004358381754175,159.72999954223633,159.47640713778407,AMZN,Amazon.com Inc.,
2021-01-06,156.91900634765625,156.91900634765625,159.87550354003906,156.55799865722656,157.32400512695312,87896000,-0.024896614147709384,159.0272512435913,159.24391615686335,AMZN,Amazon.com Inc.,
2021-01-07,158.10800170898438,158.10800170898438,160.427001953125,157.75,157.85000610351562,70290000,0.0075771277744003385,158.79743885993958,159.14065120705615,AMZN,Amazon.com Inc.,
2021-01-08,159.13499450683594,159.13499450683594,159.53199768066406,157.11000061035156,159.0,70754000,0.006495514374673217,158.88182777166367,159.1401369615816,AMZN,Amazon.com Inc.,
2021-01-11,155.7104949951172,155.7104949951172,157.81900024414062,155.5,157.40049743652344,73668000,-0.021519462280005563,158.08899457752705,158.82835132826665,AMZN,Amazon.com Inc.,
2021-01-12,156.04150390625,156.04150390625,157.10699462890625,154.3000030517578,156.0,70292000,0.002125797051401035,157.57712190970778,158.57500156262876,AMZN,Amazon.com Inc.,
2021-01-13,158.29449462890625,158.29449462890625,159.49749755859375,156.10400390625,156.4219970703125,66424000,0.014438406874172749,157.7564650895074,158.54950093229036,AMZN,Amazon.com Inc.,
2021-01-14,156.37350463867188,156.37350463867188,158.89999389648438,156.0294952392578,158.37600708007812,61418000,-0.012135545173177387,157.41072497679852,158.35168308741592,AMZN,Amazon.com Inc.,
2021-01-15,155.21249389648438,155.21249389648438,157.12750244140625,154.7584991455078,156.1510009765625,84880000,-0.007424600125642833,156.86116720671998,158.0663022518767,AMZN,Amazon.com Inc.,
2021-01-19,156.03799438476562,156.03799438476562,157.25,154.8000030517578,155.35000610351562,66102000,0.005318518294228358,156.6553740012314,157.88191062759387,AMZN,Amazon.com Inc.,
2021-01-20,163.16900634765625,163.16900634765625,163.99000549316406,158.75,159.09950256347656,106196000,0.04570048462239673,158.2837820878376,158.36255569305408,AMZN,Amazon.com Inc.,
2021-01-21,165.34950256347656,165.34950256347656,167.42750549316406,164.47850036621094,164.64999389648438,98722000,0.013363421550624865,160.05021220674735,158.9977326812743,AMZN,Amazon.com Inc.,
2021-01-22,164.6114959716797,164.6114959716797,166.0955047607422,164.1580047607422,165.2154998779297,56438000,-0.00446331304512726,161.19053314798043,159.50807479858386,AMZN,Amazon.com Inc.,
2021-01-25,164.6999969482422,164.6999969482422,168.1945037841797,162.15750122070312,166.4250030517578,74996000,0.0005376354551673845,162.06789909804587,159.98006772128008,AMZN,Amazon.com Inc.,
2021-01-26,166.30650329589844,166.30650329589844,166.89999389648438,164.14349365234375,164.8179931640625,59104000,0.009754137082109926,163.127550147509,160.55519822806355,AMZN,Amazon.com Inc.,
2021-01-27,161.62899780273438,161.62899780273438,167.3260040283203,160.35400390625,167.07449340820312,93204000,-0.02812581228312927,162.75291206131533,160.65281637121544,AMZN,Amazon.com Inc.,
2021-01-28,161.88099670410156,161.88099670410156,165.08399963378906,161.4344940185547,161.7519989013672,62984000,0.0015591193708615059,162.5349332220119,160.76446912875053,AMZN,Amazon.com Inc.,
2021-01-29,160.30999755859375,160.30999755859375,161.84950256347656,159.2274932861328,161.5,85872000,-0.009704654514695155,161.97869930615735,160.72315353146354,AMZN,Amazon.com Inc.,
2021-02-01,167.1439971923828,167.1439971923828,167.51300048828125,161.75149536132812,162.1179962158203,83204000,0.042629902924745666,163.27002377771373,161.3068665915471,AMZN,Amazon.com Inc.,
2021-02-02,169.0,169.0,171.38699340820312,168.05650329589844,169.0,141972000,0.011104214562255077,164.7025178332853,162.0062423559519,AMZN,Amazon.com Inc.,
2021-02-03,165.62649536132812,165.62649536132812,171.6999969482422,165.43099975585938,171.25050354003906,141776000,-0.019961565909300982,164.933512215296,162.33535626553154,AMZN,Amazon.com Inc.,
2021-02-04,166.5500030517578,166.5500030517578,167.35000610351562,163.8874969482422,166.5,73414000,0.005575845147329783,165.33763492441145,162.7185059733703,AMZN,Amazon.com Inc.,
2021-02-05,167.6074981689453,167.6074981689453,168.85000610351562,165.135498046875,165.9499969482422,72416000,0.006349415177487883,165.90510073554492,163.16295980933165,AMZN,Amazon.com Inc.,
2021-02-08,166.14700317382812,166.14700317382812,168.25,165.1999969482422,167.9250030517578,65148000,-0.008713780773966562,165.96557634511572,163.43423647883134,AMZN,Amazon.com Inc.,
2021-02-09,165.25,165.25,166.89999389648438,164.89199829101562,165.62449645996094,44070000,-0.00539885256244832,165.78668225883678,163.59930588984668,AMZN,Amazon.com Inc.,
2021-02-10,164.32899475097656,164.32899475097656,165.8975067138672,162.6999969482422,165.6999969482422,63032000,-0.005573405440383872,165.42226038187172,163.6656412408585,AMZN,Amazon.com Inc.,
2021-02-11,163.10650634765625,163.10650634765625,164.60000610351562,162.4029998779297,164.60000610351562,46028000,-0.007439273910078148,164.84332187331785,163.6148107960219,AMZN,Amazon.com Inc.,
2021-02-12,163.885498046875,163.885498046875,164.0124969482422,161.66549682617188,162.5,46706000,0.004775969497859078,164.60386591670715,163.63941872791764,AMZN,Amazon.com Inc.,
2021-02-16,163.44749450683594,163.44749450683594,165.4149932861328,162.67950439453125,162.70249938964844,51494000,-0.0026726192693009576,164.31477306423935,163.62197107145568,AMZN,Amazon.com Inc.,
2021-02-17,165.4320068359375,165.4320068359375,166.04550170898438,162.97500610351562,163.17999267578125,65950000,0.012141589169594624,164.59408150716388,163.78651977731766,AMZN,Amazon.com Inc.,
2021-02-18,166.4114990234375,166.4114990234375,166.89999389648438,163.69700622558594,164.12100219726562,60548000,0.005920814274298136,165.04843588623228,164.02515425423766,AMZN,Amazon.com Inc.,
2021-02-19,162.4949951171875,162.4949951171875,166.6750030517578,162.28750610351562,166.4114990234375,86104000,-0.023535055745747435,164.4100756939711,163.8860488781422,AMZN,Amazon.com Inc.,
2021-02-22,159.03700256347656,159.03700256347656,161.61599731445312,158.61300659179688,160.406494140625,70314000,-0.021280609604111933,163.06680741134747,163.44522648589984,AMZN,Amazon.com Inc.,
2021-02-23,159.72500610351562,159.72500610351562,160.2364959716797,154.67999267578125,156.35150146484375,93544000,0.004326059526709614,162.23135708438951,163.1070246329558,AMZN,Amazon.com Inc.,
2021-02-24,157.97650146484375,157.97650146484375,158.56149291992188,156.2689971923828,158.33749389648438,60226000,-0.010946968676518232,161.16764317950307,162.64061343585473,AMZN,Amazon.com Inc.,
2021-02-25,152.85800170898438,152.85800170898438,158.91299438476562,152.38800048828125,156.83700561523438,90676000,-0.03240038681954516,159.0902328118734,161.75128509704834,AMZN,Amazon.com Inc.,
2021-02-26,154.64649963378906,154.64649963378906,156.1219940185547,151.8350067138672,154.75999450683594,85518000,0.011700387973209825,157.9792995173523,161.1053955094793,AMZN,Amazon.com Inc.,
2021-03-01,157.3070068359375,157.3070068359375,157.47799682617188,154.89950561523438,156.39450073242188,54582000,0.017203798394717307,157.8112263469986,160.7600874482482,AMZN,Amazon.com Inc.,
2021-03-02,154.72650146484375,154.72650146484375,158.17599487304688,154.3560028076172,157.17349243164062,51916000,-0.016404262105025436,157.0400451264599,160.21157963157506,AMZN,Amazon.com Inc.,
2021-03-03,150.25,150.25,155.38900756835938,149.75,154.0590057373047,79774000,-0.02893170479822993,155.34253384484492,159.30598148325004,AMZN,Amazon.com Inc.,
2021-03-04,148.8784942626953,148.8784942626953,152.906494140625,147.27149963378906,150.60000610351562,109632000,-0.009128157985388907,153.72652394930753,158.35802809956323,AMZN,Amazon.com Inc.,
2021-03-05,150.0229949951172,150.0229949951172,150.4499969482422,144.0500030517578,150.25,107772000,0.007687481916645478,152.80064171075995,157.60029781734085,AMZN,Amazon.com Inc.,
2021-03-08,147.59750366210938,147.59750366210938,153.22950744628906,147.5655059814453,150.75,83700000,-0.016167463748385735,151.4998571985973,156.69095289413798,AMZN,Amazon.com Inc.,
2021-03-09,153.1425018310547,153.1425018310547,154.54800415039062,150.25750732421875,150.89950561523438,80600000,0.03756837366056898,151.91051835671166,156.36836643385766,AMZN,Amazon.com Inc.,
2021-03-10,152.8820037841797,152.8820037841797,155.822998046875,151.50250244140625,154.92250061035156,60250000,-0.0017010173123747085,152.15338971357866,156.05142437479603,AMZN,Amazon.com Inc.,
2021-03-11,155.67950439453125,155.67950439453125,156.58900451660156,154.14649963378906,155.20050048828125,55528000,0.018298429776605563,153.0349183838168,156.01761346749922,AMZN,Amazon.com Inc.,
2021-03-12,154.47450256347656,154.47450256347656,154.94900512695312,152.27499389648438,153.75,48438000,-0.0077402727850476305,153.39481442873173,155.8773306580426,AMZN,Amazon.com Inc.,
2021-03-15,154.08399963378906,154.08399963378906,154.11199951171875,151.60450744628906,153.72850036621094,58272000,-0.0025279442445658162,153.56711072999607,155.71430056492866,AMZN,Amazon.com Inc.,
2021-03-16,154.59300231933594,154.59300231933594,156.44549560546875,153.79299926757812,155.24850463867188,50776000,0.0033034103914528767,153.82358362733103,155.61236436078386,AMZN,Amazon.com Inc.,
2021-03-17,156.7864990234375,156.7864990234375,158.65249633789062,153.51100158691406,153.66099548339844,62372000,0.014188848597238346,154.56431247635766,155.71910387557057,AMZN,Amazon.com Inc.,
2021-03-18,151.39950561523438,151.39950561523438,155.8314971923828,151.25,155.0500030517578,72992000,-0.03435878370750434,153.77311076107685,155.3264131246309,AMZN,Amazon.com Inc.,
2021-03-19,153.7480010986328,153.7480010986328,153.864501953125,150.8314971923828,151.4615020751953,92508000,0.015511909856343209,153.76683334546584,155.18292112226743,AMZN,Amazon.com Inc.,
2021-03-22,155.5435028076172,155.5435028076172,156.32899475097656,153.00250244140625,153.3925018310547,58044000,0.01167821172408301,154.2110007110037,155.21570127548102,AMZN,Amazon.com Inc.,
2021-03-23,156.875,156.875,159.10000610351562,156.04249572753906,156.35000610351562,76346000,0.008560288075996736,154.87700053325278,155.36654661407366,AMZN,Amazon.com Inc.,
2021-03-24,154.35350036621094,154.35350036621094,158.0155029296875,154.25750732421875,157.552001953125,59180000,-0.016073304438495972,154.7461254914923,155.27445150063159,AMZN,Amazon.com Inc.,
2021-03-25,152.31300354003906,152.31300354003906,155.48899841308594,151.85699462890625,153.64950561523438,71270000,-0.013219634289670767,154.137845003629,155.00522895875952,AMZN,Amazon.com Inc.,
2021-03-26,152.60150146484375,152.60150146484375,152.83299255371094,149.8000030517578,152.2030029296875,66258000,0.0018941122432061253,153.7537591189327,154.78670827749445,AMZN,Amazon.com Inc.,
2021-03-29,153.7864990234375,153.7864990234375,154.5625,151.42250061035156,152.77200317382812,54920000,0.007765307334585803,153.76194409505888,154.69578016348927,AMZN,Amazon.com Inc.,
2021-03-30,152.76449584960938,152.76449584960938,153.64999389648438,151.6999969482422,153.50050354003906,46752000,-0.006645597502498379,153.5125820336965,154.52020886222746,AMZN,Amazon.com Inc.,
2021-03-31,154.70399475097656,154.70399475097656,155.9665069580078,153.125,153.2030029296875,61878000,0.01269600564306872,153.81043521301652,154.53691667029557,AMZN,Amazon.com Inc.,
2021-04-01,158.0500030517578,158.0500030517578,158.1219940185547,155.77749633789062,155.89700317382812,58806000,0.02162845443110406,154.87032717270185,154.8562881595194,AMZN,Amazon.com Inc.,
2021-04-05,161.3365020751953,161.3365020751953,161.79800415039062,158.06199645996094,158.64999389648438,66698000,0.02079404593469847,156.4868708983252,155.44539851548993,AMZN,Amazon.com Inc.,
2021-04-06,161.1909942626953,161.1909942626953,162.36549377441406,160.8520050048828,161.1875,50756000,-0.0009018902147276409,157.66290173941775,155.9677254015995,AMZN,Amazon.com Inc.,
2021-04-07,163.96949768066406,163.96949768066406,165.1804962158203,161.1824951171875,161.69000244140625,66924000,0.01723733655641202,159.23955072472933,156.69515924515082,AMZN,Amazon.com Inc.,
2021-04-08,164.96499633789062,164.96499633789062,166.22500610351562,164.60000610351562,165.5449981689453,56242000,0.006071242952548017,160.67091212801967,157.44696261721808,AMZN,Amazon.com Inc.,
2021-04-09,168.61000061035156,168.61000061035156,168.61000061035156,164.44500732421875,165.23500061035156,86830000,0.02209562242522667,162.65568424860265,158.46178425295747,AMZN,Amazon.com Inc.,
2021-04-12,168.96949768066406,168.96949768066406,169.7519989013672,167.5574951171875,167.760498046875,65636000,0.0021321218730274705,164.234137606618,159.4170309282035,AMZN,Amazon.com Inc.,
2021-04-13,170.0,170.0,171.60000610351562,169.781494140625,170.04249572753906,66316000,0.006098747605224553,165.6756032049635,160.37911902563957,AMZN,Amazon.com Inc.,
2021-04-14,166.64999389648438,166.64999389648438,170.2064971923828,166.3000030517578,170.20199584960938,62904000,-0.01970591825597423,165.9192008778437,160.9491985593527,AMZN,Amazon.com Inc.,
2021-04-15,168.95449829101562,168.95449829101562,169.85000610351562,167.60000610351562,168.5500030517578,64672000,0.013828409714570444,166.6780252311367,161.67695308041297,AMZN,Amazon.com Inc.,
2021-04-16,169.9720001220703,169.9720001220703,170.33999633789062,167.7794952392578,169.0,63720000,0.006022342354579324,167.50151895387012,162.4310482660182,AMZN,Amazon.com Inc.,
2021-04-19,168.60049438476562,168.60049438476562,171.79649353027344,168.00799560546875,169.51649475097656,54508000,-0.00806900981526193,167.776262811594,162.99190700408616,AMZN,Amazon.com Inc.,
2021-04-20,166.7344970703125,166.7344970703125,169.14950561523438,165.8000030517578,168.67999267578125,52460000,-0.011067567276491497,167.5158213762736,163.33214246465218,AMZN,Amazon.com Inc.,
2021-04-21,168.1009979248047,168.1009979248047,168.14300537109375,165.1905059814453,165.8000030517578,44224000,0.008195669633476843,167.66211551340638,163.76567477921148,AMZN,Amazon.com Inc.,
2021-04-22,165.45199584960938,165.45199584960938,168.64349365234375,165.07249450683594,168.58399963378906,51612000,-0.015758395892332966,167.1095855974571,163.91897669470217,AMZN,Amazon.com Inc.,
2021-04-23,167.04400634765625,167.04400634765625,168.75,165.4250030517578,165.9550018310547,63856000,0.00962218974677076,167.0931907850069,164.20307029951618,AMZN,Amazon.com Inc.,
2021-04-26,170.4499969482422,170.4499969482422,171.42250061035156,166.5469970703125,167.39999389648438,97614000,0.020389780364207244,167.93239232581573,164.77097272212765,AMZN,Amazon.com Inc.,
2021-04-27,170.8715057373047,170.8715057373047,173.0,169.90049743652344,172.17349243164062,76542000,0.0024729175512423485,168.66717067868797,165.32556663259828,AMZN,Amazon.com Inc.,
2021-04-28,172.9250030517578,172.9250030517578,174.49400329589844,171.25,171.74000549316406,92638000,0.012017786731569835,169.73162877195543,166.0164244888855,AMZN,Amazon.com Inc.,
2021-04-29,173.5655059814453,173.5655059814453,175.72250366210938,171.75,175.2550048828125,153648000,0.0037039347600635875,170.6900980743279,166.70270462457273,AMZN,Amazon.com Inc.,
2021-04-30,173.37100219726562,173.37100219726562,177.6999969482422,173.125,176.25599670410156,140186000,-0.001120636171800582,171.36032410506232,167.30891349481755,AMZN,Amazon.com Inc.,
2021-05-03,169.32449340820312,169.32449340820312,174.33250427246094,168.63499450683594,174.2364959716797,117510000,-0.023340170719312603,170.85136643084752,167.49214803239803,AMZN,Amazon.com Inc.,
2021-05-04,165.593505859375,165.593505859375,168.3990020751953,163.60650634765625,167.8094940185547,108788000,-0.022034541333801894,169.5369012879794,167.31954419848685,AMZN,Amazon.com Inc.,
2021-05-05,163.52699279785156,163.52699279785156,167.73500061035156,163.21800231933594,166.9429931640625,74226000,-0.012479432999494278,168.03442416544743,166.9747667984291,AMZN,Amazon.com Inc.,
2021-05-06,165.31849670410156,165.31849670410156,165.72000122070312,162.36000061035156,163.5,88954000,0.010955401769447537,167.35544230011095,166.82419678985386,AMZN,Amazon.com Inc.,
2021-05-07,164.58050537109375,164.58050537109375,166.54449462890625,164.45350646972656,165.95449829101562,94206000,-0.0044640578502762596,166.66170806785664,166.62022484269383,AMZN,Amazon.com Inc.,
2021-05-10,159.52450561523438,159.52450561523438,164.14999389648438,159.5,164.11599731445312,116772000,-0.03072052637375966,164.87740745470109,165.97515945837932,AMZN,Amazon.com Inc.,
2021-05-11,161.19549560546875,161.19549560546875,161.89999389648438,156.36849975585938,156.81399536132812,92396000,0.010474816917876772,163.956929492393,165.5406445626602,AMZN,Amazon.com Inc.,
2021-05-12,157.5970001220703,157.5970001220703,160.39700317382812,156.65499877929688,159.25,98728000,-0.022323796765424953,162.36694714981232,164.8184950680611,AMZN,Amazon.com Inc.,
2021-05-13,158.07350158691406,158.07350158691406,160.19200134277344,156.64999389648438,159.27349853515625,67018000,0.0030235440044839024,161.29358575908776,164.20531384250228,AMZN,Amazon.com Inc.,
2021-05-14,161.14500427246094,161.14500427246094,161.4429931640625,159.14999389648438,159.2779998779297,66500000,0.019430851184491837,161.25644038743104,163.92710388158943,AMZN,Amazon.com Inc.,
2021-05-17,163.51950073242188,163.51950073242188,164.6374969482422,161.72950744628906,162.29649353027344,74478000,0.0147351540352203,161.82220547367876,163.89004904984694,AMZN,Amazon.com Inc.,
2021-05-18,161.61399841308594,161.61399841308594,165.60000610351562,161.51849365234375,164.62899780273438,56568000,-0.011653058569779051,161.77015370853056,163.68313535559594,AMZN,Amazon.com Inc.,
2021-05-19,161.58999633789062,161.58999633789062,161.7375030517578,159.1999969482422,159.75,53594000,-0.000148514828115065,161.72511436587058,163.49284999035,AMZN,Amazon.com Inc.,
2021-05-20,162.38400268554688,162.38400268554688,162.98399353027344,161.8090057373047,162.22000122070312,52664000,0.004913709794237331,161.88983644578965,163.39204568991335,AMZN,Amazon.com Inc.,
2021-05-21,160.1540069580078,160.1540069580078,162.83450317382812,159.85049438476562,162.5,82098000,-0.013732853548741542,161.4558790738442,163.0976785324674,AMZN,Amazon.com Inc.,
2021-05-24,162.24949645996094,162.24949645996094,162.8975067138672,160.52499389648438,160.77499389648438,48456000,0.013084215261017773,161.65428342037336,163.02057107133044,AMZN,Amazon.com Inc.,
2021-05-25,162.95249938964844,162.95249938964844,163.99099731445312,160.68800354003906,163.33349609375,65222000,0.004332851226203749,161.97883741269214,163.01438273663206,AMZN,Amazon.com Inc.,
2021-05-26,163.25799560546875,163.25799560546875,164.7864990234375,162.92550659179688,163.72950744628906,47680000,0.0018747562447005706,162.29862696088628,163.03652936107176,AMZN,Amazon.com Inc.,
2021-05-27,161.5054931640625,161.5054931640625,163.01800537109375,161.5019989013672,162.8000030517578,51224000,-0.010734558114025683,162.10034351168034,162.89734425225274,AMZN,Amazon.com Inc.,
2021-05-28,161.15350341796875,161.15350341796875,162.39950561523438,160.98500061035156,162.10000610351562,46596000,-0.0021794289420000723,161.86363348825245,162.73881326731782,AMZN,Amazon.com Inc.,
2021-06-01,160.9324951171875,160.9324951171875,162.5489959716797,160.4530029296875,162.1750030517578,48600000,-0.0013714148069622345,161.63084889548622,162.57460252639686,AMZN,Amazon.com Inc.,
2021-06-02,161.69949340820312,161.69949340820312,161.75,160.39999389648438,161.15499877929688,40290000,0.004765962837133042,161.64801002366545,162.49504715201562,AMZN,Amazon.com Inc.,
2021-06-03,159.35049438476562,159.35049438476562,160.7220001220703,159.20150756835938,160.2115020751953,47966000,-0.014526941142032901,161.0736311139405,162.20917871862926,AMZN,Amazon.com Inc.,
2021-06-04,160.31100463867188,160.31100463867188,161.0500030517578,159.9405059814453,160.60000610351562,44994000,0.006027657821926935,160.88297449512334,162.03661743863313,AMZN,Amazon.com Inc.,
2021-06-07,159.90049743652344,159.90049743652344,160.39999389648438,158.61000061035156,159.8665008544922,44316000,-0.0025606925929613222,160.63735523047336,161.84242471116863,AMZN,Amazon.com Inc.,
2021-06-08,163.20550537109375,163.20550537109375,163.97650146484375,160.90049743652344,161.1304931640625,68334000,0.020669153552085318,161.27939276562847,161.96634113479817,AMZN,Amazon.com Inc.,
2021-06-09,164.0574951171875,164.0574951171875,164.87899780273438,163.53500366210938,163.64349365234375,49110000,0.005220349302289318,161.97391835351823,162.15644604228808,AMZN,Amazon.com Inc.,
2021-06-10,167.4824981689453,167.4824981689453,167.5500030517578,164.0574951171875,164.10049438476562,69530000,0.02087684594544914,163.351063307375,162.64063259925692,AMZN,Amazon.com Inc.,
2021-06-11,167.3415069580078,167.3415069580078,168.32899475097656,166.67250061035156,167.4824981689453,56348000,-0.0008418265339896758,164.34867422003322,163.0679848136888,AMZN,Amazon.com Inc.,
2021-06-14,169.19349670410156,169.19349670410156,169.25,166.77499389648438,167.3415069580078,51394000,0.011067127216432215,165.5598798410503,163.62484953099906,AMZN,Amazon.com Inc.,
2021-06-15,169.156494140625,169.156494140625,169.84950256347656,168.15550231933594,169.1999969482422,48524000,-0.0002186996793457352,166.45903341594396,164.12772631369234,AMZN,Amazon.com Inc.,
2021-06-16,170.7624969482422,170.7624969482422,171.3175048828125,168.02650451660156,169.60000610351562,84056000,0.0094941835711142,167.53489929901852,164.73088728046957,AMZN,Amazon.com Inc.,
2021-06-17,174.46200561523438,174.46200561523438,174.86000061035156,170.0500030517578,170.15899658203125,102730000,0.02166464377780497,169.26667587807248,165.61553440181183,AMZN,Amazon.com Inc.,
2021-06-18,174.34500122070312,174.34500122070312,175.35000610351562,173.6855010986328,173.99949645996094,104954000,-0.0006706583139327593,170.53625721373015,166.4091222944383,AMZN,Amazon.com Inc.,
2021-06-21,172.697998046875,172.697998046875,174.10000610351562,171.6999969482422,173.8209991455078,65542000,-0.009446804682075038,171.07669242201638,166.98083827193256,AMZN,Amazon.com Inc.,
2021-06-22,175.27200317382812,175.27200317382812,176.18899536132812,172.80450439453125,172.9029998779297,66902000,0.01490466106187549,172.12552010996933,167.73458053574123,AMZN,Amazon.com Inc.,
2021-06-23,175.1909942626953,175.1909942626953,176.0500030517578,174.16000366210938,175.25,56266000,-0.0004621896804161141,172.89188864815083,168.4124363291007,AMZN,Amazon.com Inc.,
2021-06-24,172.45399475097656,172.45399475097656,176.2429962158203,171.54249572753906,175.3820037841797,76640000,-0.015622946391951387,172.78241517385726,168.7798507310894,AMZN,Amazon.com Inc.,
2021-06-25,170.072998046875,170.072998046875,173.24099731445312,169.70899963378906,173.1999969482422,78820000,-0.013806561613952328,172.10506089211168,168.897409577979,AMZN,Amazon.com Inc.,
2021-06-28,172.1945037841797,172.1945037841797,172.39999389648438,170.67550659179688,170.8000030517578,44856000,0.012474089136242261,172.1274216151287,169.19714541490632,AMZN,Amazon.com Inc.,
2021-06-29,172.40699768066406,172.40699768066406,172.80149841308594,171.15150451660156,171.9409942626953,41968000,0.0012340341405479016,172.19731563151254,169.48895016633884,AMZN,Amazon.com Inc.,
2021-06-30,172.00799560546875,172.00799560546875,173.5800018310547,171.75,172.05299377441406,48080000,-0.0023143032508132766,172.1499856250016,169.71795429716883,AMZN,Amazon.com Inc.,
2021-07-01,171.64849853515625,171.64849853515625,172.85000610351562,170.4709930419922,171.73049926757812,40742000,-0.0020900020900020966,172.02461385254026,169.89345831880405,AMZN,Amazon.com Inc.,
2021-07-02,175.5489959716797,175.5489959716797,175.58599853515625,171.8459930419922,172.58200073242188,63388000,0.022723749230608936,172.9057093823251,170.40759810542912,AMZN,Amazon.com Inc.,
2021-07-06,183.78700256347656,183.78700256347656,184.2740020751953,176.4499969482422,176.5054931640625,134896000,0.04692710742205475,175.62603267761298,171.62390760161523,AMZN,Amazon.com Inc.,
2021-07-07,184.82899475097656,184.82899475097656,186.7100067138672,183.94549560546875,185.86900329589844,106562000,0.005669564076709488,177.92677319595387,172.82437006973896,AMZN,Amazon.com Inc.,
2021-07-08,186.57049560546875,186.57049560546875,187.99949645996094,181.05599975585938,182.17799377441406,103612000,0.009422227593882448,180.0877037983326,174.07401784571437,AMZN,Amazon.com Inc.,
2021-07-09,185.9669952392578,185.9669952392578,187.39999389648438,184.6699981689453,186.12600708007812,74964000,-0.003234704202571881,181.55752665856392,175.15519760876376,AMZN,Amazon.com Inc.,
2021-07-12,185.92750549316406,185.92750549316406,187.864501953125,184.83949279785156,187.1999969482422,51432000,-0.00021234814297532711,182.65002136721395,176.13449832552743,AMZN,Amazon.com Inc.,
2021-07-13,183.8679962158203,183.8679962158203,188.6540069580078,183.5659942626953,185.10499572753906,76918000,-0.011076947823728367,182.95451507936554,176.83754358828133,AMZN,Amazon.com Inc.,
2021-07-14,184.08399963378906,184.08399963378906,185.88299560546875,183.04150390625,185.4425048828125,65932000,0.0011747744165069296,183.2368862179714,177.49631231969113,AMZN,Amazon.com Inc.,
2021-07-15,181.55999755859375,181.55999755859375,184.77000427246094,181.04600524902344,184.7100067138672,63706000,-0.013711143174944485,182.81766405312698,177.86573825050047,AMZN,Amazon.com Inc.,
2021-07-16,178.68150329589844,178.68150329589844,182.30299377441406,178.5229949951172,181.66549682617188,80874000,-0.01585423166667732,181.78362386381986,177.939898709173,AMZN,Amazon.com Inc.,
2021-07-19,177.47950744628906,177.47950744628906,177.510498046875,174.95799255371094,176.62899780273438,75692000,-0.006727030092302577,180.70759475943714,177.89804495800175,AMZN,Amazon.com Inc.,
2021-07-20,178.6595001220703,178.6595001220703,179.60000610351562,175.89999389648438,178.36599731445312,65114000,0.0066486136498793424,180.19557110009544,177.96726815473525,AMZN,Amazon.com Inc.,
2021-07-21,179.25999450683594,179.25999450683594,179.32249450683594,177.1820068359375,178.81900024414062,46380000,0.003361110852517335,179.96167695178056,178.08478873219894,AMZN,Amazon.com Inc.,
2021-07-22,181.90150451660156,181.90150451660156,182.00100708007812,179.11349487304688,179.3614959716797,65308000,0.014735635895966048,180.44663384298582,178.43176289441737,AMZN,Amazon.com Inc.,
2021-07-23,182.83200073242188,182.83200073242188,183.3054962158203,181.1020050048828,182.0,48726000,0.005115384934792466,181.04297556534482,178.83178451605414,AMZN,Amazon.com Inc.,
2021-07-26,184.99099731445312,184.99099731445312,185.60400390625,182.3625030517578,183.6584930419922,58002000,0.01180863619816197,182.0299810026219,179.39171295227223,AMZN,Amazon.com Inc.,
2021-07-27,181.3195037841797,181.3195037841797,184.9250030517578,179.3074951171875,184.9250030517578,82638000,-0.019846876786293155,181.85236169801135,179.56696666426382,AMZN,Amazon.com Inc.,
2021-07-28,181.51600646972656,181.51600646972656,182.92100524902344,180.0500030517578,181.68899536132812,59988000,0.0010837371680696428,181.76827289094015,179.74415210112406,AMZN,Amazon.com Inc.,
2021-07-29,179.99600219726562,179.99600219726562,181.8975067138672,179.00050354003906,181.3874969482422,110400000,-0.008373940689987869,181.32520521752153,179.76704756440967,AMZN,Amazon.com Inc.,
2021-07-30,166.37950134277344,166.37950134277344,168.40699768066406,165.3489990234375,167.3975067138672,199312000,-0.07564890713277761,177.5887792488345,178.54999790789728,AMZN,Amazon.com Inc.,
2021-08-02,166.57400512695312,166.57400512695312,167.9459991455078,165.85000610351562,167.65499877929688,67078000,0.0011690369463182027,174.83508571836416,177.46127129144782,AMZN,Amazon.com Inc.,
2021-08-03,168.31199645996094,168.31199645996094,169.5500030517578,164.98849487304688,167.03599548339844,83146000,0.01043374884144277,173.20431340376336,176.62951903403993,AMZN,Amazon.com Inc.,
2021-08-04,167.73599243164062,167.73599243164062,169.44400024414062,167.2779998779297,168.96749877929688,43678000,-0.0034222398904129037,171.8372331607327,175.82101661564,AMZN,Amazon.com Inc.,
2021-08-05,168.79949951171875,168.79949951171875,169.4499969482422,167.04600524902344,167.81100463867188,48670000,0.006340362999381677,171.0777997484792,175.18269687891987,AMZN,Amazon.com Inc.,
2021-08-06,167.2469940185547,167.2469940185547,168.75,166.45199584960938,168.75,52752000,-0.009197334693852421,170.12009831599806,174.46126934615938,AMZN,Amazon.com Inc.,
2021-08-09,167.093505859375,167.093505859375,167.74400329589844,166.42599487304688,167.1804962158203,42964000,-0.0009177334401756498,169.36345020184228,173.7914726655426,AMZN,Amazon.com Inc.,
2021-08-10,166.03399658203125,166.03399658203125,167.89999389648438,165.75,167.25050354003906,48252000,-0.006340816609805455,168.53108679688953,173.08624756704157,AMZN,Amazon.com Inc.,
2021-08-11,164.60549926757812,164.60549926757812,166.88499450683594,163.88949584960938,166.57249450683594,58944000,-0.008603643493863333,167.54968991456167,172.31527044890854,AMZN,Amazon.com Inc.,
2021-08-12,165.1750030517578,165.1750030517578,165.72549438476562,163.48350524902344,164.5,46282000,0.003459810192938395,166.9560181988607,171.66615523098574,AMZN,Amazon.com Inc.,
2021-08-13,164.69850158691406,164.69850158691406,165.30349731445312,164.14999389648438,165.2834930419922,41134000,-0.0028848279463596915,166.39163904587406,171.03273217243375,AMZN,Amazon.com Inc.,
2021-08-16,164.94949340820312,164.94949340820312,165.0,160.55650329589844,164.14999389648438,66394000,0.0015239472057770875,166.03110263645632,170.4797104665946,AMZN,Amazon.com Inc.,
2021-08-17,162.09800720214844,162.09800720214844,164.02450561523438,161.28399658203125,163.875,67758000,-0.01728702615047184,165.04782877787935,169.71773744255404,AMZN,Amazon.com Inc.,
2021-08-18,160.06100463867188,160.06100463867188,162.7050018310547,160.0,162.09950256347656,56086000,-0.012566487390164305,163.80112274307749,168.8398526422011,AMZN,Amazon.com Inc.,
2021-08-19,159.3874969482422,159.3874969482422,161.64999389648438,159.1230010986328,159.7010040283203,75658000,-0.0042078187123096855,162.69771629436866,167.9805475791139,AMZN,Amazon.com Inc.,
2021-08-20,159.99749755859375,159.99749755859375,160.3905029296875,158.78799438476562,160.19349670410156,67168000,0.003827154714335368,162.02266161042493,167.25481575906662,AMZN,Amazon.com Inc.,
2021-08-23,163.2935028076172,163.2935028076172,164.0449981689453,160.50050354003906,160.59500122070312,65362000,0.02060035500127988,162.340371909723,166.89469639984392,AMZN,Amazon.com Inc.,
2021-08-24,165.28900146484375,165.28900146484375,165.77450561523438,163.72900390625,164.0,51036000,0.012220318769066596,163.07752929850318,166.74872413302572,AMZN,Amazon.com Inc.,
2021-08-25,164.95899963378906,164.95899963378906,166.0500030517578,164.3074951171875,165.49349975585938,33606000,-0.0019965141547840792,163.54789688232466,166.58602190582238,AMZN,Amazon.com Inc.,
2021-08-26,165.8000030517578,165.8000030517578,166.60000610351562,164.8000030517578,164.9499969482422,41976000,0.005098257262930783,164.11092342468294,166.51456564636197,AMZN,Amazon.com Inc.,
2021-08-27,167.48150634765625,167.48150634765625,167.61599731445312,165.6875,166.6614990234375,48048000,0.01014175672465778,164.95356915542627,166.60246934647964,AMZN,Amazon.com Inc.,
2021-08-30,171.07850646972656,171.07850646972656,172.25,167.76100158691406,167.8715057373047,63844000,0.021476998866989616,166.48480348400133,167.00938181222935,AMZN,Amazon.com Inc.,
2021-08-31,173.5395050048828,173.5395050048828,173.62899780273438,169.7794952392578,171.24000549316406,87128000,0.01438520002272603,168.2484788642217,167.60302937519785,AMZN,Amazon.com Inc.,
2021-09-01,173.9499969482422,173.9499969482422,176.35000610351562,173.76199340820312,174.82000732421875,72598000,0.0023654092095504176,169.67385838522682,168.1800264272928,AMZN,Amazon.com Inc.,
2021-09-02,173.156005859375,173.156005859375,175.59800720214844,172.75,174.73800659179688,58474000,-0.004564478889317991,170.54439525376387,168.6323881938457,AMZN,Amazon.com Inc.,
2021-09-03,173.90249633789062,173.90249633789062,174.1334991455078,171.82200622558594,172.60000610351562,51514000,0.004311086264728647,171.38392052479554,169.11148893421344,AMZN,Amazon.com Inc.,
2021-09-07,175.46449279785156,175.46449279785156,176.4044952392578,173.8470001220703,173.89999389648438,54758000,0.008982024369138308,172.40406359305956,169.6890347399987,AMZN,Amazon.com Inc.,
2021-09-08,176.27499389648438,176.27499389648438,177.281494140625,174.7834930419922,175.58250427246094,61068000,0.004619174430729789,173.37179616891575,170.2877582996792,AMZN,Amazon.com Inc.,
2021-09-09,174.20799255371094,174.20799255371094,177.49949645996094,174.01849365234375,176.30099487304688,54384000,-0.011726004336084506,173.58084526511453,170.6441432318639,AMZN,Amazon.com Inc.,
2021-09-10,173.45750427246094,173.45750427246094,175.42250061035156,173.14549255371094,175.0915069580078,47946000,-0.004308001431212238,173.55001001695115,170.89990332646363,AMZN,Amazon.com Inc.,
2021-09-13,172.85850524902344,172.85850524902344,174.8979949951172,171.89999389648438,174.13999938964844,51380000,-0.0034532897607970625,173.37713382496923,171.07795804669632,AMZN,Amazon.com Inc.,
2021-09-14,172.5,172.5,174.3404998779297,171.885498046875,173.77749633789062,38738000,-0.002073980962099431,173.15785036872694,171.20723458790576,AMZN,Amazon.com Inc.,
2021-09-15,173.7895050048828,173.7895050048828,174.27099609375,170.10049438476562,172.12600708007812,59150000,0.007475391332653958,173.3157640277659,171.44198644399458,AMZN,Amazon.com Inc.,
2021-09-16,174.41200256347656,174.41200256347656,174.62750244140625,172.3070068359375,172.9980010986328,51672000,0.0035819053548502566,173.58982366169357,171.71198790940204,AMZN,Amazon.com Inc.,
2021-09-17,173.12600708007812,173.12600708007812,174.87049865722656,172.60650634765625,174.42050170898438,92332000,-0.007373319866162298,173.4738695162897,171.84053510673624,AMZN,Amazon.com Inc.,
2021-09-20,167.7864990234375,167.7864990234375,170.9499969482422,165.25050354003906,169.8000030517578,93382000,-0.03084174438431353,172.05202689307666,171.4719863718909,AMZN,Amazon.com Inc.,
2021-09-21,167.18150329589844,167.18150329589844,168.98500061035156,166.6195068359375,168.75,55618000,-0.0036057473697842513,170.8343959937821,171.08194245589158,AMZN,Amazon.com Inc.,
2021-09-22,169.00250244140625,169.00250244140625,169.4499969482422,167.05250549316406,167.5500030517578,48228000,0.01089234819407503,170.37642260568813,170.8929024545747,AMZN,Amazon.com Inc.,
2021-09-23,170.8000030517578,170.8000030517578,171.447998046875,169.00250244140625,169.00250244140625,47588000,0.01063594079605279,170.48231771720555,170.88445705431863,AMZN,Amazon.com Inc.,
2021-09-24,171.2760009765625,171.2760009765625,171.46299743652344,169.6699981689453,170.10049438476562,42324000,0.0027868730462519142,170.68073853204478,170.9200519563408,AMZN,Amazon.com Inc.,
2021-09-27,170.2899932861328,170.2899932861328,170.77850341796875,166.98049926757812,168.5749969482422,72690000,-0.005756835077931344,170.5830522205668,170.8627738954128,AMZN,Amazon.com Inc.,
2021-09-28,165.79800415039062,165.79800415039062,168.45950317382812,164.5050048828125,167.885498046875,88616000,-0.0263784679831095,169.38679020302277,170.40234028222895,AMZN,Amazon.com Inc.,
2021-09-29,165.05599975585938,165.05599975585938,167.56500244140625,164.89349365234375,166.10549926757812,51246000,-0.004475351789266391,168.30409259123192,169.91630932528625,AMZN,Amazon.com Inc.,
2021-09-30,164.2519989013672,164.2519989013672,166.3925018310547,163.69949340820312,165.8000030517578,56848000,-0.0048710792439015105,167.29106916876574,169.40137201402086,AMZN,Amazon.com Inc.,
2021-10-01,164.16299438476562,164.16299438476562,165.45849609375,162.7969970703125,164.45050048828125,56712000,-0.0005418778291703674,166.50905047276572,168.92515586590676,AMZN,Amazon.com Inc.,
2021-10-04,159.48899841308594,159.48899841308594,163.99949645996094,158.8125,163.96949768066406,90462000,-0.028471678341373097,164.75403745784578,168.06732337019577,AMZN,Amazon.com Inc.,
2021-10-05,161.0500030517578,161.0500030517578,163.0364990234375,160.1230010986328,160.22500610351562,65384000,0.00978753803838428,163.82802885632378,167.42938515942868,AMZN,Amazon.com Inc.,
2021-10-06,163.10049438476562,163.10049438476562,163.2169952392578,159.93099975585938,160.67649841308594,50660000,0.012732016728672857,163.64614523843426,167.0358496344593,AMZN,Amazon.com Inc.,
2021-10-07,165.1215057373047,165.1215057373047,166.28750610351562,164.1529998779297,164.57699584960938,48182000,0.012391203105561077,164.01498536315188,166.8618183710816,AMZN,Amazon.com Inc.,
2021-10-08,164.43099975585938,164.43099975585938,166.07150268554688,164.41000366210938,165.85000610351562,39964000,-0.004181805261295635,164.11898896132874,166.64083486060684,AMZN,Amazon.com Inc.,
2021-10-11,162.31500244140625,162.31500244140625,164.62950134277344,161.90499877929688,163.75,40684000,-0.01286860335091844,163.6679923313481,166.24757736795226,AMZN,Amazon.com Inc.,
2021-10-12,162.3665008544922,162.3665008544922,163.37649536132812,161.81399536132812,162.85000610351562,36392000,0.0003172745113595443,163.3426194621341,165.894752230365,AMZN,Amazon.com Inc.,
2021-10-13,164.21400451660156,164.21400451660156,164.41900634765625,163.05450439453125,163.48550415039062,48402000,0.011378601203982708,163.560465725751,165.7419569836592,AMZN,Amazon.com Inc.,
2021-10-14,164.9929962158203,164.9929962158203,165.6300048828125,164.53900146484375,165.12249755859375,42190000,0.004743759227551214,163.91859834826832,165.6738696411284,AMZN,Amazon.com Inc.,
2021-10-15,170.4510040283203,170.4510040283203,170.52099609375,165.1999969482422,165.5709991455078,103598000,0.03308023939004423,165.5516997682813,166.10815458541856,AMZN,Amazon.com Inc.,
2021-10-18,172.33700561523438,172.33700561523438,172.45849609375,169.2550048828125,169.41799926757812,63482000,0.011064772529006062,167.24802623001958,166.67441376994725,AMZN,Amazon.com Inc.,
2021-10-19,172.20750427246094,172.20750427246094,172.7344970703125,171.10000610351562,171.71449279785156,47722000,-0.0007514424560826072,168.4878957406299,167.17742199744848,AMZN,Amazon.com Inc.,
2021-10-20,170.7530059814453,170.7530059814453,173.14300537109375,170.01849365234375,172.63299560546875,42796000,-0.008446195751808605,169.05417330083375,167.50247508690273,AMZN,Amazon.com Inc.,
2021-10-21,171.75050354003906,171.75050354003906,172.01400756835938,170.14999389648438,170.71249389648438,37628000,0.005841756945129006,169.72825586063507,167.8886594917333,AMZN,Amazon.com Inc.,
2021-10-22,166.77749633789062,166.77749633789062,171.49200439453125,166.56500244140625,171.0500030517578,62782000,-0.028954833317208384,168.99056597994897,167.78764465956579,AMZN,Amazon.com Inc.,
2021-10-25,166.01849365234375,166.01849365234375,167.38999938964844,164.88499450683594,166.75,44520000,-0.004550989805058192,168.24754789804766,167.62681274981833,AMZN,Amazon.com Inc.,
2021-10-26,168.80349731445312,168.80349731445312,170.80599975585938,167.19900512695312,167.47549438476562,53966000,0.01677526160393561,168.38653525214903,167.73378407387602,AMZN,Amazon.com Inc.,
2021-10-27,169.62449645996094,169.62449645996094,171.85000610351562,168.57249450683594,169.39999389648438,54044000,0.004863638245470758,168.696025554102,167.90566701806557,AMZN,Amazon.com Inc.,
2021-10-28,172.32850646972656,172.32850646972656,173.9499969482422,169.3000030517578,170.10499572753906,114174000,0.01594115275917063,169.60414578300814,168.30774333185292,AMZN,Amazon.com Inc.,
2021-10-29,168.6215057373047,168.6215057373047,168.74099731445312,163.66600036621094,165.00100708007812,129722000,-0.021511245053778105,169.35848577158228,168.336267186894,AMZN,Amazon.com Inc.,
2021-11-01,165.90550231933594,165.90550231933594,168.79299926757812,164.6009979248047,168.08999633789062,72178000,-0.01610709978002456,168.4952399085207,168.11528856257053,AMZN,Amazon.com Inc.,
2021-11-02,165.6374969482422,165.6374969482422,166.55599975585938,164.17750549316406,165.75050354003906,52552000,-0.0016154097805501921,167.78080416845106,167.89003477944976,AMZN,Amazon.com Inc.,
2021-11-03,169.1999969482422,169.1999969482422,169.74600219726562,164.87600708007812,165.4499969482422,67944000,0.021507811127532195,168.13560236339885,168.00912224933998,AMZN,Amazon.com Inc.,
2021-11-04,173.85000610351562,173.85000610351562,174.93150329589844,168.25,168.5,107060000,0.02748232410840923,169.56420329842803,168.54011169062866,AMZN,Amazon.com Inc.,
2021-11-05,175.94949340820312,175.94949340820312,178.3125,173.8489990234375,173.85000610351562,99940000,0.01207642928374364,171.1605258258718,169.2136918467718,AMZN,Amazon.com Inc.,
2021-11-08,174.44900512695312,174.44900512695312,178.9499969482422,174.39300537109375,176.16200256347656,61480000,-0.008527948857282919,171.98264565114212,169.68962941769738,AMZN,Amazon.com Inc.,
2021-11-09,178.81149291992188,178.81149291992188,179.68850708007812,175.07150268554688,175.7624969482422,85898000,0.025007238016599764,173.68985746833707,170.5188897360814,AMZN,Amazon.com Inc.,
2021-11-10,174.1024932861328,174.1024932861328,180.2725067138672,173.1544952392578,178.19349670410156,80548000,-0.026334994227121156,173.793016422786,170.84467187699516,AMZN,Amazon.com Inc.,
2021-11-11,173.625,173.625,177.16200256347656,173.37350463867188,175.64999389648438,45288000,-0.0027425987825921982,173.7510123170895,171.09742897908652,AMZN,Amazon.com Inc.,
2021-11-12,176.25750732421875,176.25750732421875,177.0364990234375,172.3524932861328,174.25,53788000,0.015162029225161966,174.37763606887182,171.56652701046215,AMZN,Amazon.com Inc.,
2021-11-15,177.28399658203125,177.28399658203125,179.69400024414062,176.29049682617188,176.85000610351562,58594000,0.0058238044631160335,175.10422619716167,172.0862969715139,AMZN,Amazon.com Inc.,
2021-11-16,177.03500366210938,177.03500366210938,178.8249969482422,176.25750732421875,176.9499969482422,44342000,-0.001404486161877938,175.5869205633986,172.53617939793165,AMZN,Amazon.com Inc.,
2021-11-17,177.4499969482422,177.4499969482422,179.3625030517578,177.2675018310547,178.23599243164062,51206000,0.0023441312596286235,176.05268965960948,172.98289008432351,AMZN,Amazon.com Inc.,
2021-11-18,184.80299377441406,184.80299377441406,185.2100067138672,178.0500030517578,178.3175048828125,114070000,0.04143700734081479,178.24026568831061,174.05744496524085,AMZN,Amazon.com Inc.,
2021-11-19,183.82850646972656,183.82850646972656,188.1074981689453,183.78599548339844,185.63450622558594,98734000,-0.005273114275827329,179.6373258836646,174.94572328383046,AMZN,Amazon.com Inc.,
2021-11-22,178.6284942626953,178.6284942626953,185.67300415039062,178.375,183.81900024414062,96844000,-0.02828730052206352,179.38511797842227,175.28052064554544,AMZN,Amazon.com Inc.,
2021-11-23,179.0019989013672,179.0019989013672,181.05250549316406,176.385498046875,179.2519989013672,73804000,0.0020909577736383245,179.2893382091585,175.61883685062014,AMZN,Amazon.com Inc.,
2021-11-24,179.02049255371094,179.02049255371094,180.6820068359375,176.84249877929688,178.1334991455078,46560000,0.00010331533981333685,179.22212679529662,175.92807827817384,AMZN,Amazon.com Inc.,
2021-11-26,175.22799682617188,175.22799682617188,181.6750030517578,175.20750427246094,180.10499572753906,59826000,-0.021184701669844985,178.22359430301543,175.86443450981002,AMZN,Amazon.com Inc.,
2021-11-29,178.07850646972656,178.07850646972656,179.8000030517578,176.5749969482422,177.3820037841797,65312000,0.016267432688752415,178.1873223446932,176.06571377889333,AMZN,Amazon.com Inc.,
2021-11-30,175.35350036621094,175.35350036621094,179.2884979248047,174.60049438476562,178.1750030517578,80022000,-0.015302274022490625,177.47886685007262,176.0009671050131,AMZN,Amazon.com Inc.,
2021-12-01,172.18600463867188,172.18600463867188,177.99400329589844,172.0800018310547,177.25,74916000,-0.0180634873037836,176.15565129722245,175.6541523353457,AMZN,Amazon.com Inc.,
2021-12-02,171.8679962158203,171.8679962158203,174.63499450683594,171.1875,173.0,64726000,-0.0018468889124809706,175.08373752687191,175.30995632447977,AMZN,Amazon.com Inc.,
2021-12-03,169.489501953125,169.489501953125,173.49349975585938,166.92999267578125,172.75,80712000,-0.013839076006382012,173.68517863343519,174.78082410890207,AMZN,Amazon.com Inc.,
2021-12-06,171.36849975585938,171.36849975585938,173.69549560546875,166.9344940185547,169.64999389648438,68860000,0.011086219388703134,173.10600891404124,174.47061280408,AMZN,Amazon.com Inc.,
2021-12-07,176.1645050048828,176.1645050048828,177.49949645996094,173.33450317382812,174.60000610351562,66410000,0.027986504263362688,173.87063293675163,174.62460300415296,AMZN,Amazon.com Inc.,
2021-12-08,176.1580047607422,176.1580047607422,177.17999267578125,174.75050354003906,176.15049743652344,45254000,-3.689871657430732e-05,174.44247589274926,174.7640031638429,AMZN,Amazon.com Inc.,
2021-12-09,174.17100524902344,174.17100524902344,176.96949768066406,174.13949584960938,175.75,46062000,-0.011279643604146683,174.3746082318178,174.71009426249566,AMZN,Amazon.com Inc.,
2021-12-10,172.21200561523438,172.21200561523438,175.927001953125,170.5,175.41700744628906,60690000,-0.011247564604614624,173.83395757767195,174.4829952945628,AMZN,Amazon.com Inc.,
2021-12-13,169.5675048828125,169.5675048828125,172.10000610351562,169.1300048828125,172.0,62170000,-0.015356076499860039,172.76734440395708,174.03613252985824,AMZN,Amazon.com Inc.,
2021-12-14,169.0915069580078,169.0915069580078,169.49899291992188,166.44000244140625,167.5500030517578,55976000,-0.0028071293797337082,171.84838504246977,173.58662111423547,AMZN,Amazon.com Inc.,
2021-12-15,173.31500244140625,173.31500244140625,173.60000610351562,165.19500732421875,168.59800720214844,75794000,0.024977573145925636,172.2150393922039,173.56192850761462,AMZN,Amazon.com Inc.,
2021-12-16,168.87100219726562,168.87100219726562,174.16600036621094,168.16050720214844,173.36849975585938,60876000,-0.025641174633125208,171.37903009346934,173.13548066121925,AMZN,Amazon.com Inc.,
2021-12-17,170.0175018310547,170.0175018310547,170.89849853515625,165.61349487304688,167.7104949951172,85542000,0.00678920370502567,171.0386480278657,172.85202804029518,AMZN,Amazon.com Inc.,
2021-12-20,167.07899475097656,167.07899475097656,167.87449645996094,165.60000610351562,166.85000610351562,57372000,-0.017283556389377508,170.0487347086434,172.3272068321753,AMZN,Amazon.com Inc.,
2021-12-21,170.41700744628906,170.41700744628906,170.7165069580078,165.6475067138672,167.85049438476562,55956000,0.019978649621920752,170.1408028930548,172.15355234254926,AMZN,Amazon.com Inc.,
2021-12-22,171.03700256347656,171.03700256347656,172.0500030517578,168.50050354003906,169.27000427246094,55036000,0.0036381058820253998,170.36485281066024,172.05204781717902,AMZN,Amazon.com Inc.,
2021-12-23,171.06849670410156,171.06849670410156,171.97500610351562,170.14999389648438,170.42799377441406,36788000,0.0001841364158221559,170.54076378402056,171.96263407962653,AMZN,Amazon.com Inc.,
2021-12-27,169.66949462890625,169.66949462890625,172.9429931640625,169.2154998779297,171.03700256347656,58688000,-0.008178022851368039,170.32294649524198,171.75416685683376,AMZN,Amazon.com Inc.,
2021-12-28,170.66099548339844,170.66099548339844,172.17599487304688,169.135498046875,170.1824951171875,54638000,0.005843719029521299,170.4074587422811,171.65478764106692,AMZN,Amazon.com Inc.,
2021-12-29,169.2010040283203,169.2010040283203,171.21200561523438,168.60049438476562,170.83999633789062,35754000,-0.0085549217086347,170.10584506379092,171.4317164035445,AMZN,Amazon.com Inc.,
2021-12-30,168.64450073242188,168.64450073242188,170.88800048828125,168.5240020751953,169.6999969482422,37584000,-0.0032890070546229833,169.74050898094868,171.17833316071517,AMZN,Amazon.com Inc.,
2022-01-03,170.4044952392578,170.4044952392578,170.70350646972656,166.16050720214844,167.5500030517578,63520000,,170.4044952392578,170.4044952392578,AMZN,Amazon.com Inc.,
2022-01-04,167.52200317382812,167.52200317382812,171.39999389648438,166.34950256347656,170.43800354003906,70726000,-0.016915587005979504,169.6838722229004,170.14245050603694,AMZN,Amazon.com Inc.,
2022-01-05,164.35699462890625,164.35699462890625,167.12649536132812,164.35699462890625,166.88299560546875,64302000,-0.018893091563845,168.35215282440186,169.61649997175235,AMZN,Amazon.com Inc.,
2022-01-06,163.25399780273438,163.25399780273438,164.8000030517578,161.93699645996094,163.45050048828125,51958000,-0.006710981961323137,167.07761406898499,169.03809068365982,AMZN,Amazon.com Inc.,
2022-01-07,162.5540008544922,162.5540008544922,165.24349975585938,162.031005859375,163.83900451660156,46606000,-0.004287778294336242,165.9467107653618,168.4486279719173,AMZN,Amazon.com Inc.,
2022-01-10,161.48599243164062,161.48599243164062,161.6614990234375,156.30450439453125,160.5854949951172,87798000,-0.006570176170610398,164.8315311819315,167.8156611046194,AMZN,Amazon.com Inc.,
2022-01-11,165.36199951171875,165.36199951171875,166.35000610351562,160.70150756835938,161.5,62806000,0.024002125643924677,164.9641482643783,167.59260095981026,AMZN,Amazon.com Inc.,
2022-01-12,165.20700073242188,165.20700073242188,166.8780059814453,164.41700744628906,166.5749969482422,50030000,-0.0009373300985386912,165.0248613813892,167.37572821186586,AMZN,Amazon.com Inc.,
2022-01-13,161.21400451660156,161.21400451660156,166.22149658203125,161.09100341796875,165.25050354003906,52188000,-0.024169655027437842,164.0721471651923,166.81557151229637,AMZN,Amazon.com Inc.,
2022-01-14,162.13800048828125,162.13800048828125,162.25,159.80050659179688,160.14999389648438,45974000,0.005731487003565627,163.58861049596453,166.39033778284045,AMZN,Amazon.com Inc.,
2022-01-18,158.91749572753906,158.91749572753906,159.7344970703125,157.6645050048828,159.10499572753906,67292000,-0.019862738846190164,162.42083180385816,165.71098850508577,AMZN,Amazon.com Inc.,
2022-01-19,156.2989959716797,156.2989959716797,159.25,156.25,158.76199340820312,53242000,-0.016477101806013472,160.89037284581354,164.85535282023065,AMZN,Amazon.com Inc.,
2022-01-20,151.66749572753906,151.66749572753906,158.0,151.3509979248047,156.76600646972656,71974000,-0.02963230963415675,158.58465356624492,163.65645672089505,AMZN,Amazon.com Inc.,
2022-01-21,142.64300537109375,142.64300537109375,150.89999389648438,142.07049560546875,149.9499969482422,163972000,-0.05950180896147472,154.59924151745713,161.74614296182222,AMZN,Amazon.com Inc.,
2022-01-24,144.54400634765625,144.54400634765625,144.94500732421875,135.3520050048828,139.0,155624000,0.01332698348311534,152.0854327250069,160.18231236053438,AMZN,Amazon.com Inc.,
2022-01-25,139.98599243164062,139.98599243164062,143.60000610351562,138.14500427246094,142.24249267578125,90824000,-0.031533745543573244,149.06057265166532,158.3462832760895,AMZN,Amazon.com Inc.,
2022-01-26,138.87249755859375,138.87249755859375,145.18499755859375,137.31849670410156,144.75,95602000,-0.007954330670553511,146.51355387839743,156.57593911995355,AMZN,Amazon.com Inc.,
2022-01-27,139.6374969482422,139.6374969482422,144.24349975585938,139.35000610351562,140.8000030517578,77516000,0.005508645722495764,144.7945396458586,155.03608074070706,AMZN,Amazon.com Inc.,
2022-01-28,143.97799682617188,143.97799682617188,143.9980010986328,137.92950439453125,140.86050415039062,74392000,0.031084056738273746,144.59040394093694,154.0308003848402,AMZN,Amazon.com Inc.,
2022-01-31,149.57350158691406,149.57350158691406,150.36050415039062,144.30050659179688,144.75,78308000,0.03886361030218932,145.8361783524312,153.62559140321054,AMZN,Amazon.com Inc.,
2022-02-01,151.19349670410156,151.19349670410156,151.70799255371094,147.62750244140625,150.0,59220000,0.010830762802234384,147.17550794034878,153.4044918851097,AMZN,Amazon.com Inc.,
2022-02-02,150.6125030517578,150.6125030517578,155.0749969482422,148.86349487304688,155.05050659179688,87330000,-0.0038427158906232384,148.03475671820104,153.15067471844134,AMZN,Amazon.com Inc.,
2022-02-03,138.8455047607422,138.8455047607422,144.24749755859375,138.33299255371094,141.7375030517578,225532000,-0.0781276325178123,145.73744372883633,151.85020472228686,AMZN,Amazon.com Inc.,
2022-02-04,157.63949584960938,157.63949584960938,161.1999969482422,150.60800170898438,155.60650634765625,253456000,0.13535901735711864,148.7129567590296,152.37650391567982,AMZN,Amazon.com Inc.,
2022-02-07,157.9355010986328,157.9355010986328,162.6909942626953,157.25,158.52000427246094,102624000,0.0018777353189827206,151.0185928439304,152.88186729594827,AMZN,Amazon.com Inc.,
2022-02-08,161.4134979248047,161.4134979248047,161.79249572753906,155.55050659179688,156.75050354003906,76040000,0.022021627828944013,153.61731911414898,153.65747008038977,AMZN,Amazon.com Inc.,
2022-02-09,161.1894989013672,161.1894989013672,163.83450317382812,160.25,162.87350463867188,68786000,-0.0013877341505965646,155.51036406095352,154.34219997320588,AMZN,Amazon.com Inc.,
2022-02-10,159.0034942626953,159.0034942626953,160.7165069580078,157.75,158.35000610351562,68268000,-0.013561706274733853,156.38364661138897,154.76595399952308,AMZN,Amazon.com Inc.,
2022-02-11,153.2935028076172,153.2935028076172,159.0,152.73399353027344,158.13450622558594,77100000,-0.03591110674363196,155.61111066044603,154.6320948002589,AMZN,Amazon.com Inc.,
2022-02-14,155.16700744628906,155.16700744628906,158.44850158691406,151.64999389648438,151.75100708007812,83230000,0.012221683270054351,155.5000848569068,154.68072322262526,AMZN,Amazon.com Inc.,
2022-02-15,156.510498046875,156.510498046875,158.0070037841797,154.6374969482422,157.60549926757812,56440000,0.008658352201907249,155.75268815439884,154.84706638846615,AMZN,Amazon.com Inc.,
2022-02-16,158.10049438476562,158.10049438476562,158.83399963378906,154.7344970703125,155.79049682617188,52704000,0.010159039538768955,156.33963971199054,155.1428325699479,AMZN,Amazon.com Inc.,
2022-02-17,154.65249633789062,154.65249633789062,160.3489990234375,154.5,158.14599609375,64032000,-0.021808901106176726,155.91785386846556,155.0982565488518,AMZN,Amazon.com Inc.,
2022-02-18,152.60150146484375,152.60150146484375,155.49949645996094,150.89300537109375,155.49949645996094,63604000,-0.013261957754408193,155.08876576756012,154.87127881394196,AMZN,Amazon.com Inc.,
2022-02-22,150.19749450683594,150.19749450683594,152.9824981689453,148.48550415039062,150.47850036621094,66128000,-0.015753494788264932,153.8659479523791,154.44638933147777,AMZN,Amazon.com Inc.,
2022-02-23,144.82699584960938,144.82699584960938,151.76300048828125,144.6510009765625,151.65049743652344,64244000,-0.03575624663287669,151.60620992668666,153.57189901494428,AMZN,Amazon.com Inc.,
2022-02-24,151.35800170898438,151.35800170898438,151.74899291992188,139.5,139.83749389648438,100786000,0.04509522427819257,151.54415787226108,153.37063562349337,AMZN,Amazon.com Inc.,
2022-02-25,153.7884979248047,153.7884979248047,153.99000549316406,149.2135009765625,150.5500030517578,62396000,0.01605793012842116,152.105242885397,153.40862310543073,AMZN,Amazon.com Inc.,
2022-02-28,153.56300354003906,153.56300354003906,154.4499969482422,150.85000610351562,152.4250030517578,57684000,-0.0014662630028149382,152.4696830490575,153.42265769039514,AMZN,Amazon.com Inc.,
2022-03-01,151.14199829101562,151.14199829101562,154.0989990234375,149.9770050048828,152.7324981689453,44874000,-0.015765550251120253,152.13776185954703,153.21532501772427,AMZN,Amazon.com Inc.,
2022-03-02,152.05250549316406,152.05250549316406,152.99949645996094,148.75,150.8489990234375,47334000,0.0060241839623909055,152.11644776795129,153.10961415185514,AMZN,Amazon.com Inc.,
2022-03-03,147.89849853515625,147.89849853515625,153.9290008544922,146.8560028076172,153.531494140625,65198000,-0.027319556126581324,151.06196045975253,152.63587636851886,AMZN,Amazon.com Inc.,
2022-03-04,145.64100646972656,145.64100646972656,147.85000610351562,143.8070068359375,147.15899658203125,60934000,-0.0152637929917393,149.70672196224604,151.9999791049923,AMZN,Amazon.com Inc.,
2022-03-07,137.4530029296875,137.4530029296875,146.09449768066406,137.41650390625,145.44349670410156,86934000,-0.05622045424233624,146.6432922041064,150.6775267254191,AMZN,Amazon.com Inc.,
2022-03-08,136.01449584960938,136.01449584960938,140.69949340820312,133.57249450683594,136.68350219726562,91662000,-0.010465446730283379,143.98609311548213,149.34452391852733,AMZN,Amazon.com Inc.,
2022-03-09,139.2790069580078,139.2790069580078,140.25,136.8280029296875,139.5,82656000,0.024001199930983708,142.80932157611355,148.42947692211646,AMZN,Amazon.com Inc.,
2022-03-10,146.8175048828125,146.8175048828125,148.67449951171875,143.97799682617188,145.68499755859375,135062000,0.05412515560997311,143.81136740278828,148.28293400945248,AMZN,Amazon.com Inc.,
2022-03-11,145.52450561523438,145.52450561523438,149.6750030517578,145.36900329589844,149.57449340820312,68900000,-0.008806846762653975,144.2396519558998,148.03216779179627,AMZN,Amazon.com Inc.,
2022-03-14,141.85299682617188,141.85299682617188,147.4499969482422,140.88400268554688,145.9810028076172,74086000,-0.025229488143872714,143.6429881734678,147.4704249767395,AMZN,Amazon.com Inc.,
2022-03-15,147.3665008544922,147.3665008544922,147.98500061035156,142.0,142.85000610351562,75584000,0.038867730338306705,144.57386634372392,147.46097732926248,AMZN,Amazon.com Inc.,
2022-03-16,153.10400390625,153.10400390625,153.14999389648438,147.35350036621094,148.5,84958000,0.038933563723705156,146.70640073435544,147.97397974535224,AMZN,Amazon.com Inc.,
2022-03-17,157.23899841308594,157.23899841308594,157.49850463867188,152.13999938964844,152.6405029296875,72934000,0.027007748989816838,149.33955015403808,148.81625416969166,AMZN,Amazon.com Inc.,
2022-03-18,161.25050354003906,161.25050354003906,161.593994140625,156.01100158691406,156.81300354003906,102962000,0.025512151358369817,152.31728850053833,149.94664047608688,AMZN,Amazon.com Inc.,
2022-03-21,161.4915008544922,161.4915008544922,163.08399963378906,159.55299377441406,161.12100219726562,66538000,0.0014945523217748669,154.6108415890268,150.99617323776008,AMZN,Amazon.com Inc.,
2022-03-22,164.88900756835938,164.88900756835938,166.16700744628906,161.69900512695312,161.8054962158203,64086000,0.02103830044237709,157.18038308385994,152.25915817690546,AMZN,Amazon.com Inc.,
2022-03-23,163.4080047607422,163.4080047607422,166.3699951171875,162.68699645996094,163.7050018310547,55812000,-0.008981816492546923,158.7372885030805,153.27268968452697,AMZN,Amazon.com Inc.,
2022-03-24,163.64950561523438,163.64950561523438,164.11849975585938,160.0500030517578,163.74949645996094,56798000,0.0014779010051912955,159.96534278111898,154.21603658731854,AMZN,Amazon.com Inc.,
2022-03-25,164.77349853515625,164.77349853515625,165.36849975585938,162.25,164.0,49032000,0.006868294014676479,161.16738171962828,155.17580585530376,AMZN,Amazon.com Inc.,
2022-03-28,168.99049377441406,168.99049377441406,169.03750610351562,164.89999389648438,164.97500610351562,59854000,0.025592678900108856,163.1231597333247,156.43168657522287,AMZN,Amazon.com Inc.,
2022-03-29,169.31500244140625,169.31500244140625,170.8314971923828,167.86849975585938,170.38400268554688,66154000,0.00192027764251268,164.6711204103451,157.60289710851225,AMZN,Amazon.com Inc.,
2022-03-30,166.30099487304688,166.30099487304688,168.95050048828125,165.5,168.50950622558594,56168000,-0.01780118433038691,165.07858902602055,158.3936332689245,AMZN,Amazon.com Inc.,
2022-03-31,162.99749755859375,162.99749755859375,166.4949951171875,162.95350646972656,166.44500732421875,59966000,-0.019864567358571672,164.55831615916384,158.81216638616718,AMZN,Amazon.com Inc.,
2022-04-01,163.55999755859375,163.55999755859375,165.82699584960938,162.3195037841797,164.14950561523438,57090000,0.003450973226124532,164.30873650902132,159.2437874018423,AMZN,Amazon.com Inc.,
2022-04-04,168.34649658203125,168.34649658203125,168.39450073242188,163.20550537109375,164.125,49882000,0.029264484561530857,165.3181765272738,160.07130641822312,AMZN,Amazon.com Inc.,
2022-04-05,164.05499267578125,164.05499267578125,168.11050415039062,163.26600646972656,167.7415008544922,53728000,-0.025492089193307588,165.00238056440065,160.43345971436477,AMZN,Amazon.com Inc.,
2022-04-06,158.75599670410156,158.75599670410156,162.1999969482422,157.25450134277344,161.65049743652344,79056000,-0.032300120131985244,163.44078459932587,160.2809630770681,AMZN,Amazon.com Inc.,
2022-04-07,157.7845001220703,157.7845001220703,160.07899475097656,154.51150512695312,158.39999389648438,68136000,-0.0061194323502751224,162.02671348001198,160.05401189934102,AMZN,Amazon.com Inc.,
2022-04-08,154.4604949951172,154.4604949951172,157.36849975585938,154.2310028076172,156.75,46002000,-0.021066740550443774,160.1351588587883,159.54551036259338,AMZN,Amazon.com Inc.,
2022-04-11,151.1219940185547,151.1219940185547,154.13650512695312,150.5345001220703,152.71299743652344,52112000,-0.021613947156313595,157.8818676487299,158.77973614949894,AMZN,Amazon.com Inc.,
2022-04-12,150.78750610351562,150.78750610351562,155.0989990234375,150.38299560546875,153.6925048828125,55178000,-0.002213363562407644,156.10827726242633,158.05316978168227,AMZN,Amazon.com Inc.,
2022-04-13,155.54100036621094,155.54100036621094,156.02499389648438,149.60000610351562,150.01849365234375,53390000,0.03152445706895657,155.96645803837248,157.82479074391213,AMZN,Amazon.com Inc.,
2022-04-14,151.7064971923828,151.7064971923828,155.89700317382812,151.4720001220703,155.38999938964844,51598000,-0.024652684274885983,154.90146782687506,157.26858223922764,AMZN,Amazon.com Inc.,
2022-04-18,152.78500366210938,152.78500366210938,154.0395050048828,150.25050354003906,151.52349853515625,46514000,0.007109164667870926,154.37235178568363,156.86098418676235,AMZN,Amazon.com Inc.,
2022-04-19,158.11549377441406,158.11549377441406,158.6490020751953,151.55050659179688,152.0294952392578,54926000,0.03488883060861969,155.30813728286626,156.9750305129125,AMZN,Amazon.com Inc.,
2022-04-20,153.9980010986328,153.9980010986328,157.6024932861328,153.60350036621094,157.6024932861328,59630000,-0.026041044919075107,154.9806032368079,156.7043914752507,AMZN,Amazon.com Inc.,
2022-04-21,148.29600524902344,148.29600524902344,156.73800659179688,147.58949279785156,154.71400451660156,63970000,-0.037026427673936824,153.3094537398618,155.93999272741186,AMZN,Amazon.com Inc.,
2022-04-22,144.35000610351562,144.35000610351562,149.61500549316406,143.69749450683594,148.25,73078000,-0.026608937569704394,151.06959183077527,154.88635757978494,AMZN,Amazon.com Inc.,
2022-04-25,146.07400512695312,146.07400512695312,146.22149658203125,142.30650329589844,144.0229949951172,61874000,0.011943186356370372,149.82069515481973,154.0852346295275,AMZN,Amazon.com Inc.,
2022-04-26,139.39100646972656,139.39100646972656,144.8560028076172,138.92950439453125,144.8000030517578,77530000,-0.0457507730510871,147.21327298354643,152.74939570590922,AMZN,Amazon.com Inc.,
2022-04-27,138.16700744628906,138.16700744628906,141.94850158691406,135.7834930419922,140.19149780273438,71336000,-0.008781047317448887,144.9517065992321,151.42372404594374,AMZN,Amazon.com Inc.,
2022-04-28,144.59649658203125,144.59649658203125,145.9375,140.3000030517578,142.17799377441406,117316000,0.04653418536434306,144.86290409493188,150.80306700376988,AMZN,Amazon.com Inc.,
2022-04-29,124.28150177001953,124.28150177001953,130.76100158691406,121.625,129.8489990234375,272662000,-0.140494377749234,139.7175535137038,148.3920156188835,AMZN,Amazon.com Inc.,
2022-05-02,124.5,124.5,124.66799926757812,118.375,122.4010009765625,148788000,0.0017580913238786078,135.91316513527784,146.22001419898498,AMZN,Amazon.com Inc.,
2022-05-03,124.25350189208984,124.25350189208984,126.22049713134766,122.82499694824219,124.05349731445312,79134000,-0.0019799044812061073,132.99824932448084,144.2230585347218,AMZN,Amazon.com Inc.,
2022-05-04,125.92849731445312,125.92849731445312,126.0,119.18299865722656,123.5999984741211,110746000,0.01348046853293483,131.2308113219739,142.55991660560647,AMZN,Amazon.com Inc.,
2022-05-05,116.40699768066406,116.40699768066406,123.4990005493164,115.07250213623047,123.0,144392000,-0.07561036490424522,127.52485791164645,140.18237852152077,AMZN,Amazon.com Inc.,
2022-05-06,114.77249908447266,114.77249908447266,119.05049896240234,113.08149719238281,114.8499984741211,124260000,-0.014041240035030156,124.336768204853,137.87238948178913,AMZN,Amazon.com Inc.,
2022-05-09,108.78900146484375,108.78900146484375,114.0,107.95700073242188,111.3125,128124000,-0.05213354825727934,120.44982651985069,135.22844511661228,AMZN,Amazon.com Inc.,
2022-05-10,108.85900115966797,108.85900115966797,112.64250183105469,107.1709976196289,111.25,105434000,0.0006434445934944133,117.552120179805,132.83122293870824,AMZN,Amazon.com Inc.,
2022-05-11,105.37200164794922,105.37200164794922,110.15599822998047,104.42849731445312,108.10350036621094,109704000,-0.03203225709010704,114.50709054684106,130.33493009409378,AMZN,Amazon.com Inc.,
2022-05-12,106.93049621582031,106.93049621582031,110.78050231933594,102.40550231933594,102.75,132026000,0.014790404884573283,112.61294196408588,128.207254286978,AMZN,Amazon.com Inc.,
2022-05-13,113.05500030517578,113.05500030517578,113.18399810791016,107.80000305175781,109.06900024414062,93684000,0.05727556035084924,112.72345654935836,126.82977665226872,AMZN,Amazon.com Inc.,
2022-05-16,110.81050109863281,110.81050109863281,113.99250030517578,110.35399627685547,113.0999984741211,74566000,-0.01985316173972196,112.24521768667697,125.37347887466545,AMZN,Amazon.com Inc.,
2022-05-17,115.36849975585938,115.36849975585938,115.80000305175781,111.27649688720703,113.2750015258789,76448000,0.04113327357999652,113.02603820397258,124.46393531841035,AMZN,Amazon.com Inc.,
2022-05-18,107.11250305175781,107.11250305175781,112.85299682617188,106.2490005493164,111.43949890136719,108380000,-0.07156196640827217,111.54765441591888,122.8865323850783,AMZN,Amazon.com Inc.,
2022-05-19,107.31900024414062,107.31900024414062,110.03399658203125,106.19300079345703,106.28050231933594,88142000,0.0019278532990965047,110.49049087297432,121.47130219044759,AMZN,Amazon.com Inc.,
2022-05-20,107.59100341796875,107.59100341796875,109.89800262451172,105.0094985961914,109.56849670410156,99500000,0.0025345295167615856,109.76561900922293,120.20945684749496,AMZN,Amazon.com Inc.,
2022-05-23,107.55699920654297,107.55699920654297,108.81900024414062,103.94999694824219,108.46099853515625,107798000,-0.0003160506951839226,109.21346405855294,119.05923342559024,AMZN,Amazon.com Inc.,
2022-05-24,104.0999984741211,104.0999984741211,105.4000015258789,101.26000213623047,104.0250015258789,102934000,-0.03214110432537598,107.93509766244497,117.69930297545667,AMZN,Amazon.com Inc.,
2022-05-25,106.7750015258789,106.7750015258789,108.17500305175781,103.6500015258789,103.65550231933594,93120000,0.025696475417555487,107.64507362830346,116.7061846618587,AMZN,Amazon.com Inc.,
2022-05-26,111.07749938964844,111.07749938964844,112.66549682617188,107.45349884033203,107.97000122070312,93002000,0.04029499229486544,108.50318006863971,116.19448600074868,AMZN,Amazon.com Inc.,
2022-05-27,115.14649963378906,115.14649963378906,115.18699645996094,112.62799835205078,113.55000305175781,93660000,0.036632083603781895,110.16400995992704,116.09921451284326,AMZN,Amazon.com Inc.,
2022-05-31,120.20950317382812,120.20950317382812,121.99449920654297,115.67500305175781,116.27999877929688,144634000,0.04397010379074828,112.67538326340231,116.47287711838733,AMZN,Amazon.com Inc.,
2022-06-01,121.68399810791016,121.68399810791016,125.17900085449219,120.62249755859375,122.25599670410156,127528000,0.012266042992872705,114.92753697452927,116.94661539016214,AMZN,Amazon.com Inc.,
2022-06-02,125.51100158691406,125.51100158691406,125.61000061035156,120.04499816894531,121.68399810791016,100560000,0.03145034300738625,117.57340312762547,117.72519595350322,AMZN,Amazon.com Inc.,
2022-06-03,122.3499984741211,122.3499984741211,124.4000015258789,121.04650115966797,124.19999694824219,97604000,-0.025185068024527135,118.76755196424938,118.14563254628666,AMZN,Amazon.com Inc.,
2022-06-06,124.79000091552734,124.79000091552734,128.99000549316406,123.80999755859375,125.25,135269000,0.01994280728922404,120.27316420206887,118.74966603439945,AMZN,Amazon.com Inc.,
2022-06-07,123.0,123.0,124.0999984741211,120.62999725341797,122.01000213623047,85156700,-0.014344105316090427,120.95487315155165,119.13606003127224,AMZN,Amazon.com Inc.,
2022-06-08,121.18000030517578,121.18000030517578,123.75,120.75,122.61000061035156,64926600,-0.014796745486375773,121.01115493995769,119.32187278344529,AMZN,Amazon.com Inc.,
2022-06-09,116.1500015258789,116.1500015258789,121.30000305175781,116.0999984741211,119.98999786376953,67029800,-0.04150848957443054,119.795866586438,119.03352085093924,AMZN,Amazon.com Inc.,
2022-06-10,109.6500015258789,109.6500015258789,114.5,109.05000305175781,113.41999816894531,87266000,-0.05596211721574329,117.25940032129822,118.18047363957011,AMZN,Amazon.com Inc.,
2022-06-13,103.66999816894531,103.66999816894531,106.54000091552734,101.86000061035156,104.19000244140625,99277700,-0.05453719355874542,113.86204978320998,116.86133950587694,AMZN,Amazon.com Inc.,
2022-06-14,102.30999755859375,102.30999755859375,104.87999725341797,101.43000030517578,104.19000244140625,69728800,-0.013118555361940287,110.97403672705593,115.5384902379421,AMZN,Amazon.com Inc.,
2022-06-15,107.66999816894531,107.66999816894531,109.05999755859375,103.52999877929688,103.86000061035156,85011100,0.052389802934770247,110.14802708752828,114.8231727771242,AMZN,Amazon.com Inc.,
2022-06-16,103.66000366210938,103.66000366210938,104.58000183105469,102.01000213623047,104.47000122070312,82186300,-0.037243378610853584,108.52602123117356,113.80833922121377,AMZN,Amazon.com Inc.,
2022-06-17,106.22000122070312,106.22000122070312,106.9800033569336,102.51000213623047,102.80000305175781,99772100,0.02469609751257895,107.94951622855595,113.11849031207643,AMZN,Amazon.com Inc.,
2022-06-21,108.68000030517578,108.68000030517578,111.62999725341797,103.55999755859375,108.19999694824219,70901200,0.023159471438541024,108.13213724771092,112.71499122054,AMZN,Amazon.com Inc.,
2022-06-22,108.94999694824219,108.94999694824219,112.12999725341797,107.0199966430664,107.43000030517578,60040100,0.0024843268523027096,108.33660217284373,112.37271901396747,AMZN,Amazon.com Inc.,
2022-06-23,112.44000244140625,112.44000244140625,113.0,107.93000030517578,110.38999938964844,64345300,0.0320330939965241,109.36245223998435,112.37883568918917,AMZN,Amazon.com Inc.,
2022-06-24,116.45999908447266,116.45999908447266,116.70999908447266,111.43000030517578,112.37999725341797,69867600,0.03575237064906034,111.13683895110643,112.74985054330585,AMZN,Amazon.com Inc.,
2022-06-27,113.22000122070312,113.22000122070312,117.9800033569336,112.69999694824219,117.08999633789062,62133200,-0.027820692849391482,111.6576295185056,112.79259151397832,AMZN,Amazon.com Inc.,
2022-06-28,107.4000015258789,107.4000015258789,114.8499984741211,107.04000091552734,113.5,74942900,-0.05140434227234392,110.59322252034893,112.30235606051474,AMZN,Amazon.com Inc.,
2022-06-29,108.91999816894531,108.91999816894531,110.98999786376953,106.91000366210938,107.37999725341797,66375300,0.014152668728781626,110.17491643249802,111.99486897946298,AMZN,Amazon.com Inc.,
2022-06-30,106.20999908447266,106.20999908447266,108.18000030517578,102.5199966430664,108.11000061035156,97679400,-0.024880638358707907,109.18368709549168,111.46897171628203,AMZN,Amazon.com Inc.,
2022-07-01,109.55999755859375,109.55999755859375,109.75,105.8499984741211,106.29000091552734,73021200,0.03154127203651247,109.2777647112672,111.29542861103764,AMZN,Amazon.com Inc.,
2022-07-05,113.5,113.5,114.08000183105469,106.31999969482422,107.5999984741211,76583700,0.035962053023039786,110.3333235334504,111.49584419185238,AMZN,Amazon.com Inc.,
2022-07-06,114.33000183105469,114.33000183105469,115.4800033569336,112.01000213623047,113.20999908447266,66958900,0.007312791463036872,111.33249310785146,111.75349488632531,AMZN,Amazon.com Inc.,
2022-07-07,116.33000183105469,116.33000183105469,116.98999786376953,113.48999786376953,113.8499984741211,57872300,0.01749322109655349,112.58187028865227,112.1695409722098,AMZN,Amazon.com Inc.,
2022-07-08,115.54000091552734,115.54000091552734,116.58000183105469,113.69000244140625,114.5999984741211,45719700,-0.006791033294013538,113.32140294537103,112.4759464216023,AMZN,Amazon.com Inc.,
2022-07-11,111.75,111.75,114.30000305175781,110.87000274658203,114.08000183105469,53487600,-0.03280250030721621,112.92855220902828,112.40995129236572,AMZN,Amazon.com Inc.,
2022-07-12,109.22000122070312,109.22000122070312,113.2300033569336,108.33999633789062,112.16000366210938,54280300,-0.022639810105564928,112.001414461947,112.11995583130548,AMZN,Amazon.com Inc.,
2022-07-13,110.4000015258789,110.4000015258789,111.77999877929688,106.01000213623047,107.02999877929688,61353800,0.010803884746268588,111.60106122792997,111.96359634899397,AMZN,Amazon.com Inc.,
2022-07-14,110.62999725341797,110.62999725341797,111.18000030517578,107.58000183105469,110.23999786376953,51163100,0.002083294604712016,111.35829523430198,111.84236006757797,AMZN,Amazon.com Inc.,
2022-07-15,113.55000305175781,113.55000305175781,115.58999633789062,111.58999633789062,112.5,84317800,0.02639434033114041,111.90622218866594,111.99760033886704,AMZN,Amazon.com Inc.,
2022-07-18,113.76000213623047,113.76000213623047,117.23999786376953,113.1500015258789,115.0,59115400,0.0018493974357440823,112.36966717555707,112.1578186840819,AMZN,Amazon.com Inc.,
2022-07-19,118.20999908447266,118.20999908447266,118.94999694824219,114.02999877929688,115.69999694824219,60990000,0.03911741266419111,113.82975015278596,112.70801690229924,AMZN,Amazon.com Inc.,
2022-07-20,122.7699966430664,122.7699966430664,123.4800033569336,118.31999969482422,118.62000274658203,71268300,0.03857539627705431,116.06481177535608,113.62274233327807,AMZN,Amazon.com Inc.,
2022-07-21,124.62999725341797,124.62999725341797,124.8499984741211,121.26000213623047,123.19999694824219,60239900,0.01515028639903937,118.20610814487155,114.6234018714726,AMZN,Amazon.com Inc.,
2022-07-22,122.41999816894531,122.41999816894531,125.5,121.3499984741211,125.01000213623047,51463800,-0.017732481209791984,119.25958065088999,115.33218335306101,AMZN,Amazon.com Inc.,
2022-07-25,121.13999938964844,121.13999938964844,123.63999938964844,120.02999877929688,122.69999694824219,50221300,-0.010455798059483823,119.7296853355796,115.8601666291144,AMZN,Amazon.com Inc.,
2022-07-26,114.80999755859375,114.80999755859375,118.1500015258789,114.52999877929688,115.79000091552734,67075100,-0.052253606265046715,118.49976339133315,115.76469671361252,AMZN,Amazon.com Inc.,
2022-07-27,120.97000122070312,120.97000122070312,121.9000015258789,117.16000366210938,117.30999755859375,61582000,0.0536538959419941,119.11732284867564,116.23790621425711,AMZN,Amazon.com Inc.,
2022-07-28,122.27999877929688,122.27999877929688,122.83999633789062,118.08000183105469,121.56999969482422,82245500,0.010829110898360028,119.90799183133095,116.78718735653345,AMZN,Amazon.com Inc.,
2022-07-29,134.9499969482422,134.9499969482422,137.64999389648438,132.41000366210938,134.89999389648438,148892900,0.10361464095050721,123.66849311055876,118.43835186487061,AMZN,Amazon.com Inc.,
2022-08-01,135.38999938964844,135.38999938964844,138.8300018310547,133.50999450683594,134.9600067138672,76846900,0.0032604850044939404,126.59886968033118,119.9794107307595,AMZN,Amazon.com Inc.,
2022-08-02,134.16000366210938,134.16000366210938,137.44000244140625,134.08999633789062,134.72000122070312,61922400,-0.009084834427092181,128.48915317577573,121.2685555427004,AMZN,Amazon.com Inc.,
2022-08-03,139.52000427246094,139.52000427246094,140.49000549316406,136.0500030517578,136.2100067138672,71827800,0.039952299225118226,131.24686594994702,122.9277781544968,AMZN,Amazon.com Inc.,
2022-08-04,142.57000732421875,142.57000732421875,143.55999755859375,139.5500030517578,140.5800018310547,70585000,0.021860686341448332,134.07765129351495,124.71343535174425,AMZN,Amazon.com Inc.,
2022-08-05,140.8000030517578,140.8000030517578,142.86000061035156,139.60000610351562,140.10000610351562,50686900,-0.012414983387324718,135.75823923307567,126.17585059720003,AMZN,Amazon.com Inc.,
2022-08-08,139.41000366210938,139.41000366210938,144.22999572753906,138.2899932861328,142.0500030517578,52229000,-0.009872154542052702,136.6711803403341,127.37895542128268,AMZN,Amazon.com Inc.,
2022-08-09,137.8300018310547,137.8300018310547,138.9499969482422,136.2100067138672,138.0500030517578,40434700,-0.011333489631663474,136.96088571301425,128.32905054944376,AMZN,Amazon.com Inc.,
2022-08-10,142.69000244140625,142.69000244140625,144.60000610351562,141.00999450683594,142.89999389648438,54773800,0.0352608325167747,138.39316489511225,129.63459163053128,AMZN,Amazon.com Inc.,
2022-08-11,140.63999938964844,140.63999938964844,144.49000549316406,139.75999450683594,143.86000061035156,44867300,-0.014366830308238487,138.9548735187463,130.63508324499648,AMZN,Amazon.com Inc.,
2022-08-12,143.5500030517578,143.5500030517578,143.57000732421875,140.1199951171875,142.0500030517578,47643500,0.020691152408548463,140.10365590199916,131.80916686379297,AMZN,Amazon.com Inc.,
2022-08-15,143.17999267578125,143.17999267578125,143.75999450683594,141.49000549316406,142.8000030517578,39014600,-0.0025775713556979163,140.87274009544467,132.84287830124646,AMZN,Amazon.com Inc.,
2022-08-16,144.77999877929688,144.77999877929688,146.57000732421875,142.0,143.91000366210938,59102900,0.0111747882760318,141.84955476640772,133.9280710719783,AMZN,Amazon.com Inc.,
2022-08-17,142.10000610351562,142.10000610351562,143.3800048828125,140.77999877929688,142.69000244140625,48149800,-0.01851079360669594,141.9121676006847,134.6709742566635,AMZN,Amazon.com Inc.,
2022-08-18,142.3000030517578,142.3000030517578,142.77000427246094,140.3800048828125,141.32000732421875,37458700,0.0014074379989574837,142.009126463453,135.3645223289448,AMZN,Amazon.com Inc.,
2022-08-19,138.22999572753906,138.22999572753906,141.11000061035156,137.91000366210938,140.47000122070312,47792800,-0.02860159688639219,141.0643437794745,135.6250199106352,AMZN,Amazon.com Inc.,
2022-08-22,133.22000122070312,133.22000122070312,136.32000732421875,132.85000610351562,135.72000122070312,50461500,-0.036243902638259384,139.10325813978167,135.40638184791408,AMZN,Amazon.com Inc.,
2022-08-23,133.6199951171875,133.6199951171875,134.99000549316406,132.9499969482422,133.41000366210938,36252100,0.003002506326521548,137.73244238413312,135.24398305421167,AMZN,Amazon.com Inc.,
2022-08-24,133.8000030517578,133.8000030517578,135.47000122070312,132.10000610351562,132.75,38627000,0.001347163157822573,136.7493325510393,135.11271214489767,AMZN,Amazon.com Inc.,
2022-08-25,137.27999877929688,137.27999877929688,137.4199981689453,134.27999877929688,135.25999450683594,37496300,0.026008936084948253,136.88199910810368,135.30973820257032,AMZN,Amazon.com Inc.,
2022-08-26,130.75,130.75,137.8300018310547,130.5,136.5500030517578,53322700,-0.04756700784791723,135.34899933107778,134.8952165477912,AMZN,Amazon.com Inc.,
2022-08-29,129.7899932861328,129.7899932861328,131.9499969482422,128.77000427246094,129.89999389648438,48101600,-0.007342307563037775,133.95924781984155,134.43110534218587,AMZN,Amazon.com Inc.,
2022-08-30,128.72999572753906,128.72999572753906,132.07000732421875,126.8499984741211,131.25,49203000,-0.008167020675137082,132.65193479676594,133.91282264994524,AMZN,Amazon.com Inc.,
2022-08-31,126.7699966430664,126.7699966430664,130.58999633789062,126.73999786376953,129.4499969482422,53648700,-0.015225659516225343,131.18145025834104,133.26347483113807,AMZN,Amazon.com Inc.,
2022-09-01,127.81999969482422,127.81999969482422,128.02000427246094,123.66000366210938,126.0,56636100,0.008282741023605045,130.34108761746182,132.76861345510952,AMZN,Amazon.com Inc.,
2022-09-02,127.51000213623047,127.51000213623047,131.3800048828125,126.38999938964844,129.5,57429800,-0.002425266463259912,129.63331624715397,132.29055788066594,AMZN,Amazon.com Inc.,
2022-09-06,126.11000061035156,126.11000061035156,128.6199951171875,124.73999786376953,127.91999816894531,43888600,-0.010979542799969155,128.75248733795337,131.7286890379101,AMZN,Amazon.com Inc.,
2022-09-07,129.47999572753906,129.47999572753906,129.82000732421875,125.4000015258789,126.12000274658203,47900300,0.026722663554652915,128.93436443534978,131.5242623733309,AMZN,Amazon.com Inc.,
2022-09-08,129.82000732421875,129.82000732421875,130.27999877929688,127.0999984741211,127.72000122070312,43988500,0.0026259778181887405,129.155775157567,131.3693300961389,AMZN,Amazon.com Inc.,
2022-09-09,133.27000427246094,133.27000427246094,133.69000244140625,130.75999450683594,130.91000366210938,49387600,0.02657523304266962,130.1843324362905,131.54211865762272,AMZN,Amazon.com Inc.,
2022-09-12,136.4499969482422,136.4499969482422,136.49000549316406,134.0,134.10000610351562,53826900,0.023861278411006825,131.7507485642784,131.9882894113154,AMZN,Amazon.com Inc.,
2022-09-13,126.81999969482422,126.81999969482422,131.39999389648438,126.2699966430664,131.00999450683594,72694000,-0.0705752837581286,130.51806134691486,131.51844489163437,AMZN,Amazon.com Inc.,
2022-09-14,128.5500030517578,128.5500030517578,128.83999633789062,126.33000183105469,127.36000061035156,45316800,0.01364140798846103,130.02604677312559,131.24858654255468,AMZN,Amazon.com Inc.,
2022-09-15,126.27999877929688,126.27999877929688,130.3699951171875,125.5,127.37999725341797,52887200,-0.0176585314552421,129.0895347746684,130.79689674589488,AMZN,Amazon.com Inc.,
2022-09-16,123.52999877929688,123.52999877929688,123.87000274658203,120.69999694824219,122.77999877929688,115667800,-0.021777003694830932,127.69965077582552,130.13626965802234,AMZN,Amazon.com Inc.,
2022-09-19,124.66000366210938,124.66000366210938,124.70999908447266,121.80000305175781,122.16000366210938,47279700,0.009147615105472573,126.93973899739649,129.63842729475752,AMZN,Amazon.com Inc.,
2022-09-20,122.19000244140625,122.19000244140625,124.4000015258789,121.13999938964844,123.3499984741211,47698400,-0.019813903001303146,125.75230485839893,128.96129776263467,AMZN,Amazon.com Inc.,
2022-09-21,118.54000091552734,118.54000091552734,123.76000213623047,118.44999694824219,122.48999786376953,58498900,-0.02987152347123645,123.94922887268103,128.01390714017037,AMZN,Amazon.com Inc.,
2022-09-22,117.30999755859375,117.30999755859375,118.79000091552734,116.26000213623047,117.08000183105469,55229200,-0.010376272544574294,122.28942104415921,127.04082445093614,AMZN,Amazon.com Inc.,
2022-09-23,113.77999877929688,113.77999877929688,116.05000305175781,112.05999755859375,116.0,65126700,-0.03009120154088929,120.16206547794363,125.83529484442349,AMZN,Amazon.com Inc.,
2022-09-26,115.1500015258789,115.1500015258789,117.33999633789062,113.12999725341797,113.30000305175781,62723300,0.012040804722097675,118.90904948992744,124.86390454273761,AMZN,Amazon.com Inc.,
2022-09-27,114.41000366210938,114.41000366210938,118.31999969482422,113.05000305175781,117.19999694824219,60094700,-0.006426381710496365,117.78428803297292,123.91354991722595,AMZN,Amazon.com Inc.,
2022-09-28,118.01000213623047,118.01000213623047,118.69999694824219,113.80000305175781,114.37999725341797,55763800,0.0314657666190894,117.8407165587873,123.37686375531727,AMZN,Amazon.com Inc.,
2022-09-29,114.80000305175781,114.80000305175781,116.06999969482422,113.05999755859375,115.5999984741211,58969700,-0.027201076403397084,117.08053818202993,122.59714914590278,AMZN,Amazon.com Inc.,
2022-09-30,113.0,113.0,116.91999816894531,112.83999633789062,114.08000183105469,59479600,-0.015679468675155683,116.06040363652244,121.72468104172978,AMZN,Amazon.com Inc.,
2022-10-03,115.87999725341797,115.87999725341797,116.91000366210938,112.44999694824219,113.58000183105469,50941900,0.025486701357681163,116.01530204074632,121.19334615188325,AMZN,Amazon.com Inc.,
2022-10-04,121.08999633789062,121.08999633789062,123.0,119.79000091552734,119.88999938964844,62812600,0.04496029692750958,117.2839756150324,121.18395071424754,AMZN,Amazon.com Inc.,
2022-10-05,120.94999694824219,120.94999694824219,121.75,117.69000244140625,118.58000183105469,48217500,-0.001156159830559278,118.20048094833484,121.16268219006524,AMZN,Amazon.com Inc.,
2022-10-06,120.30000305175781,120.30000305175781,121.52999877929688,119.5,120.7699966430664,42253800,-0.00537407121029132,118.72536147419058,121.08425681385548,AMZN,Amazon.com Inc.,
2022-10-07,114.55999755859375,114.55999755859375,118.16999816894531,113.87999725341797,118.0,54678000,-0.04771409266460691,117.68402049529138,120.49114233610442,AMZN,Amazon.com Inc.,
2022-10-10,113.66999816894531,113.66999816894531,116.25,112.43000030517578,115.0999984741211,42339700,-0.007768849586377025,116.68051491370485,119.87103832090813,AMZN,Amazon.com Inc.,
2022-10-11,112.20999908447266,112.20999908447266,115.4800033569336,110.38999938964844,112.70999908447266,56432200,-0.012844190270001499,115.5628859563968,119.17458020850489,AMZN,Amazon.com Inc.,
2022-10-12,112.9000015258789,112.9000015258789,113.83000183105469,111.4000015258789,112.48999786376953,45728700,0.006149206372302096,114.89716484876732,118.60416396462979,AMZN,Amazon.com Inc.,
2022-10-13,112.52999877929688,112.52999877929688,113.44000244140625,105.3499984741211,107.87999725341797,86868100,-0.00327726077574253,114.30537333139971,118.05196712959952,AMZN,Amazon.com Inc.,
2022-10-14,106.9000015258789,106.9000015258789,114.95999908447266,106.5999984741211,114.0999984741211,67737300,-0.05003107895219994,112.4540303800195,117.03815207471582,AMZN,Amazon.com Inc.,
2022-10-17,113.79000091552734,113.79000091552734,114.19000244140625,110.08999633789062,110.11000061035156,62782000,0.06445275295885255,112.78802301389646,116.7428656056987,AMZN,Amazon.com Inc.,
2022-10-18,116.36000061035156,116.36000061035156,119.5199966430664,114.79000091552734,119.05999755859375,65607400,0.022585461588422673,113.68101741301024,116.70805969703078,AMZN,Amazon.com Inc.,
2022-10-19,115.06999969482422,115.06999969482422,116.58999633789062,113.22000122070312,114.70999908447266,47198100,-0.01108629175628062,114.02826298346373,116.55914515137563,AMZN,Amazon.com Inc.,
2022-10-20,115.25,115.25,118.23999786376953,113.51000213623047,113.83000183105469,48795100,0.0015642678860967596,114.3336972375978,116.44013195579603,AMZN,Amazon.com Inc.,
2022-10-21,119.31999969482422,119.31999969482422,119.58999633789062,114.5,114.79000091552734,55660500,0.03531453097461368,115.58027285190441,116.7019381138895,AMZN,Amazon.com Inc.,
2022-10-24,119.81999969482422,119.81999969482422,120.38999938964844,116.56999969482422,119.9800033569336,49531500,0.004190412347291339,116.64020456263437,116.98539825761083,AMZN,Amazon.com Inc.,
2022-10-25,120.5999984741211,120.5999984741211,121.31999969482422,118.94999694824219,119.6500015258789,50934600,0.006509754475742646,117.63015304050604,117.31399827729356,AMZN,Amazon.com Inc.,
2022-10-26,115.66000366210938,115.66000366210938,119.3499984741211,114.76000213623047,116.0,68802300,-0.040961814879887926,117.13761569590687,117.16363513045863,AMZN,Amazon.com Inc.,
2022-10-27,110.95999908447266,110.95999908447266,114.12000274658203,109.7699966430664,113.91999816894531,129605400,-0.04063638620803933,115.59321154304831,116.59966821718717,AMZN,Amazon.com Inc.,
2022-10-28,103.41000366210938,103.41000366210938,103.95999908447266,97.66000366210938,97.91000366210938,223133400,-0.06804249715805744,112.54740957281358,115.40060780308919,AMZN,Amazon.com Inc.,
2022-10-31,102.44000244140625,102.44000244140625,104.87000274658203,100.73999786376953,103.55999755859375,99251400,-0.009380148789788212,110.02055778996174,114.2223709520271,AMZN,Amazon.com Inc.,
2022-11-01,96.79000091552734,96.79000091552734,104.58000183105469,96.05999755859375,103.98999786376953,153370000,-0.05515425020719422,106.71291857135314,112.63761003961804,AMZN,Amazon.com Inc.,
2022-11-02,92.12000274658203,92.12000274658203,97.73999786376953,92.01000213623047,97.31999969482422,135761800,-0.048248766657425834,103.06468961516036,110.7723730129784,AMZN,Amazon.com Inc.,
2022-11-03,89.30000305175781,89.30000305175781,93.5,89.0199966430664,92.47000122070312,136683300,-0.030612240672440172,99.62351797430972,108.82033938014017,AMZN,Amazon.com Inc.,
2022-11-04,90.9800033569336,90.9800033569336,92.44000244140625,88.04000091552734,91.48999786376953,129101300,0.01881299269611514,97.46263931996569,107.19849065075775,AMZN,Amazon.com Inc.,
2022-11-07,90.52999877929688,90.52999877929688,92.0999984741211,89.04000091552734,91.94999694824219,77495700,-0.00494619214148917,95.72947918479849,105.68317320789767,AMZN,Amazon.com Inc.,
2022-11-08,89.9800033569336,89.9800033569336,91.72000122070312,88.2300033569336,90.79000091552734,88703400,-0.006075283660437414,94.29211022783227,104.25561231235548,AMZN,Amazon.com Inc.,
2022-11-09,86.13999938964844,86.13999938964844,89.4800033569336,85.87000274658203,89.47000122070312,90796200,-0.042676192754212194,92.25408251828631,102.60873841029121,AMZN,Amazon.com Inc.,
2022-11-10,96.62999725341797,96.62999725341797,98.69000244140625,91.6500015258789,92.94000244140625,173414900,0.12177847617944293,93.34806120206923,102.06521648693911,AMZN,Amazon.com Inc.,
2022-11-11,100.79000091552734,100.79000091552734,101.19000244140625,96.66000366210938,97.87999725341797,111590500,0.0430508514990382,95.20854613043376,101.94928779862894,AMZN,Amazon.com Inc.,
2022-11-14,98.48999786376953,98.48999786376953,100.12000274658203,97.29000091552734,98.7699966430664,99533100,-0.022819754250081425,96.0289090637677,101.6348068954599,AMZN,Amazon.com Inc.,
2022-11-15,98.94000244140625,98.94000244140625,103.79000091552734,97.33999633789062,103.20999908447266,111336300,0.004569038353104293,96.75668240817734,101.38982467236411,AMZN,Amazon.com Inc.,
2022-11-16,97.12000274658203,97.12000274658203,98.48999786376953,95.54000091552734,96.8499984741211,87958800,-0.018394983322363,96.84751249277852,101.00165904274756,AMZN,Amazon.com Inc.,
2022-11-17,94.8499984741211,94.8499984741211,96.97000122070312,94.02999877929688,95.37000274658203,82617900,-0.02337318995330062,96.34813398811417,100.44241717287244,AMZN,Amazon.com Inc.,
2022-11-18,94.13999938964844,94.13999938964844,95.98999786376953,92.4800033569336,95.94999694824219,72428200,-0.007485493894513584,95.79610033849774,99.86947010167026,AMZN,Amazon.com Inc.,
2022-11-21,92.45999908447266,92.45999908447266,95.0199966430664,90.58999633789062,93.97000122070312,84330300,-0.017845764989037338,94.96207502499146,99.19588182737957,AMZN,Amazon.com Inc.,
2022-11-22,93.19999694824219,93.19999694824219,93.3499984741211,90.87000274658203,92.62000274658203,62192000,0.008003437930963697,94.52155550580414,98.65080138382163,AMZN,Amazon.com Inc.,
2022-11-23,94.12999725341797,94.12999725341797,94.58000183105469,92.83000183105469,93.23999786376953,59414700,0.009978544373689724,94.4236659427076,98.23981919014857,AMZN,Amazon.com Inc.,
2022-11-25,93.41000366210938,93.41000366210938,94.43000030517578,93.06999969482422,93.79000091552734,35088600,-0.0076489282090407285,94.17025037255804,97.80074505123591,AMZN,Amazon.com Inc.,
2022-11-28,93.94999694824219,93.94999694824219,96.4000015258789,93.43000030517578,93.93000030517578,74943100,0.00578089353348199,94.11518701647908,97.45067704187284,AMZN,Amazon.com Inc.,
2022-11-29,92.41999816894531,92.41999816894531,94.41000366210938,91.44000244140625,94.04000091552734,65567300,-0.016285245651894598,93.69138980459564,96.99334259887942,AMZN,Amazon.com Inc.,
2022-11-30,96.54000091552734,96.54000091552734,96.54000091552734,91.52999877929688,92.47000122070312,102805800,0.04457912603558589,94.40354258232857,96.95212971857468,AMZN,Amazon.com Inc.,
2022-12-01,95.5,95.5,97.2300033569336,94.91999816894531,96.98999786376953,68488000,-0.010772746070691896,94.67765693674643,96.82011792597699,AMZN,Amazon.com Inc.,
2022-12-02,94.12999725341797,94.12999725341797,95.36000061035156,93.77999877929688,94.4800033569336,72496400,-0.01434557849824114,94.54074201591432,96.57556150119889,AMZN,Amazon.com Inc.,
2022-12-05,91.01000213623047,91.01000213623047,94.05999755859375,90.81999969482422,93.05000305175781,71535500,-0.033145598727553405,93.65805704599336,96.06960155892904,AMZN,Amazon.com Inc.,
2022-12-06,88.25,88.25,91.04000091552734,87.9000015258789,90.5,75503600,-0.03032636052572657,92.30604278449502,95.35872868993548,AMZN,Amazon.com Inc.,
2022-12-07,88.45999908447266,88.45999908447266,89.88999938964844,87.4800033569336,88.33999633789062,68086900,0.0023795930251859776,91.34453185948942,94.73157145307522,AMZN,Amazon.com Inc.,
2022-12-08,90.3499984741211,90.3499984741211,90.86000061035156,87.87999725341797,89.23999786376953,73305900,0.021365582288144003,91.09589851314735,94.33324663680665,AMZN,Amazon.com Inc.,
2022-12-09,89.08999633789062,89.08999633789062,90.30000305175781,88.62999725341797,88.9000015258789,67398500,-0.01394579034322141,90.59442296933317,93.85658751872337,AMZN,Amazon.com Inc.,
2022-12-12,90.55000305175781,90.55000305175781,90.58000183105469,87.87000274658203,89.20999908447266,61999800,0.01638799835988136,90.58331798993933,93.55598893081742,AMZN,Amazon.com Inc.,
2022-12-13,92.48999786376953,92.48999786376953,96.25,90.5199966430664,95.2300033569336,100212000,0.02142456926150338,91.05998795839687,93.45908065199488,AMZN,Amazon.com Inc.,
2022-12-14,91.58000183105469,91.58000183105469,93.45999908447266,89.87000274658203,92.5,70298000,-0.009838858835905628,91.18999142656133,93.28825530463668,AMZN,Amazon.com Inc.,
2022-12-15,88.44999694824219,88.44999694824219,89.97000122070312,87.47000122070312,89.88999938964844,84802900,-0.034177820705733164,90.50499280698155,92.84841363587354,AMZN,Amazon.com Inc.,
2022-12-16,87.86000061035156,87.86000061035156,89.3499984741211,86.7300033569336,88.2699966430664,146144100,-0.006670394101153776,89.84374475782406,92.39492154264427,AMZN,Amazon.com Inc.,
2022-12-19,84.91999816894531,84.91999816894531,87.62999725341797,84.51000213623047,87.51000213623047,83531500,-0.033462353983410575,88.61280811060436,91.71538305412618,AMZN,Amazon.com Inc.,
2022-12-20,85.19000244140625,85.19000244140625,86.61000061035156,84.33000183105469,85.33000183105469,74348300,0.0031795134041781026,87.75710669330483,91.122166634788,AMZN,Amazon.com Inc.,
2022-12-21,86.7699966430664,86.7699966430664,87.2300033569336,85.20999908447266,86.18000030517578,59267200,0.018546709195681466,87.51032918074523,90.72651481735876,AMZN,Amazon.com Inc.,
2022-12-22,83.79000091552734,83.79000091552734,85.68000030517578,82.25,85.5199966430664,81431300,-0.034343619255829294,86.58024711444077,90.09592264446499,AMZN,Amazon.com Inc.,
2022-12-23,85.25,85.25,85.77999877929688,82.93000030517578,83.25,57433700,0.01742450254827599,86.24768533583057,89.6553842222409,AMZN,Amazon.com Inc.,
2022-12-27,83.04000091552734,83.04000091552734,85.3499984741211,83.0,84.97000122070312,57284000,-0.025923742926365456,85.44576423075476,89.05398573981239,AMZN,Amazon.com Inc.,
2022-12-28,81.81999969482422,81.81999969482422,83.4800033569336,81.69000244140625,82.80000305175781,58228600,-0.01469172937442731,84.53932309677212,88.39635064481347,AMZN,Amazon.com Inc.,
2022-12-29,84.18000030517578,84.18000030517578,84.55000305175781,82.55000305175781,82.87000274658203,54995900,0.02884381103830358,84.44949239887303,88.01304606848277,AMZN,Amazon.com Inc.,
2022-12-30,84.0,84.0,84.05000305175781,82.47000122070312,83.12000274658203,62401200,-0.002138278742257471,84.33711929915478,87.6482236986207,AMZN,Amazon.com Inc.,
