Company,True,Predicted,Error,Error_Pct
AAPL,0.33333334,0.15458032,0.17875302,53.625904
AAPL,0.33333334,0.15466592,0.17866743,53.600227
AAPL,0.3333333,0.15482327,0.17851004,53.553017
AAPL,0.33333334,0.1549379,0.17839545,53.518635
AAPL,0.33333334,0.15519178,0.17814156,53.442467
AAPL,0.33333334,0.15578523,0.17754811,53.264435
AAPL,0.33333334,0.15601283,0.17732051,53.19615
AAPL,0.33333334,0.15608636,0.17724699,53.174095
AAPL,0.33333334,0.15629312,0.17704022,53.112064
AAPL,0.3333333,0.15640816,0.17692515,53.07755
AAPL,0.3333333,0.15667835,0.17665496,52.99649
AAPL,0.33333334,0.15679169,0.17654166,52.962494
AAPL,0.3333333,0.15693286,0.17640045,52.92014
AAPL,0.33333334,0.1569424,0.17639095,52.917282
AAPL,0.3333333,0.15713918,0.17619413,52.858246
AAPL,0.33333334,0.15731445,0.1760189,52.805668
AAPL,0.33333334,0.15780747,0.17552587,52.65776
AAPL,0.33333334,0.15795022,0.17538312,52.614933
AAPL,0.33333334,0.15796003,0.17537332,52.611996
AAPL,0.3333333,0.15796036,0.17537296,52.611893
AAPL,0.3333333,0.15798652,0.17534679,52.604042
AAPL,0.33333334,0.15829396,0.17503938,52.51181
AAPL,0.33333334,0.15834737,0.17498598,52.49579
AAPL,0.33333334,0.15837657,0.17495677,52.487026
AAPL,0.3333333,0.15846375,0.17486957,52.460873
AAPL,0.3333333,0.15855455,0.17477876,52.43363
AAPL,0.33333334,0.15859541,0.17473793,52.42138
AAPL,0.3333333,0.15866801,0.1746653,52.399593
AAPL,0.3333333,0.1587862,0.1745471,52.364136
AAPL,0.33333334,0.15880394,0.1745294,52.358818
AAPL,0.33333334,0.15886217,0.17447117,52.341347
AAPL,0.3333333,0.15894052,0.17439279,52.31784
AAPL,0.3333333,0.15894791,0.1743854,52.315624
AAPL,0.33333334,0.15897304,0.1743603,52.30809
AAPL,0.33333334,0.15906438,0.17426896,52.28069
AAPL,0.33333334,0.15914646,0.17418689,52.256065
AAPL,0.3333333,0.1592243,0.17410901,52.232708
AAPL,0.3333333,0.15926763,0.17406568,52.219707
AAPL,0.33333334,0.15928474,0.1740486,52.21458
AAPL,0.3333333,0.15930021,0.1740331,52.209938
AAPL,0.3333333,0.15930471,0.1740286,52.208584
AAPL,0.33333334,0.15930781,0.17402554,52.20766
AAPL,0.33333334,0.15955693,0.17377642,52.132923
AAPL,0.3333333,0.15958384,0.17374948,52.124847
AAPL,0.3333333,0.15959159,0.17374173,52.12252
AAPL,0.3333333,0.15960005,0.17373326,52.119984
AAPL,0.3333333,0.1599634,0.17336991,52.01098
AAPL,0.33333334,0.16012317,0.17321017,51.96305
AAPL,0.33333334,0.16013807,0.17319527,51.95858
AAPL,0.3333333,0.1602239,0.17310941,51.93283
AAPL,0.33333334,0.16026467,0.17306867,51.920597
AAPL,0.33333334,0.16028377,0.17304957,51.91487
AAPL,0.3333333,0.16029921,0.1730341,51.910233
AAPL,0.33333334,0.16039631,0.17293704,51.88111
AAPL,0.33333334,0.16058809,0.17274526,51.823574
AAPL,0.3333333,0.16059625,0.17273706,51.821125
AAPL,0.33333334,0.16082737,0.17250597,51.751793
AAPL,0.3333333,0.16092542,0.1724079,51.72237
AAPL,0.3333333,0.16094285,0.17239046,51.717144
AAPL,0.33333334,0.16100755,0.17232579,51.69774
AAPL,0.33333334,0.16138858,0.17194477,51.583427
AAPL,0.3333333,0.16139102,0.1719423,51.582695
AAPL,0.3333333,0.16162461,0.1717087,51.512615
AAPL,0.33333334,0.16166225,0.17167109,51.501328
AAPL,0.33333334,0.1617144,0.17161894,51.48568
AAPL,0.33333334,0.1617434,0.17158994,51.47698
AAPL,0.33333334,0.1618185,0.17151484,51.45445
AAPL,0.33333334,0.16193709,0.17139626,51.418877
AAPL,0.3333333,0.16203967,0.17129365,51.388096
AAPL,0.3333333,0.16210556,0.17122775,51.368332
AAPL,0.33333334,0.1621064,0.17122695,51.36808
AAPL,0.3333333,0.16211072,0.1712226,51.366783
AAPL,0.3333333,0.1621674,0.17116591,51.349777
AAPL,0.3333333,0.16217098,0.17116234,51.348705
AAPL,0.33333334,0.16218567,0.17114767,51.3443
AAPL,0.33333334,0.1622189,0.17111444,51.334335
AAPL,0.33333334,0.16223884,0.1710945,51.32835
AAPL,0.33333334,0.16225514,0.1710782,51.323463
AAPL,0.3333333,0.16232306,0.17101026,51.30308
AAPL,0.3333333,0.16244313,0.17089018,51.26706
AAPL,0.3333333,0.16273102,0.17060229,51.18069
AAPL,0.3333333,0.16273901,0.1705943,51.178295
AAPL,0.33333334,0.16278753,0.17054582,51.163746
AAPL,0.33333334,0.16292354,0.1704098,51.12294
AAPL,0.33333334,0.16292462,0.17040873,51.12262
AAPL,0.33333334,0.16303304,0.1703003,51.09009
AAPL,0.33333334,0.16303945,0.1702939,51.088165
AAPL,0.33333334,0.16309458,0.17023876,51.071625
AAPL,0.33333334,0.16315028,0.17018306,51.05492
AAPL,0.33333334,0.16315836,0.17017499,51.052494
AAPL,0.33333334,0.16317347,0.17015988,51.047962
AAPL,0.3333333,0.16323698,0.17009634,51.028908
AAPL,0.3333333,0.16331193,0.17002138,51.00642
AAPL,0.3333333,0.1633218,0.17001152,51.003464
AAPL,0.33333334,0.16333583,0.16999751,50.999252
AAPL,0.3333333,0.16334012,0.16999319,50.99796
AAPL,0.33333334,0.16339657,0.16993678,50.981033
AAPL,0.33333334,0.16348925,0.16984409,50.953228
AAPL,0.33333334,0.16361666,0.16971669,50.915
AAPL,0.3333333,0.163668,0.1696653,50.899593
AAPL,0.33333334,0.16367441,0.16965893,50.897675
AAPL,0.33333334,0.16379282,0.16954052,50.862156
AAPL,0.33333334,0.16379863,0.16953471,50.860413
AAPL,0.3333333,0.16383103,0.16950229,50.85069
MSFT,0.33333334,0.16384345,0.16948989,50.846966
AAPL,0.3333333,0.16391778,0.16941553,50.824665
AAPL,0.3333333,0.16400555,0.16932777,50.798332
MSFT,0.33333334,0.16409826,0.16923508,50.770523
AAPL,0.33333334,0.16414827,0.16918507,50.75552
AAPL,0.33333334,0.16418195,0.1691514,50.745415
AAPL,0.3333333,0.16423419,0.16909912,50.72974
AAPL,0.3333333,0.16425446,0.16907886,50.72366
AAPL,0.3333333,0.16428849,0.16904482,50.71345
AAPL,0.3333333,0.16449937,0.16883394,50.650185
AAPL,0.3333333,0.16452953,0.16880378,50.641136
AAPL,0.33333334,0.16454262,0.16879073,50.637215
AAPL,0.33333337,0.16455805,0.16877532,50.63259
AAPL,0.33333334,0.16458318,0.16875017,50.62505
AAPL,0.33333334,0.16462359,0.16870975,50.612926
AAPL,0.33333334,0.16466728,0.16866606,50.59982
AAPL,0.3333333,0.16468844,0.16864488,50.593464
AAPL,0.33333334,0.16473368,0.16859967,50.5799
AAPL,0.3333333,0.16475627,0.16857705,50.573116
MSFT,0.33333334,0.16493016,0.16840318,50.52095
AAPL,0.33333334,0.16499332,0.16834003,50.502007
AAPL,0.3333333,0.1650193,0.16831401,50.494205
AAPL,0.33333334,0.16505018,0.16828316,50.48495
AAPL,0.33333334,0.1651232,0.16821015,50.463043
AAPL,0.3333333,0.1651313,0.16820201,50.460606
AAPL,0.33333334,0.16517779,0.16815555,50.446667
AAPL,0.33333334,0.16519377,0.16813958,50.44187
AAPL,0.3333333,0.16525677,0.16807655,50.422966
AAPL,0.3333333,0.16532958,0.16800374,50.401127
AAPL,0.33333334,0.16536987,0.16796347,50.389038
AAPL,0.3333333,0.16539806,0.16793525,50.38058
AAPL,0.33333334,0.1654405,0.16789284,50.36785
AAPL,0.3333333,0.16547593,0.16785738,50.357216
AAPL,0.3333333,0.16549143,0.16784188,50.352566
AAPL,0.33333334,0.16552341,0.16780993,50.342976
AAPL,0.3333333,0.16557899,0.16775432,50.3263
AAPL,0.33333334,0.16559812,0.16773522,50.320564
AAPL,0.33333334,0.16567874,0.1676546,50.29638
AAPL,0.33333334,0.16568801,0.16764534,50.293602
AAPL,0.33333334,0.16568893,0.16764441,50.29332
AAPL,0.33333337,0.16582584,0.16750753,50.252254
AAPL,0.33333334,0.16590714,0.1674262,50.227856
AAPL,0.3333333,0.16595474,0.16737857,50.213577
AAPL,0.33333334,0.165984,0.16734934,50.204803
AAPL,0.33333334,0.16600984,0.1673235,50.19705
AAPL,0.33333334,0.16606107,0.16727227,50.181683
AAPL,0.33333334,0.16607356,0.16725978,50.177933
AAPL,0.33333334,0.16608304,0.1672503,50.175087
AAPL,0.33333334,0.16631386,0.16701949,50.105846
AAPL,0.3333333,0.16633287,0.16700044,50.100136
AAPL,0.33333334,0.16633531,0.16699803,50.099407
MSFT,0.3333333,0.16638616,0.16694716,50.08415
AAPL,0.3333333,0.16648757,0.16684574,50.053726
AAPL,0.3333333,0.16671342,0.1666199,49.985973
AAPL,0.33333334,0.16696665,0.1663667,49.910007
AAPL,0.33333334,0.1669747,0.16635865,49.907597
MSFT,0.33333334,0.1669958,0.16633755,49.901264
AAPL,0.33333328,0.16704571,0.16628757,49.886276
AAPL,0.3333333,0.16707942,0.1662539,49.87617
AAPL,0.33333334,0.16716143,0.16617191,49.851574
AAPL,0.3333333,0.16728762,0.1660457,49.813713
MSFT,0.33333334,0.16732255,0.1660108,49.803238
AAPL,0.33333334,0.1673828,0.16595054,49.78516
AAPL,0.3333333,0.16741183,0.16592148,49.776447
AAPL,0.33333334,0.16758078,0.16575256,49.72577
AAPL,0.33333334,0.16758808,0.16574526,49.72358
AAPL,0.33333334,0.16768348,0.16564986,49.694958
AAPL,0.33333334,0.16769046,0.16564289,49.692867
AAPL,0.33333334,0.16772223,0.16561112,49.683334
AAPL,0.33333334,0.16774431,0.16558903,49.676712
AAPL,0.3333333,0.16777879,0.16555452,49.66636
AAPL,0.3333333,0.16794705,0.16538626,49.61588
AAPL,0.33333334,0.16795722,0.16537613,49.61284
AAPL,0.33333334,0.16797075,0.1653626,49.60878
AAPL,0.3333333,0.16802031,0.165313,49.593906
AAPL,0.33333334,0.16804343,0.16528991,49.58697
AAPL,0.33333334,0.16808978,0.16524357,49.57307
AAPL,0.33333334,0.16817847,0.16515487,49.546463
AAPL,0.3333333,0.16823241,0.1651009,49.530273
AAPL,0.3333333,0.16825953,0.16507378,49.522137
AAPL,0.3333333,0.16839433,0.16493899,49.481697
AAPL,0.3333333,0.16852659,0.16480672,49.44202
AAPL,0.33333337,0.16861704,0.16471633,49.414894
MSFT,0.3333333,0.16862848,0.16470483,49.411453
AAPL,0.33333334,0.16880187,0.16453147,49.35944
AAPL,0.33333334,0.16882807,0.16450527,49.35158
AAPL,0.33333334,0.16885823,0.16447511,49.342533
AAPL,0.33333334,0.1689314,0.16440195,49.320583
AAPL,0.33333334,0.16894639,0.16438696,49.316086
AAPL,0.3333333,0.16898796,0.16434535,49.303608
AAPL,0.33333334,0.16904044,0.1642929,49.287872
AAPL,0.3333333,0.16904256,0.16429076,49.28723
AAPL,0.33333334,0.16923258,0.16410077,49.23023
AAPL,0.33333334,0.16928574,0.1640476,49.21428
AAPL,0.3333333,0.16949373,0.16383958,49.15188
AAPL,0.33333334,0.16954303,0.16379032,49.137096
AAPL,0.33333334,0.16954863,0.16378471,49.135414
AAPL,0.33333334,0.16968748,0.16364586,49.093758
AAPL,0.3333333,0.16973749,0.16359583,49.07875
AAPL,0.3333333,0.16975525,0.16357806,49.07342
AAPL,0.3333333,0.169774,0.16355932,49.0678
AAPL,0.3333333,0.16987497,0.16345835,49.037506
AAPL,0.33333334,0.16993612,0.16339722,49.019165
AAPL,0.3333333,0.16996235,0.16337097,49.01129
AAPL,0.33333334,0.16996294,0.1633704,49.01112
AAPL,0.33333334,0.17004377,0.16328958,48.986874
AAPL,0.33333334,0.17006496,0.16326839,48.980515
AAPL,0.33333334,0.17009842,0.16323492,48.970474
AAPL,0.3333333,0.17013311,0.1632002,48.960064
AAPL,0.3333333,0.17014071,0.1631926,48.957783
MSFT,0.33333334,0.17023534,0.163098,48.9294
MSFT,0.33333334,0.1702702,0.16306314,48.91894
MSFT,0.33333334,0.17038205,0.16295129,48.885387
AAPL,0.33333334,0.17038274,0.1629506,48.88518
MSFT,0.33333334,0.17043203,0.16290131,48.87039
AAPL,0.33333334,0.17043635,0.16289699,48.8691
AAPL,0.3333333,0.17069283,0.16264048,48.79215
MSFT,0.33333337,0.170715,0.16261837,48.785503
MSFT,0.3333333,0.17072389,0.16260943,48.782833
AAPL,0.3333333,0.17075166,0.16258165,48.774498
AAPL,0.33333334,0.17082539,0.16250795,48.752384
AAPL,0.33333334,0.17083964,0.1624937,48.74811
AAPL,0.3333333,0.17089102,0.1624423,48.732693
AAPL,0.33333334,0.17090225,0.16243109,48.72933
AAPL,0.33333334,0.17091551,0.16241783,48.72535
AAPL,0.33333334,0.17096269,0.16237065,48.711197
AAPL,0.3333333,0.17100227,0.16233104,48.699318
AAPL,0.33333334,0.1710667,0.16226664,48.679993
AAPL,0.33333334,0.17107835,0.16225499,48.6765
AAPL,0.3333333,0.17107925,0.16225407,48.676224
AAPL,0.3333333,0.17110783,0.16222548,48.66765
AAPL,0.33333334,0.1711308,0.16220254,48.660763
AAPL,0.33333334,0.17113689,0.16219646,48.658936
AAPL,0.33333334,0.17114714,0.1621862,48.65586
AAPL,0.3333333,0.17115456,0.16217875,48.65363
AAPL,0.33333334,0.17120281,0.16213053,48.63916
AAPL,0.33333334,0.17120472,0.16212863,48.638588
AAPL,0.33333334,0.1712381,0.16209525,48.628574
AAPL,0.3333333,0.17126271,0.1620706,48.621185
AAPL,0.33333334,0.17127824,0.1620551,48.61653
AAPL,0.3333333,0.17139184,0.16194147,48.582443
AAPL,0.3333333,0.17144752,0.1618858,48.565742
AAPL,0.33333334,0.17150289,0.16183046,48.549137
AAPL,0.33333334,0.17157146,0.16176188,48.528564
MSFT,0.3333333,0.17159879,0.16173452,48.52036
MSFT,0.3333333,0.17160907,0.16172424,48.517273
AAPL,0.33333334,0.17167911,0.16165423,48.49627
AAPL,0.33333334,0.17170796,0.16162539,48.487617
AAPL,0.33333334,0.17171639,0.16161695,48.485085
MSFT,0.33333334,0.17174357,0.16158977,48.476933
AAPL,0.33333334,0.17174917,0.16158417,48.47525
AAPL,0.3333333,0.17178768,0.16154563,48.46369
AAPL,0.33333334,0.17179018,0.16154316,48.462948
AAPL,0.33333334,0.17187417,0.16145918,48.43775
MSFT,0.3333333,0.171897,0.16143632,48.4309
MSFT,0.33333334,0.17197186,0.16136149,48.408447
MSFT,0.3333333,0.17201394,0.16131938,48.395817
AAPL,0.33333334,0.1720193,0.16131404,48.39421
MSFT,0.3333333,0.17202333,0.16130999,48.392998
MSFT,0.33333334,0.17205316,0.16128018,48.384056
AAPL,0.33333334,0.17206419,0.16126916,48.38075
MSFT,0.33333334,0.17207798,0.16125536,48.37661
AAPL,0.3333333,0.1720801,0.16125321,48.37597
AAPL,0.3333333,0.17208865,0.16124466,48.3734
MSFT,0.33333328,0.17209062,0.16124266,48.372807
AAPL,0.3333333,0.1720961,0.16123721,48.371166
AAPL,0.3333333,0.17210788,0.16122544,48.367634
MSFT,0.3333333,0.17211297,0.16122034,48.366104
AAPL,0.33333334,0.17215535,0.161178,48.353397
AAPL,0.3333333,0.1721589,0.16117442,48.35233
AAPL,0.3333333,0.17219228,0.16114104,48.342316
AAPL,0.33333334,0.17220181,0.16113153,48.33946
AAPL,0.33333334,0.17220268,0.16113067,48.3392
AAPL,0.3333333,0.17223802,0.16109529,48.32859
AAPL,0.33333334,0.17226136,0.16107199,48.321594
MSFT,0.33333334,0.17226711,0.16106623,48.31987
MSFT,0.33333334,0.17227057,0.16106278,48.318832
MSFT,0.33333334,0.17229229,0.16104105,48.312317
AAPL,0.33333334,0.17230186,0.16103148,48.309444
MSFT,0.33333334,0.1723243,0.16100904,48.30271
AAPL,0.33333334,0.1723631,0.16097024,48.291073
AAPL,0.33333334,0.17241356,0.16091979,48.275936
MSFT,0.33333337,0.17244947,0.1608839,48.265163
AAPL,0.33333334,0.17247942,0.16085392,48.256176
AAPL,0.33333334,0.17253232,0.16080102,48.240307
AAPL,0.33333334,0.17262983,0.16070351,48.211052
MSFT,0.33333334,0.17276314,0.1605702,48.171062
AAPL,0.3333333,0.17279086,0.16054246,48.16274
AAPL,0.33333334,0.17281696,0.16051638,48.154915
MSFT,0.3333333,0.17282024,0.16051307,48.153923
AAPL,0.3333333,0.17282349,0.16050982,48.15295
AAPL,0.33333334,0.17282617,0.16050717,48.152153
MSFT,0.33333334,0.17283091,0.16050243,48.15073
MSFT,0.33333334,0.17283359,0.16049975,48.149925
MSFT,0.3333333,0.17284432,0.160489,48.1467
AAPL,0.33333334,0.1728487,0.16048464,48.145393
MSFT,0.3333333,0.17285448,0.16047883,48.143654
AAPL,0.3333333,0.17286932,0.16046399,48.1392
MSFT,0.33333337,0.17288628,0.16044709,48.13412
AAPL,0.3333333,0.17289159,0.16044173,48.132523
MSFT,0.3333333,0.17290315,0.16043016,48.12905
AAPL,0.3333333,0.17295203,0.16038129,48.114388
AAPL,0.33333334,0.17296246,0.16037089,48.111267
AAPL,0.3333333,0.17296287,0.16037044,48.111134
MSFT,0.33333334,0.17296576,0.16036758,48.110275
MSFT,0.33333334,0.17299515,0.1603382,48.10146
AAPL,0.33333334,0.17302647,0.16030687,48.09206
MSFT,0.33333334,0.17303926,0.16029409,48.088226
AAPL,0.33333334,0.17305589,0.16027746,48.083237
AAPL,0.33333334,0.17305696,0.16027638,48.082916
AAPL,0.33333334,0.17305735,0.160276,48.082798
AAPL,0.33333334,0.17307833,0.16025501,48.076504
AAPL,0.33333334,0.17311895,0.1602144,48.06432
AAPL,0.33333334,0.17313418,0.16019917,48.05975
MSFT,0.3333333,0.17316574,0.16016757,48.050274
MSFT,0.33333334,0.17316988,0.16016346,48.049038
MSFT,0.33333334,0.17320684,0.1601265,48.037952
AAPL,0.33333334,0.17320824,0.1601251,48.037533
AAPL,0.33333334,0.17322949,0.16010386,48.03116
AAPL,0.3333333,0.17323431,0.160099,48.0297
MSFT,0.33333334,0.17323548,0.16009787,48.02936
MSFT,0.33333334,0.17323628,0.16009706,48.029118
AAPL,0.33333334,0.173284,0.16004935,48.014805
MSFT,0.33333334,0.17330566,0.16002768,48.008305
MSFT,0.33333334,0.17341068,0.15992266,47.9768
AAPL,0.3333333,0.17341486,0.15991846,47.97554
MSFT,0.3333333,0.17342934,0.15990397,47.971195
MSFT,0.33333334,0.17346478,0.15986857,47.96057
MSFT,0.3333333,0.17347789,0.15985543,47.95663
MSFT,0.33333337,0.17351305,0.15982032,47.94609
MSFT,0.3333333,0.17356867,0.15976465,47.929398
MSFT,0.3333333,0.17360452,0.1597288,47.91864
AAPL,0.3333333,0.17361566,0.15971765,47.9153
MSFT,0.33333334,0.17362401,0.15970933,47.9128
MSFT,0.33333334,0.17364249,0.15969086,47.907257
AAPL,0.33333334,0.17366526,0.15966809,47.900425
MSFT,0.33333334,0.17366844,0.1596649,47.89947
MSFT,0.33333334,0.1736764,0.15965694,47.897083
MSFT,0.33333334,0.17368957,0.15964377,47.89313
AAPL,0.33333334,0.17369342,0.15963992,47.89198
AAPL,0.33333334,0.17369577,0.15963757,47.89127
MSFT,0.3333333,0.17369795,0.15963537,47.890614
MSFT,0.33333334,0.17370212,0.15963122,47.889366
AAPL,0.3333333,0.17370543,0.15962788,47.888367
MSFT,0.3333333,0.17370677,0.15962654,47.887966
MSFT,0.3333333,0.1737225,0.15961081,47.883244
AAPL,0.3333333,0.17372575,0.15960756,47.88227
AAPL,0.3333333,0.17372715,0.15960616,47.88185
MSFT,0.33333334,0.17373148,0.15960187,47.88056
MSFT,0.3333333,0.17373696,0.15959635,47.87891
AAPL,0.33333334,0.17375702,0.15957633,47.8729
AAPL,0.3333333,0.17375818,0.15957513,47.872543
MSFT,0.33333334,0.1737616,0.15957174,47.87152
MSFT,0.3333333,0.173789,0.15954432,47.8633
MSFT,0.33333334,0.17380646,0.15952688,47.858067
MSFT,0.33333337,0.1738163,0.15951708,47.855118
AAPL,0.33333334,0.1738405,0.15949285,47.847855
MSFT,0.33333334,0.17384893,0.15948442,47.845325
MSFT,0.33333334,0.17384985,0.15948349,47.845047
MSFT,0.3333333,0.17388803,0.15944529,47.833588
MSFT,0.33333334,0.17389578,0.15943757,47.83127
AAPL,0.3333333,0.17390674,0.15942657,47.827972
MSFT,0.33333334,0.17392555,0.1594078,47.82234
AAPL,0.3333333,0.17394033,0.15939298,47.817898
MSFT,0.33333334,0.17394567,0.15938768,47.816303
AAPL,0.33333334,0.17394641,0.15938693,47.81608
MSFT,0.33333334,0.17395854,0.1593748,47.812443
AAPL,0.33333334,0.17398196,0.15935138,47.805412
MSFT,0.33333334,0.17399535,0.159338,47.8014
MSFT,0.3333333,0.17401484,0.15931848,47.795547
MSFT,0.33333334,0.17402327,0.15931007,47.793022
MSFT,0.33333334,0.17403206,0.15930128,47.790382
AAPL,0.33333334,0.17404929,0.15928406,47.785217
MSFT,0.33333334,0.17405698,0.15927637,47.78291
MSFT,0.33333334,0.1740573,0.15927604,47.78281
AAPL,0.33333334,0.17407045,0.1592629,47.77887
AAPL,0.3333333,0.17407775,0.15925556,47.776672
MSFT,0.3333333,0.1740801,0.15925321,47.775967
MSFT,0.33333334,0.17408073,0.15925261,47.775784
MSFT,0.33333334,0.17408192,0.15925142,47.775425
MSFT,0.33333334,0.17409402,0.15923932,47.771797
MSFT,0.33333334,0.17411813,0.15921521,47.764565
MSFT,0.33333334,0.17412648,0.15920687,47.762062
MSFT,0.3333333,0.17414883,0.15918449,47.75535
AAPL,0.3333333,0.17415124,0.15918207,47.754623
MSFT,0.33333334,0.17418584,0.1591475,47.74425
MSFT,0.33333334,0.17419875,0.1591346,47.74038
MSFT,0.3333333,0.17419973,0.15913358,47.740078
MSFT,0.33333334,0.17419982,0.15913352,47.74006
AAPL,0.33333334,0.17420831,0.15912503,47.73751
MSFT,0.3333333,0.17420885,0.15912446,47.737343
MSFT,0.3333333,0.17421067,0.15912265,47.736797
MSFT,0.33333334,0.1742357,0.15909764,47.729294
MSFT,0.33333334,0.17423627,0.15909708,47.729122
AAPL,0.33333334,0.17430076,0.15903258,47.709774
MSFT,0.33333334,0.17430308,0.15903026,47.709076
MSFT,0.33333334,0.17436722,0.15896612,47.68984
AAPL,0.3333333,0.17439783,0.15893549,47.68065
MSFT,0.33333334,0.17442936,0.15890399,47.671196
MSFT,0.3333333,0.17442948,0.15890384,47.671154
MSFT,0.33333334,0.17445624,0.1588771,47.66313
AAPL,0.3333333,0.17448002,0.15885329,47.65599
AAPL,0.3333333,0.17448902,0.15884429,47.65329
MSFT,0.33333334,0.17449954,0.1588338,47.65014
MSFT,0.33333334,0.17452765,0.1588057,47.64171
MSFT,0.33333334,0.17455631,0.15877703,47.63311
MSFT,0.33333334,0.1745984,0.15873495,47.620483
MSFT,0.33333334,0.17460048,0.15873286,47.619858
MSFT,0.3333333,0.17462283,0.15871048,47.613148
AAPL,0.33333334,0.17463735,0.158696,47.6088
MSFT,0.3333333,0.17464933,0.15868399,47.605198
MSFT,0.33333334,0.17466685,0.15866649,47.59995
MSFT,0.33333334,0.17466778,0.15866557,47.59967
AAPL,0.3333333,0.17469859,0.15863472,47.59042
AAPL,0.33333334,0.1746996,0.15863374,47.590122
MSFT,0.33333334,0.17476341,0.15856993,47.57098
AAPL,0.33333334,0.17480493,0.15852842,47.558525
AAPL,0.33333334,0.17487368,0.15845966,47.5379
MSFT,0.3333333,0.17488354,0.15844977,47.534935
AAPL,0.33333334,0.17489564,0.1584377,47.53131
AAPL,0.33333334,0.17490196,0.15843138,47.529415
MSFT,0.33333337,0.17493561,0.15839776,47.51932
MSFT,0.33333334,0.174938,0.15839535,47.518604
MSFT,0.33333334,0.17495897,0.15837437,47.51231
MSFT,0.33333334,0.17496395,0.15836939,47.51082
MSFT,0.3333333,0.17499998,0.15833333,47.500004
AAPL,0.33333334,0.17508045,0.1582529,47.47587
MSFT,0.33333334,0.17513174,0.1582016,47.46048
AAPL,0.3333333,0.17516097,0.15817234,47.451706
MSFT,0.3333333,0.17519549,0.15813783,47.441353
MSFT,0.33333334,0.17524979,0.15808356,47.425068
AAPL,0.33333334,0.17525989,0.15807346,47.422035
MSFT,0.33333334,0.1752626,0.15807074,47.421223
AAPL,0.33333334,0.17529762,0.15803573,47.410717
AAPL,0.33333334,0.1753088,0.15802455,47.407364
AAPL,0.33333334,0.17537478,0.15795857,47.38757
AAPL,0.3333333,0.17541188,0.15792143,47.376434
AAPL,0.3333333,0.17552081,0.1578125,47.343754
AAPL,0.3333333,0.17560577,0.15772754,47.318264
MSFT,0.3333333,0.17561612,0.1577172,47.315163
AAPL,0.33333334,0.17563033,0.15770301,47.310905
MSFT,0.3333333,0.17565379,0.15767953,47.30386
AAPL,0.33333334,0.17567253,0.15766081,47.298244
AAPL,0.3333333,0.17568952,0.1576438,47.29314
MSFT,0.33333334,0.17572573,0.15760761,47.282284
AAPL,0.3333333,0.17575338,0.15757993,47.273983
MSFT,0.33333334,0.17576957,0.15756378,47.269135
MSFT,0.33333334,0.17579573,0.15753761,47.261284
AAPL,0.3333333,0.17579621,0.1575371,47.261135
AAPL,0.3333333,0.1758005,0.15753281,47.259846
MSFT,0.3333333,0.17584178,0.15749153,47.247463
AAPL,0.3333333,0.17591226,0.15742105,47.22632
AAPL,0.33333334,0.1759344,0.15739894,47.21968
AAPL,0.33333334,0.17603445,0.1572989,47.189667
AAPL,0.3333333,0.17605555,0.15727776,47.18333
AAPL,0.33333334,0.17608967,0.15724367,47.1731
MSFT,0.3333333,0.1761137,0.15721962,47.16589
MSFT,0.3333333,0.17615578,0.15717754,47.153263
MSFT,0.33333334,0.17617211,0.15716124,47.14837
AAPL,0.3333333,0.17618734,0.15714598,47.143795
MSFT,0.33333334,0.17619509,0.15713826,47.141476
MSFT,0.33333334,0.17626399,0.15706936,47.120808
MSFT,0.33333334,0.17632577,0.15700758,47.102272
AAPL,0.33333334,0.17635721,0.15697613,47.09284
AAPL,0.3333333,0.17640841,0.1569249,47.077473
AAPL,0.3333333,0.17643109,0.15690222,47.07067
AAPL,0.33333334,0.17644769,0.15688565,47.065697
MSFT,0.33333334,0.17646077,0.15687257,47.06177
MSFT,0.33333334,0.1764949,0.15683845,47.051533
MSFT,0.3333333,0.17650914,0.15682417,47.047253
MSFT,0.33333334,0.17652142,0.15681192,47.043575
MSFT,0.33333334,0.1765554,0.15677795,47.033386
MSFT,0.33333334,0.17656827,0.15676507,47.029522
AAPL,0.33333334,0.17657042,0.15676293,47.028877
MSFT,0.3333333,0.17667058,0.15666273,46.99882
MSFT,0.3333333,0.17669314,0.15664017,46.992054
MSFT,0.33333334,0.17670065,0.15663269,46.989807
AAPL,0.33333334,0.17671344,0.1566199,46.985973
AAPL,0.33333334,0.17674285,0.15659049,46.977146
MSFT,0.33333334,0.17677289,0.15656045,46.968136
MSFT,0.3333333,0.17680925,0.15652406,46.957222
MSFT,0.3333333,0.17683911,0.1564942,46.94826
MSFT,0.33333334,0.17687845,0.15645489,46.936466
MSFT,0.33333334,0.17699039,0.15634295,46.902885
AAPL,0.33333334,0.17700022,0.15633312,46.899937
MSFT,0.3333333,0.17702311,0.1563102,46.893063
MSFT,0.33333334,0.17705557,0.15627778,46.88333
MSFT,0.33333334,0.17707077,0.15626258,46.878773
AAPL,0.33333334,0.17709485,0.1562385,46.871548
AAPL,0.3333333,0.17713007,0.15620324,46.860973
MSFT,0.33333334,0.17713833,0.15619501,46.858505
AAPL,0.33333334,0.1771906,0.15614274,46.842823
AAPL,0.33333334,0.17723912,0.15609422,46.828266
MSFT,0.33333334,0.1772688,0.15606454,46.819363
AAPL,0.3333333,0.17727491,0.1560584,46.817524
MSFT,0.33333334,0.17730588,0.15602747,46.80824
AAPL,0.3333333,0.17732972,0.1560036,46.801083
MSFT,0.33333334,0.17735612,0.15597722,46.793167
AAPL,0.33333334,0.17740604,0.1559273,46.77819
AAPL,0.3333333,0.1774123,0.15592101,46.776306
AAPL,0.33333334,0.17746645,0.15586689,46.760067
MSFT,0.3333333,0.17750847,0.15582484,46.747456
MSFT,0.33333334,0.17751276,0.15582058,46.746174
AAPL,0.33333334,0.17752862,0.15580472,46.741417
AAPL,0.3333333,0.17753267,0.15580064,46.740196
AAPL,0.33333334,0.17755902,0.15577433,46.732296
AAPL,0.33333334,0.1775679,0.15576544,46.729633
AAPL,0.33333334,0.17761034,0.155723,46.7169
AAPL,0.33333334,0.17765138,0.15568197,46.70459
AAPL,0.33333334,0.17766643,0.15566692,46.700077
AAPL,0.33333334,0.17768249,0.15565085,46.695255
MSFT,0.3333333,0.17770383,0.15562949,46.68885
AAPL,0.3333333,0.17771327,0.15562004,46.686016
MSFT,0.3333333,0.17772272,0.15561059,46.68318
AAPL,0.33333334,0.17775688,0.15557647,46.67294
MSFT,0.3333333,0.17779607,0.15553725,46.66118
MSFT,0.33333334,0.17780837,0.15552497,46.65749
AAPL,0.33333334,0.17783043,0.15550292,46.650875
MSFT,0.3333333,0.17787576,0.15545756,46.637268
MSFT,0.33333334,0.17793146,0.15540189,46.620567
AAPL,0.33333334,0.17795947,0.15537387,46.61216
MSFT,0.33333334,0.17800081,0.15533254,46.599762
MSFT,0.33333334,0.1780253,0.15530804,46.59241
MSFT,0.3333333,0.17803302,0.15530029,46.590088
MSFT,0.3333333,0.17806366,0.15526965,46.5809
MSFT,0.33333334,0.17808345,0.1552499,46.574966
MSFT,0.3333333,0.17809573,0.15523759,46.571278
AAPL,0.33333334,0.17811951,0.15521383,46.564148
AAPL,0.33333334,0.17812175,0.1552116,46.56348
MSFT,0.33333334,0.17812431,0.15520903,46.56271
MSFT,0.33333334,0.1781536,0.15517974,46.55392
AAPL,0.3333333,0.17816064,0.15517268,46.551807
MSFT,0.33333334,0.17817369,0.15515965,46.547897
AAPL,0.33333334,0.17818573,0.15514761,46.544285
AAPL,0.3333333,0.17820746,0.15512586,46.53776
AAPL,0.33333334,0.1782102,0.15512314,46.53694
MSFT,0.33333334,0.17821956,0.15511379,46.534138
MSFT,0.33333334,0.17823437,0.15509897,46.529694
AAPL,0.33333334,0.17823747,0.15509588,46.528763
AAPL,0.33333334,0.17824933,0.15508401,46.525204
MSFT,0.33333334,0.1782676,0.15506575,46.519722
MSFT,0.3333333,0.1783069,0.1550264,46.507923
MSFT,0.33333334,0.17832094,0.1550124,46.50372
AAPL,0.3333333,0.1783297,0.1550036,46.501083
AAPL,0.3333333,0.17833525,0.15499806,46.499424
MSFT,0.33333334,0.17834589,0.15498745,46.496235
AAPL,0.3333333,0.17840251,0.1549308,46.479244
MSFT,0.33333334,0.17841414,0.1549192,46.47576
AAPL,0.3333333,0.17843238,0.15490094,46.470284
MSFT,0.3333333,0.1784504,0.15488291,46.464874
MSFT,0.3333333,0.17848736,0.15484595,46.45379
AAPL,0.33333334,0.17851758,0.15481576,46.44473
AAPL,0.33333334,0.17854989,0.15478346,46.435036
MSFT,0.3333333,0.17855623,0.15477708,46.43313
AAPL,0.33333334,0.17857924,0.1547541,46.42623
AAPL,0.3333333,0.17859,0.15474331,46.422997
MSFT,0.3333333,0.17859134,0.15474197,46.422596
AAPL,0.33333328,0.17860302,0.15473026,46.419083
MSFT,0.33333334,0.1786196,0.15471375,46.414124
MSFT,0.33333334,0.17864108,0.15469226,46.40768
AAPL,0.33333334,0.17865947,0.15467387,46.40216
MSFT,0.3333333,0.17866766,0.15466565,46.399696
AAPL,0.33333334,0.17870757,0.15462577,46.387733
MSFT,0.3333333,0.17870772,0.1546256,46.38768
MSFT,0.33333334,0.17873195,0.1546014,46.380417
MSFT,0.33333334,0.17873544,0.15459791,46.37937
AAPL,0.33333334,0.17873818,0.15459517,46.37855
MSFT,0.33333334,0.1787402,0.15459314,46.37794
AAPL,0.33333334,0.17878911,0.15454423,46.36327
MSFT,0.33333334,0.17879751,0.15453583,46.36075
MSFT,0.33333334,0.17885044,0.1544829,46.34487
AAPL,0.3333333,0.17885381,0.1544795,46.343853
AAPL,0.33333334,0.17887971,0.15445364,46.33609
MSFT,0.33333334,0.17888945,0.15444389,46.333168
AAPL,0.3333333,0.1789656,0.15436772,46.310318
AAPL,0.33333334,0.17899159,0.15434176,46.30253
AAPL,0.3333333,0.1789918,0.15434152,46.30246
AAPL,0.3333333,0.17903763,0.15429568,46.288708
AAPL,0.33333334,0.17903775,0.1542956,46.288677
AAPL,0.33333334,0.17904446,0.15428889,46.286667
MSFT,0.33333334,0.17904544,0.1542879,46.286373
AAPL,0.33333334,0.17906621,0.15426713,46.28014
MSFT,0.33333334,0.17909935,0.15423399,46.2702
AAPL,0.3333333,0.1791485,0.15418482,46.255447
AAPL,0.33333334,0.17915016,0.15418318,46.254955
MSFT,0.33333334,0.17915556,0.15417778,46.253334
MSFT,0.33333334,0.17915618,0.15417716,46.253147
MSFT,0.33333334,0.17916086,0.15417248,46.251743
MSFT,0.33333334,0.17917052,0.15416282,46.248848
AAPL,0.33333334,0.17920935,0.15412399,46.237198
MSFT,0.33333334,0.17925775,0.1540756,46.22268
MSFT,0.33333334,0.17925915,0.15407419,46.22226
AAPL,0.3333333,0.17931923,0.15401408,46.204227
AAPL,0.3333333,0.17932677,0.15400654,46.201965
AAPL,0.3333333,0.1793437,0.15398961,46.196888
MSFT,0.3333333,0.17938706,0.15394625,46.18388
AAPL,0.33333334,0.17941311,0.15392023,46.17607
AAPL,0.3333333,0.17954493,0.15378839,46.13652
AAPL,0.33333334,0.1795868,0.15374655,46.123962
MSFT,0.33333334,0.1795992,0.15373415,46.120243
MSFT,0.33333334,0.17962599,0.15370736,46.112206
AAPL,0.33333334,0.17966479,0.15366855,46.100567
MSFT,0.3333333,0.17970684,0.15362647,46.087944
AAPL,0.33333334,0.17972171,0.15361163,46.08349
AAPL,0.33333334,0.1798386,0.15349475,46.048424
AAPL,0.33333334,0.17987007,0.15346327,46.038982
MSFT,0.33333334,0.1798732,0.15346014,46.038044
MSFT,0.33333334,0.17991158,0.15342176,46.026527
AAPL,0.3333333,0.17991889,0.15341443,46.02433
AAPL,0.33333334,0.17995462,0.15337873,46.01362
MSFT,0.33333334,0.17999041,0.15334293,46.00288
MSFT,0.33333334,0.17999133,0.15334201,46.0026
MSFT,0.3333333,0.18001214,0.15332118,45.996357
MSFT,0.33333334,0.18002817,0.15330517,45.99155
MSFT,0.33333334,0.18003106,0.15330228,45.990685
MSFT,0.3333333,0.18004608,0.15328723,45.98617
AAPL,0.3333333,0.1800639,0.15326941,45.980827
MSFT,0.33333334,0.18014348,0.15318987,45.95696
AAPL,0.33333334,0.18016225,0.15317109,45.95133
MSFT,0.3333333,0.18021286,0.15312046,45.936142
AAPL,0.3333333,0.18022272,0.1531106,45.93318
MSFT,0.33333334,0.1802325,0.15310085,45.930256
AAPL,0.3333333,0.18027136,0.15306196,45.91859
MSFT,0.33333334,0.1802755,0.15305784,45.917355
AAPL,0.33333334,0.18028203,0.15305132,45.915394
MSFT,0.33333334,0.18029898,0.15303436,45.91031
MSFT,0.33333337,0.18031195,0.15302143,45.90642
MSFT,0.3333333,0.18036833,0.15296498,45.889496
AAPL,0.3333333,0.18037415,0.15295917,45.887753
AAPL,0.3333333,0.1803815,0.1529518,45.885544
AAPL,0.3333333,0.18038842,0.1529449,45.883472
AAPL,0.3333333,0.18045363,0.15287969,45.863907
AAPL,0.3333333,0.18045527,0.15287805,45.86342
AAPL,0.33333334,0.18046734,0.152866,45.859802
MSFT,0.3333333,0.18051901,0.1528143,45.84429
MSFT,0.3333333,0.18058848,0.15274483,45.823452
AAPL,0.33333334,0.18060783,0.15272552,45.817654
MSFT,0.33333334,0.18064377,0.15268958,45.806873
AAPL,0.3333333,0.18066287,0.15267044,45.801136
MSFT,0.33333334,0.18068543,0.15264791,45.794373
AAPL,0.33333334,0.18068752,0.15264583,45.793747
AAPL,0.3333333,0.18071422,0.1526191,45.785732
AAPL,0.33333334,0.1807301,0.15260324,45.78097
MSFT,0.33333334,0.18076059,0.15257275,45.771824
AAPL,0.33333334,0.18076721,0.15256613,45.76984
AAPL,0.3333333,0.18077031,0.152563,45.768906
MSFT,0.3333333,0.18077976,0.15255356,45.76607
MSFT,0.3333333,0.18079004,0.15254328,45.762985
MSFT,0.33333334,0.18082231,0.15251103,45.753307
MSFT,0.33333334,0.18083331,0.15250003,45.75001
MSFT,0.33333337,0.18092355,0.15240982,45.722942
AAPL,0.3333333,0.18104059,0.15229273,45.68782
MSFT,0.33333334,0.1810722,0.15226114,45.67834
MSFT,0.33333334,0.18107462,0.15225872,45.677616
MSFT,0.33333334,0.18117025,0.15216309,45.648926
MSFT,0.33333334,0.18131399,0.15201935,45.605804
MSFT,0.33333337,0.1813241,0.15200928,45.60278
AAPL,0.33333334,0.18134356,0.15198979,45.596935
MSFT,0.33333334,0.1813786,0.15195474,45.586422
MSFT,0.33333334,0.18140885,0.15192449,45.577347
AAPL,0.33333334,0.1814718,0.15186155,45.558464
AAPL,0.33333334,0.18148088,0.15185246,45.555737
AAPL,0.3333333,0.18148834,0.15184498,45.553497
MSFT,0.33333334,0.18150404,0.1518293,45.54879
MSFT,0.33333334,0.18153402,0.15179932,45.539795
AAPL,0.3333333,0.18161997,0.15171334,45.514004
AAPL,0.3333333,0.18162498,0.15170833,45.512505
MSFT,0.33333334,0.18164742,0.15168592,45.505775
AAPL,0.33333334,0.18164822,0.15168512,45.505535
MSFT,0.3333333,0.18166032,0.15167299,45.5019
MSFT,0.3333333,0.18175545,0.15157786,45.473362
MSFT,0.33333328,0.18175998,0.1515733,45.471996
AAPL,0.3333333,0.18180516,0.15152815,45.458447
AAPL,0.33333334,0.18181369,0.15151966,45.4559
AAPL,0.33333334,0.18181533,0.15151802,45.455406
AAPL,0.33333334,0.18187016,0.15146318,45.438953
MSFT,0.33333334,0.18189147,0.15144187,45.43256
MSFT,0.3333333,0.18191245,0.15142086,45.42626
MSFT,0.3333333,0.18191522,0.15141809,45.42543
AAPL,0.3333333,0.18196431,0.151369,45.410706
MSFT,0.33333334,0.18198171,0.15135163,45.40549
MSFT,0.3333333,0.18202084,0.15131247,45.393745
AAPL,0.3333333,0.18210286,0.15123045,45.36914
AAPL,0.33333334,0.18216369,0.15116966,45.3509
AAPL,0.33333334,0.18222061,0.15111274,45.33382
MSFT,0.33333334,0.1822617,0.15107164,45.32149
AAPL,0.33333334,0.18226668,0.15106666,45.32
AAPL,0.3333333,0.18228337,0.15104994,45.314987
AAPL,0.33333334,0.18232575,0.1510076,45.302277
MSFT,0.33333334,0.18235683,0.15097651,45.292953
AAPL,0.33333334,0.18251905,0.1508143,45.24429
MSFT,0.3333333,0.18253955,0.15079376,45.238132
AAPL,0.3333333,0.18254289,0.15079042,45.23713
MSFT,0.33333334,0.18255085,0.1507825,45.23475
AAPL,0.33333334,0.18260303,0.15073031,45.219093
MSFT,0.33333334,0.18261918,0.15071416,45.21425
MSFT,0.33333334,0.18265271,0.15068063,45.20419
AAPL,0.33333334,0.18268257,0.15065077,45.195232
AAPL,0.3333333,0.18268898,0.15064433,45.193302
AAPL,0.33333334,0.18270001,0.15063334,45.190002
MSFT,0.33333334,0.18274981,0.15058354,45.17506
MSFT,0.33333334,0.18279201,0.15054134,45.1624
MSFT,0.3333333,0.18284482,0.1504885,45.146553
AAPL,0.33333334,0.18286985,0.15046349,45.139046
MSFT,0.33333334,0.18295929,0.15037405,45.112217
AAPL,0.33333334,0.18296582,0.15036753,45.11026
MSFT,0.33333334,0.18300918,0.15032417,45.097248
AAPL,0.33333334,0.18302453,0.15030882,45.092644
AAPL,0.33333334,0.18303248,0.15030086,45.09026
AAPL,0.33333334,0.18315327,0.15018007,45.05402
AAPL,0.33333334,0.18317345,0.1501599,45.04797
AAPL,0.33333334,0.18317959,0.15015376,45.046127
AAPL,0.3333333,0.18318203,0.15015128,45.045387
AAPL,0.33333334,0.18326578,0.15006757,45.02027
MSFT,0.33333334,0.18327057,0.15006277,45.01883
MSFT,0.33333334,0.1833207,0.15001264,45.00379
MSFT,0.3333333,0.18332231,0.150011,45.003304
AAPL,0.33333334,0.18334663,0.14998671,44.996014
AAPL,0.33333334,0.18340194,0.1499314,44.97942
AAPL,0.33333334,0.18344843,0.14988491,44.965473
MSFT,0.33333334,0.1834732,0.14986014,44.958042
AAPL,0.33333334,0.18347973,0.14985362,44.956085
AAPL,0.33333334,0.18352237,0.14981097,44.94329
AAPL,0.33333334,0.18357548,0.14975786,44.92736
AAPL,0.33333334,0.18358496,0.14974838,44.924515
MSFT,0.33333334,0.18361521,0.14971814,44.91544
AAPL,0.33333334,0.18363667,0.14969668,44.909004
AAPL,0.33333334,0.18364668,0.14968666,44.906
AAPL,0.33333334,0.18365711,0.14967623,44.90287
MSFT,0.33333334,0.1836744,0.14965895,44.897686
AAPL,0.3333333,0.18368909,0.14964423,44.893272
MSFT,0.3333333,0.18368977,0.14964354,44.893066
AAPL,0.3333333,0.18371135,0.14962196,44.886593
MSFT,0.33333334,0.18376735,0.149566,44.869797
AAPL,0.3333333,0.18377218,0.14956114,44.868343
AAPL,0.33333334,0.1838857,0.14944765,44.834293
MSFT,0.33333334,0.18390492,0.14942843,44.82853
AAPL,0.33333334,0.18395165,0.1493817,44.81451
MSFT,0.3333333,0.1839844,0.14934891,44.804676
MSFT,0.33333334,0.18403083,0.14930251,44.790752
AAPL,0.3333333,0.1840607,0.14927262,44.781788
MSFT,0.3333333,0.18408853,0.14924479,44.773438
MSFT,0.33333334,0.18417984,0.1491535,44.74605
AAPL,0.3333333,0.18421522,0.1491181,44.73543
MSFT,0.33333334,0.18430838,0.14902496,44.70749
AAPL,0.3333333,0.18432257,0.14901075,44.703228
AAPL,0.33333334,0.18437114,0.1489622,44.68866
MSFT,0.33333334,0.18440023,0.14893311,44.679935
AAPL,0.33333334,0.18444124,0.1488921,44.667633
AAPL,0.3333333,0.18446594,0.14886737,44.660213
AAPL,0.33333334,0.18450531,0.14882803,44.648407
MSFT,0.3333333,0.18457156,0.14876175,44.62853
MSFT,0.33333334,0.18457565,0.1487577,44.627308
AAPL,0.3333333,0.18466082,0.14867249,44.60175
MSFT,0.33333334,0.18466362,0.14866972,44.600914
AAPL,0.3333333,0.18470478,0.14862853,44.588562
MSFT,0.3333333,0.18471253,0.14862078,44.58624
MSFT,0.33333334,0.18471321,0.14862013,44.586037
MSFT,0.3333333,0.18472773,0.14860559,44.58168
AAPL,0.3333333,0.18478343,0.14854988,44.56497
MSFT,0.33333334,0.18479058,0.14854276,44.562828
AAPL,0.33333334,0.18482348,0.14850986,44.55296
MSFT,0.3333333,0.1848293,0.14850402,44.55121
MSFT,0.33333334,0.18487257,0.14846078,44.53823
MSFT,0.3333333,0.18487743,0.14845589,44.53677
MSFT,0.33333334,0.18495408,0.14837927,44.51378
AAPL,0.33333334,0.18496439,0.14836895,44.510685
AAPL,0.33333334,0.18497705,0.14835629,44.506886
AAPL,0.3333333,0.18499032,0.148343,44.502903
MSFT,0.33333334,0.18500951,0.14832383,44.49715
MSFT,0.33333334,0.18501234,0.148321,44.4963
MSFT,0.33333334,0.1850462,0.14828715,44.486145
AAPL,0.3333333,0.18510726,0.14822605,44.46782
MSFT,0.33333334,0.18511453,0.14821881,44.465645
AAPL,0.3333333,0.18516073,0.14817259,44.45178
AAPL,0.33333334,0.18518105,0.14815229,44.445686
AAPL,0.3333333,0.18518788,0.14814544,44.443634
MSFT,0.3333333,0.18519467,0.14813864,44.441597
MSFT,0.33333334,0.18523389,0.14809945,44.429836
AAPL,0.3333333,0.18529156,0.14804175,44.41253
AAPL,0.33333334,0.18531954,0.1480138,44.40414
AAPL,0.33333334,0.18533021,0.14800313,44.40094
MSFT,0.33333334,0.18535283,0.14798051,44.394154
AAPL,0.33333334,0.18537286,0.14796048,44.388145
MSFT,0.33333334,0.18541715,0.1479162,44.37486
AAPL,0.3333333,0.18543601,0.1478973,44.369194
MSFT,0.33333334,0.18551803,0.14781532,44.344597
MSFT,0.3333333,0.18551984,0.14781347,44.344044
MSFT,0.3333333,0.18564281,0.1476905,44.307156
AAPL,0.33333337,0.18564337,0.14769,44.30699
AAPL,0.33333334,0.18565631,0.14767703,44.303112
MSFT,0.33333334,0.18568885,0.14764449,44.293346
MSFT,0.3333333,0.18574497,0.14758834,44.276505
AAPL,0.3333333,0.18575448,0.14757884,44.273655
AAPL,0.3333333,0.18576154,0.14757177,44.271534
AAPL,0.3333333,0.18577296,0.14756036,44.268112
MSFT,0.3333333,0.1857906,0.14754272,44.262817
AAPL,0.3333333,0.18581852,0.14751479,44.25444
AAPL,0.33333334,0.18585923,0.14747411,44.242233
AAPL,0.33333334,0.18587637,0.14745697,44.23709
AAPL,0.33333334,0.18589374,0.1474396,44.23188
MSFT,0.3333333,0.18590003,0.14743328,44.22999
AAPL,0.33333334,0.18592134,0.147412,44.223602
MSFT,0.33333334,0.18592349,0.14740986,44.222958
AAPL,0.33333334,0.18592384,0.1474095,44.22285
AAPL,0.3333333,0.1859273,0.14740601,44.221806
MSFT,0.33333334,0.18593052,0.14740282,44.220848
MSFT,0.3333333,0.18595588,0.14737743,44.213234
AAPL,0.3333333,0.18595815,0.14737517,44.21255
AAPL,0.3333333,0.18596536,0.14736795,44.21039
MSFT,0.33333334,0.18597212,0.14736122,44.208366
AAPL,0.33333334,0.18599051,0.14734283,44.20285
MSFT,0.33333334,0.18600947,0.14732388,44.197163
AAPL,0.3333333,0.18602255,0.14731076,44.193233
AAPL,0.33333334,0.18603623,0.14729711,44.189133
MSFT,0.33333334,0.18606603,0.14726731,44.180195
MSFT,0.3333333,0.18609104,0.14724228,44.172688
AAPL,0.3333333,0.186111,0.14722231,44.166695
AAPL,0.3333333,0.18613186,0.14720145,44.16044
AAPL,0.33333334,0.18615976,0.14717358,44.152077
AAPL,0.33333334,0.18622202,0.14711133,44.133396
AAPL,0.33333334,0.18623567,0.14709768,44.129303
AAPL,0.3333333,0.18624902,0.1470843,44.12529
AAPL,0.33333337,0.18626681,0.14706656,44.119965
MSFT,0.33333334,0.18630373,0.14702961,44.108883
MSFT,0.33333334,0.18632972,0.14700362,44.101086
AAPL,0.33333334,0.18634692,0.14698642,44.09593
MSFT,0.33333334,0.18636635,0.146967,44.0901
AAPL,0.33333334,0.18637812,0.14695522,44.086567
AAPL,0.3333333,0.18646106,0.14687225,44.06168
MSFT,0.33333334,0.18649557,0.14683777,44.05133
AAPL,0.33333334,0.18654692,0.14678642,44.035927
AAPL,0.3333333,0.18656188,0.14677143,44.031433
AAPL,0.33333334,0.1865628,0.14677054,44.031162
MSFT,0.3333333,0.18656614,0.14676717,44.030155
AAPL,0.33333334,0.18658006,0.14675328,44.025986
AAPL,0.33333337,0.18658492,0.14674845,44.02453
MSFT,0.33333334,0.18658704,0.14674631,44.02389
MSFT,0.3333333,0.18658713,0.14674619,44.02386
MSFT,0.3333333,0.18662557,0.14670774,44.012325
AAPL,0.3333333,0.18663964,0.14669368,44.008106
MSFT,0.33333334,0.18664628,0.14668706,44.00612
MSFT,0.33333334,0.1866627,0.14667064,44.00119
AAPL,0.3333333,0.18672755,0.14660576,43.98173
MSFT,0.33333334,0.18675897,0.14657438,43.972313
AAPL,0.33333334,0.18675905,0.14657429,43.972286
AAPL,0.33333334,0.18675953,0.14657381,43.972145
MSFT,0.33333334,0.18684441,0.14648893,43.946682
AAPL,0.3333333,0.18684658,0.14648673,43.946022
MSFT,0.33333334,0.18684769,0.14648566,43.945698
AAPL,0.33333334,0.18684849,0.14648485,43.945457
MSFT,0.33333334,0.1868777,0.14645565,43.936695
MSFT,0.3333333,0.18688467,0.14644864,43.934597
AAPL,0.3333333,0.18689638,0.14643693,43.931084
MSFT,0.33333334,0.18692088,0.14641246,43.92374
AAPL,0.33333334,0.18692964,0.1464037,43.92111
AAPL,0.33333334,0.18694249,0.14639086,43.917255
MSFT,0.33333334,0.18695,0.14638335,43.915005
AAPL,0.33333334,0.18697515,0.14635819,43.90746
AAPL,0.33333334,0.18698299,0.14635035,43.905106
AAPL,0.33333334,0.18701911,0.14631423,43.89427
MSFT,0.3333333,0.18705094,0.14628237,43.884716
MSFT,0.33333334,0.18705794,0.1462754,43.88262
MSFT,0.33333334,0.18706352,0.14626983,43.880947
MSFT,0.33333334,0.18706813,0.14626521,43.879562
MSFT,0.33333334,0.18711844,0.1462149,43.86447
AAPL,0.33333334,0.18718931,0.14614403,43.84321
MSFT,0.3333333,0.18721771,0.1461156,43.834682
AAPL,0.33333334,0.18722618,0.14610717,43.83215
AAPL,0.33333334,0.18726042,0.14607292,43.821877
AAPL,0.3333333,0.18730617,0.14602715,43.808147
AAPL,0.33333334,0.18734047,0.14599288,43.797863
MSFT,0.33333334,0.18738613,0.14594722,43.784164
MSFT,0.3333333,0.18742493,0.14590839,43.77252
AAPL,0.33333334,0.18743026,0.14590308,43.770924
AAPL,0.33333334,0.18748528,0.14584807,43.75442
MSFT,0.33333334,0.18752578,0.14580756,43.742268
AAPL,0.3333333,0.18758824,0.14574507,43.723522
AAPL,0.33333334,0.18760988,0.14572346,43.717037
AAPL,0.3333333,0.18762383,0.14570948,43.71285
MSFT,0.33333334,0.18767399,0.14565936,43.697807
MSFT,0.33333334,0.18778789,0.14554545,43.663635
AAPL,0.33333334,0.18785155,0.1454818,43.64454
AAPL,0.3333333,0.18788376,0.14544955,43.63487
MSFT,0.33333334,0.1879403,0.14539304,43.617912
AAPL,0.33333334,0.18794683,0.14538652,43.615955
MSFT,0.33333334,0.18798888,0.14534447,43.60334
AAPL,0.33333334,0.1880055,0.14532784,43.59835
AAPL,0.33333334,0.18806374,0.1452696,43.58088
AAPL,0.33333334,0.1880787,0.14525464,43.576393
MSFT,0.33333334,0.18808058,0.14525276,43.57583
MSFT,0.33333334,0.18811667,0.14521667,43.565002
AAPL,0.3333333,0.18817595,0.14515737,43.547215
MSFT,0.33333334,0.18824124,0.1450921,43.52763
AAPL,0.3333333,0.18824187,0.14509144,43.527435
MSFT,0.33333334,0.18825051,0.14508283,43.52485
AAPL,0.33333334,0.18825573,0.14507762,43.523285
MSFT,0.3333333,0.18831155,0.14502177,43.506535
MSFT,0.33333334,0.18832433,0.14500901,43.502705
AAPL,0.3333333,0.18835065,0.14498267,43.494804
AAPL,0.33333334,0.18841815,0.1449152,43.47456
MSFT,0.33333334,0.18845534,0.144878,43.4634
MSFT,0.33333334,0.18853179,0.14480156,43.440468
AAPL,0.3333333,0.18855083,0.14478248,43.43475
AAPL,0.3333333,0.18858701,0.1447463,43.423893
AAPL,0.3333333,0.18870237,0.14463094,43.389286
MSFT,0.33333334,0.18873897,0.14459437,43.37831
AAPL,0.33333334,0.18874913,0.14458421,43.375263
AAPL,0.33333334,0.18879297,0.14454037,43.36211
MSFT,0.33333334,0.18882331,0.14451003,43.35301
AAPL,0.33333334,0.1888237,0.14450964,43.352894
MSFT,0.3333333,0.18885615,0.14447716,43.34315
AAPL,0.3333333,0.18887058,0.14446273,43.33882
AAPL,0.33333334,0.18893656,0.14439678,43.319035
AAPL,0.33333334,0.18899801,0.14433533,43.3006
AAPL,0.33333334,0.18901485,0.14431849,43.295547
MSFT,0.3333333,0.18914059,0.14419273,43.25782
AAPL,0.33333334,0.18915868,0.14417467,43.2524
MSFT,0.33333334,0.1891638,0.14416954,43.250862
AAPL,0.3333333,0.1891773,0.14415601,43.246807
MSFT,0.33333334,0.18919376,0.14413959,43.241875
AAPL,0.33333334,0.189289,0.14404434,43.213303
AAPL,0.33333334,0.18943575,0.1438976,43.169277
AAPL,0.33333334,0.18944827,0.14388508,43.165524
MSFT,0.33333334,0.18946621,0.14386714,43.16014
AAPL,0.33333334,0.18951964,0.1438137,43.14411
MSFT,0.3333333,0.18954057,0.14379275,43.13783
MSFT,0.33333334,0.18961897,0.14371437,43.11431
AAPL,0.3333333,0.18973231,0.143601,43.080303
AAPL,0.3333333,0.18974623,0.14358708,43.076126
AAPL,0.33333334,0.18976319,0.14357015,43.071045
AAPL,0.33333334,0.18981966,0.14351368,43.054104
MSFT,0.3333333,0.18983287,0.14350045,43.050137
MSFT,0.33333337,0.18990028,0.1434331,43.029922
MSFT,0.33333334,0.18993479,0.14339855,43.019566
AAPL,0.3333333,0.18998232,0.14335099,43.0053
AAPL,0.33333334,0.19001997,0.14331338,42.994015
MSFT,0.3333333,0.19002074,0.14331257,42.993774
MSFT,0.3333333,0.19003087,0.14330244,42.990734
MSFT,0.33333334,0.1900369,0.14329645,42.988934
AAPL,0.33333334,0.19005743,0.14327592,42.982777
AAPL,0.33333334,0.1901378,0.14319554,42.95866
AAPL,0.3333333,0.1901513,0.14318201,42.954605
AAPL,0.33333334,0.19023976,0.14309359,42.928078
MSFT,0.3333333,0.19032404,0.14300928,42.902786
MSFT,0.3333333,0.19034934,0.14298397,42.895195
AAPL,0.3333333,0.19040784,0.14292547,42.877644
AAPL,0.33333334,0.19042552,0.14290783,42.87235
MSFT,0.3333333,0.1904302,0.14290312,42.870937
MSFT,0.33333334,0.19047678,0.14285657,42.85697
MSFT,0.33333334,0.19051495,0.14281839,42.845516
MSFT,0.3333333,0.19054595,0.14278737,42.836212
AAPL,0.3333333,0.19059831,0.142735,42.820503
MSFT,0.33333334,0.19063008,0.14270326,42.810978
AAPL,0.33333334,0.19066235,0.14267099,42.801296
MSFT,0.33333334,0.19067022,0.14266312,42.798935
AAPL,0.3333333,0.19067255,0.14266077,42.798233
AAPL,0.3333333,0.19067538,0.14265794,42.797382
MSFT,0.33333334,0.19067866,0.14265469,42.796406
MSFT,0.33333334,0.1906876,0.14264575,42.793724
AAPL,0.3333333,0.1907776,0.14255571,42.766716
MSFT,0.3333333,0.19078916,0.14254415,42.76325
AAPL,0.33333334,0.19082633,0.14250702,42.752106
MSFT,0.3333333,0.19083443,0.14249888,42.74967
AAPL,0.33333334,0.19089565,0.1424377,42.731308
MSFT,0.33333334,0.1909352,0.14239815,42.719444
MSFT,0.33333334,0.19097272,0.14236063,42.708187
AAPL,0.3333333,0.19101828,0.14231503,42.69451
AAPL,0.3333333,0.19102672,0.1423066,42.691982
AAPL,0.3333333,0.19104382,0.14228949,42.68685
MSFT,0.33333334,0.19106373,0.14226961,42.680885
AAPL,0.3333333,0.19107386,0.14225945,42.677837
MSFT,0.33333337,0.19108641,0.14224696,42.674084
AAPL,0.33333334,0.19110224,0.1422311,42.66933
AAPL,0.3333333,0.19115439,0.14217892,42.65368
AAPL,0.3333333,0.19120055,0.14213276,42.63983
MSFT,0.33333334,0.19122007,0.14211327,42.63398
MSFT,0.3333333,0.19124481,0.1420885,42.626553
MSFT,0.3333333,0.19125459,0.14207873,42.623623
MSFT,0.3333333,0.19127133,0.14206198,42.618595
MSFT,0.3333333,0.19134426,0.14198905,42.596718
MSFT,0.33333334,0.19135386,0.14197949,42.593845
MSFT,0.33333337,0.19136122,0.14197215,42.59164
MSFT,0.3333333,0.19136885,0.14196447,42.589344
AAPL,0.3333333,0.19137323,0.14196008,42.588028
AAPL,0.3333333,0.1913938,0.14193952,42.58186
MSFT,0.33333334,0.19139701,0.14193633,42.5809
MSFT,0.33333334,0.1914376,0.14189574,42.56872
MSFT,0.33333334,0.191455,0.14187834,42.5635
MSFT,0.3333333,0.19146457,0.14186874,42.560623
AAPL,0.3333333,0.19150418,0.14182913,42.548744
MSFT,0.33333334,0.19150996,0.14182338,42.547016
MSFT,0.3333333,0.1915215,0.14181182,42.54355
MSFT,0.3333333,0.1916154,0.14171791,42.515377
MSFT,0.33333334,0.1916298,0.14170355,42.511063
AAPL,0.3333333,0.19163424,0.14169908,42.509727
AAPL,0.33333334,0.19164103,0.14169231,42.507694
AAPL,0.3333333,0.19166034,0.14167297,42.501892
AAPL,0.3333333,0.19167471,0.1416586,42.497585
AAPL,0.33333334,0.19172162,0.14161173,42.483517
AAPL,0.3333333,0.19179142,0.1415419,42.462574
AAPL,0.33333334,0.19180113,0.14153221,42.459663
MSFT,0.33333334,0.19180489,0.14152846,42.458538
AAPL,0.33333334,0.1918388,0.14149454,42.448364
AAPL,0.33333334,0.1918397,0.14149365,42.448093
AAPL,0.33333334,0.1919049,0.14142844,42.42853
AAPL,0.3333333,0.19197172,0.1413616,42.40848
AAPL,0.33333334,0.1920031,0.14133024,42.39907
AAPL,0.3333333,0.19201195,0.14132136,42.39641
AAPL,0.3333333,0.19203433,0.14129898,42.389698
AAPL,0.3333333,0.1920473,0.14128602,42.385807
AAPL,0.3333333,0.19205049,0.14128283,42.38485
AAPL,0.33333334,0.19205123,0.14128211,42.384632
MSFT,0.33333334,0.19209492,0.14123842,42.371525
AAPL,0.3333333,0.19211376,0.14121956,42.36587
MSFT,0.33333334,0.1921229,0.14121044,42.363132
AAPL,0.33333334,0.19214794,0.1411854,42.35562
MSFT,0.33333334,0.19214839,0.14118496,42.355488
AAPL,0.33333334,0.19215631,0.14117703,42.353107
AAPL,0.33333334,0.19218236,0.14115098,42.345295
MSFT,0.3333333,0.1921922,0.14114112,42.34234
AAPL,0.3333333,0.19220418,0.14112914,42.338745
AAPL,0.33333334,0.19224939,0.14108396,42.325188
AAPL,0.33333334,0.19228396,0.14104939,42.314816
AAPL,0.33333334,0.19229531,0.14103803,42.31141
AAPL,0.3333333,0.19229859,0.14103472,42.31042
AAPL,0.3333333,0.1923241,0.14100921,42.302765
AAPL,0.3333333,0.19235986,0.14097345,42.292038
MSFT,0.3333333,0.19237566,0.14095765,42.2873
AAPL,0.33333334,0.1924473,0.14088604,42.265812
MSFT,0.3333333,0.19247946,0.14085385,42.256157
MSFT,0.33333334,0.19252118,0.14081216,42.24365
AAPL,0.33333334,0.19254008,0.14079326,42.23798
MSFT,0.3333333,0.1925481,0.14078522,42.23557
AAPL,0.33333334,0.1925568,0.14077654,42.232964
AAPL,0.3333333,0.19260255,0.14073077,42.219234
AAPL,0.3333333,0.19260865,0.14072466,42.2174
AAPL,0.33333337,0.19261214,0.14072123,42.216362
AAPL,0.3333333,0.19262135,0.14071196,42.213593
AAPL,0.33333334,0.19263825,0.1406951,42.208527
AAPL,0.3333333,0.19265392,0.14067939,42.20382
MSFT,0.33333334,0.19267154,0.1406618,42.198544
AAPL,0.3333333,0.19269559,0.14063773,42.191322
MSFT,0.33333334,0.19272932,0.14060402,42.181206
AAPL,0.33333334,0.19274625,0.14058709,42.17613
MSFT,0.3333333,0.19276938,0.14056394,42.16918
AAPL,0.33333334,0.19281262,0.14052072,42.156216
AAPL,0.33333334,0.19289121,0.14044213,42.13264
AAPL,0.33333334,0.19290224,0.1404311,42.129333
MSFT,0.3333333,0.1929059,0.14042741,42.128227
AAPL,0.3333333,0.19292688,0.14040643,42.121933
MSFT,0.33333334,0.19294247,0.14039087,42.117264
MSFT,0.33333334,0.1930193,0.14031404,42.09421
MSFT,0.33333334,0.19308612,0.14024723,42.07417
AAPL,0.3333333,0.19316682,0.14016649,42.04995
AAPL,0.33333334,0.19317305,0.14016029,42.048088
AAPL,0.33333334,0.19317374,0.1401596,42.047882
AAPL,0.33333334,0.19318151,0.14015183,42.045547
AAPL,0.33333334,0.19319355,0.14013979,42.041935
MSFT,0.3333333,0.19320229,0.14013103,42.03931
AAPL,0.3333333,0.19326612,0.14006719,42.02016
MSFT,0.33333334,0.19327873,0.14005461,42.016384
MSFT,0.33333334,0.1932795,0.14005384,42.01615
AAPL,0.33333334,0.19329739,0.14003596,42.010788
AAPL,0.3333333,0.19334087,0.13999245,41.997738
AAPL,0.3333333,0.19336683,0.13996649,41.98995
AAPL,0.33333334,0.19337142,0.13996193,41.98858
AAPL,0.33333334,0.19337285,0.1399605,41.988148
MSFT,0.3333333,0.19342038,0.13991293,41.973885
MSFT,0.33333334,0.19347349,0.13985986,41.95796
MSFT,0.33333334,0.19352973,0.13980362,41.941086
AAPL,0.33333334,0.19361195,0.1397214,41.91642
MSFT,0.33333334,0.19362846,0.13970488,41.911465
MSFT,0.33333334,0.19364679,0.13968655,41.905968
AAPL,0.33333334,0.1936785,0.13965484,41.896454
AAPL,0.33333334,0.19368857,0.13964477,41.893433
AAPL,0.33333334,0.19369948,0.13963386,41.89016
MSFT,0.3333333,0.1936999,0.13963342,41.89003
AAPL,0.33333334,0.19371274,0.1396206,41.88618
MSFT,0.3333333,0.19382232,0.13951099,41.8533
AAPL,0.33333334,0.19382632,0.13950703,41.852108
AAPL,0.33333334,0.19387543,0.13945791,41.83737
AAPL,0.3333333,0.19390571,0.1394276,41.828285
AAPL,0.33333334,0.19393316,0.13940018,41.820057
AAPL,0.33333334,0.19394612,0.13938722,41.816166
MSFT,0.33333334,0.1939933,0.13934004,41.802013
AAPL,0.3333333,0.19399768,0.13933563,41.800694
MSFT,0.3333333,0.19406691,0.1392664,41.779922
MSFT,0.33333334,0.1940991,0.13923424,41.770275
MSFT,0.33333334,0.19409999,0.13923335,41.770004
AAPL,0.33333334,0.19410989,0.13922346,41.767036
MSFT,0.33333334,0.19412842,0.13920492,41.761475
MSFT,0.3333333,0.19416133,0.13917199,41.7516
MSFT,0.3333333,0.19416374,0.13916957,41.750874
MSFT,0.3333333,0.19418561,0.1391477,41.744312
MSFT,0.33333334,0.19419387,0.13913947,41.74184
MSFT,0.33333334,0.19420612,0.13912722,41.738167
MSFT,0.33333334,0.19421867,0.13911468,41.7344
MSFT,0.33333334,0.19424155,0.13909179,41.727535
AAPL,0.33333334,0.1942493,0.13908404,41.725212
AAPL,0.33333334,0.19425914,0.1390742,41.722263
MSFT,0.33333334,0.19426864,0.1390647,41.71941
AAPL,0.33333334,0.19428024,0.1390531,41.71593
MSFT,0.33333334,0.19430208,0.13903126,41.709377
MSFT,0.33333334,0.19430414,0.1390292,41.708763
MSFT,0.3333333,0.19431078,0.13902253,41.70676
MSFT,0.33333334,0.19436997,0.13896337,41.68901
MSFT,0.3333333,0.1943841,0.13894922,41.68477
AAPL,0.33333334,0.19441384,0.1389195,41.67585
AAPL,0.33333334,0.19442636,0.13890699,41.672096
MSFT,0.33333334,0.19455126,0.13878208,41.634624
AAPL,0.3333333,0.19456756,0.13876575,41.62973
AAPL,0.33333334,0.19460735,0.138726,41.617798
MSFT,0.3333333,0.19465795,0.13867536,41.60261
MSFT,0.33333337,0.19467795,0.13865542,41.596622
AAPL,0.3333333,0.1946964,0.13863692,41.59108
MSFT,0.3333333,0.19469872,0.13863459,41.59038
MSFT,0.33333334,0.19473505,0.1385983,41.579487
AAPL,0.33333334,0.1947448,0.13858855,41.576565
AAPL,0.3333333,0.19474992,0.13858339,41.57502
AAPL,0.33333334,0.1947847,0.13854864,41.564594
MSFT,0.3333333,0.19479296,0.13854036,41.56211
MSFT,0.33333328,0.19481155,0.13852173,41.556526
MSFT,0.3333333,0.19482341,0.1385099,41.55297
AAPL,0.33333334,0.19491023,0.13842312,41.526936
MSFT,0.3333333,0.19492304,0.13841027,41.523083
AAPL,0.33333334,0.19492772,0.13840562,41.521687
MSFT,0.33333334,0.19494283,0.13839051,41.517155
AAPL,0.33333334,0.19495478,0.13837856,41.51357
AAPL,0.33333334,0.19501773,0.13831562,41.494686
MSFT,0.3333333,0.19508058,0.13825274,41.475822
MSFT,0.33333334,0.19508386,0.13824949,41.474846
MSFT,0.33333334,0.19509143,0.13824192,41.472576
AAPL,0.3333333,0.1951184,0.13821492,41.464478
AAPL,0.3333333,0.19516587,0.13816744,41.450233
MSFT,0.33333334,0.19518209,0.13815126,41.445377
AAPL,0.3333333,0.19518918,0.13814414,41.443245
AAPL,0.33333334,0.1951994,0.13813394,41.44018
AAPL,0.33333334,0.19521469,0.13811865,41.435596
AAPL,0.3333333,0.19539908,0.13793424,41.380276
MSFT,0.33333334,0.19547984,0.1378535,41.356052
MSFT,0.33333334,0.19550002,0.13783333,41.35
MSFT,0.3333333,0.19552094,0.13781238,41.343716
MSFT,0.33333334,0.19561982,0.13771352,41.314056
MSFT,0.33333337,0.19562227,0.13771111,41.313328
AAPL,0.3333333,0.19567356,0.13765976,41.29793
MSFT,0.3333333,0.19570106,0.13763225,41.289677
MSFT,0.33333334,0.1957806,0.13755274,41.265823
AAPL,0.3333333,0.19578946,0.13754386,41.26316
MSFT,0.33333334,0.19581658,0.13751677,41.25503
AAPL,0.33333334,0.19586256,0.13747078,41.241234
MSFT,0.33333334,0.1959179,0.13741544,41.224632
MSFT,0.33333334,0.19597283,0.13736051,41.208153
AAPL,0.3333333,0.19598219,0.13735113,41.20534
AAPL,0.33333334,0.19599646,0.13733688,41.201065
AAPL,0.33333334,0.19600096,0.13733238,41.199715
AAPL,0.33333334,0.1960401,0.13729325,41.187973
MSFT,0.33333334,0.19606444,0.1372689,41.18067
AAPL,0.3333333,0.19616619,0.13716713,41.15014
MSFT,0.33333334,0.19616818,0.13716516,41.149548
MSFT,0.33333334,0.19621146,0.13712189,41.136566
AAPL,0.3333333,0.1962192,0.13711411,41.134235
MSFT,0.33333334,0.19628185,0.1370515,41.115448
MSFT,0.3333333,0.19630638,0.13702694,41.108086
MSFT,0.3333333,0.1963085,0.13702482,41.10745
MSFT,0.33333334,0.1963259,0.13700745,41.102234
AAPL,0.3333333,0.19633055,0.13700277,41.100834
MSFT,0.33333334,0.19634059,0.13699275,41.097824
AAPL,0.3333333,0.19639552,0.1369378,41.08134
AAPL,0.33333334,0.19647014,0.1368632,41.05896
MSFT,0.3333333,0.19647339,0.13685992,41.05798
AAPL,0.3333333,0.19664562,0.1366877,41.006313
MSFT,0.3333333,0.19665527,0.13667804,41.003414
MSFT,0.33333334,0.19665575,0.1366776,41.003277
MSFT,0.3333333,0.19665635,0.13667697,41.003094
AAPL,0.33333334,0.19668806,0.13664529,40.993587
AAPL,0.33333334,0.19671085,0.13662249,40.986748
MSFT,0.33333334,0.19671836,0.13661498,40.984493
MSFT,0.33333334,0.19676688,0.13656646,40.969936
AAPL,0.3333333,0.19683117,0.13650215,40.950645
MSFT,0.3333333,0.19684696,0.13648635,40.945908
AAPL,0.33333334,0.19692555,0.1364078,40.922337
MSFT,0.33333334,0.19695368,0.13637966,40.9139
AAPL,0.33333334,0.19698963,0.13634372,40.903114
AAPL,0.33333334,0.19708398,0.13624936,40.87481
AAPL,0.3333333,0.19709113,0.13624218,40.872658
AAPL,0.3333333,0.19717374,0.13615957,40.847874
MSFT,0.33333334,0.19718954,0.1361438,40.84314
MSFT,0.33333334,0.19719103,0.13614231,40.842693
MSFT,0.3333333,0.19739518,0.13593814,40.781445
MSFT,0.3333333,0.19739532,0.13593799,40.7814
MSFT,0.33333328,0.19744647,0.13588682,40.766052
AAPL,0.3333333,0.19746369,0.13586962,40.76089
MSFT,0.33333334,0.19747794,0.1358554,40.756622
MSFT,0.33333334,0.19748893,0.13584441,40.753323
MSFT,0.33333334,0.19753563,0.13579771,40.73931
MSFT,0.33333334,0.1975519,0.13578144,40.734432
MSFT,0.33333334,0.19756886,0.13576448,40.729343
MSFT,0.33333334,0.19757077,0.13576257,40.72877
AAPL,0.3333333,0.19758788,0.13574544,40.723633
MSFT,0.3333333,0.19758835,0.13574496,40.72349
MSFT,0.33333337,0.19761828,0.1357151,40.714523
MSFT,0.33333334,0.19764733,0.13568601,40.705803
MSFT,0.3333333,0.1976946,0.13563871,40.691616
MSFT,0.33333334,0.19790605,0.1354273,40.62819
MSFT,0.33333334,0.1979925,0.13534084,40.602253
AAPL,0.33333334,0.19800496,0.13532838,40.598515
MSFT,0.33333334,0.19802281,0.13531053,40.59316
MSFT,0.33333334,0.19804987,0.13528347,40.58504
AAPL,0.3333333,0.19812718,0.13520613,40.561844
MSFT,0.33333334,0.1982392,0.13509414,40.52824
AAPL,0.3333333,0.19838417,0.13494915,40.48475
AAPL,0.3333333,0.19844878,0.13488454,40.465363
AAPL,0.33333334,0.19853106,0.13480228,40.440685
MSFT,0.3333333,0.19854793,0.13478538,40.43562
AAPL,0.3333333,0.1985738,0.13475952,40.427856
MSFT,0.3333333,0.1986571,0.13467622,40.40287
MSFT,0.3333333,0.19870129,0.13463202,40.38961
AAPL,0.33333334,0.19884697,0.13448638,40.345913
MSFT,0.33333334,0.19894376,0.13438958,40.316875
MSFT,0.3333333,0.19894704,0.13438627,40.315884
MSFT,0.33333334,0.19905987,0.13427347,40.28204
MSFT,0.3333333,0.19908836,0.13424495,40.273487
MSFT,0.3333333,0.19913992,0.13419339,40.25802
AAPL,0.33333334,0.19917947,0.13415387,40.246162
MSFT,0.3333333,0.19920972,0.1341236,40.23708
MSFT,0.33333334,0.19922692,0.13410643,40.23193
AAPL,0.33333334,0.19929248,0.13404086,40.212257
MSFT,0.3333333,0.19933134,0.13400197,40.200596
MSFT,0.33333334,0.19936857,0.13396478,40.189434
AAPL,0.3333333,0.19948742,0.1338459,40.15377
AAPL,0.3333333,0.19948861,0.1338447,40.153416
AAPL,0.33333334,0.19950855,0.1338248,40.147438
MSFT,0.33333334,0.19968495,0.1336484,40.09452
MSFT,0.33333334,0.19979212,0.13354123,40.062366
MSFT,0.3333333,0.19979608,0.13353723,40.061172
MSFT,0.33333334,0.19985637,0.13347697,40.04309
AAPL,0.33333334,0.19986492,0.13346842,40.040527
MSFT,0.33333334,0.19991848,0.13341486,40.02446
AAPL,0.3333333,0.1999425,0.13339081,40.017246
MSFT,0.33333334,0.19994533,0.13338801,40.016403
MSFT,0.3333333,0.19994944,0.13338387,40.015163
AAPL,0.33333334,0.19999844,0.1333349,40.000473
MSFT,0.33333334,0.20000127,0.13333207,39.999622
AAPL,0.33333334,0.20002747,0.13330588,39.991764
MSFT,0.33333334,0.20003918,0.13329417,39.98825
MSFT,0.3333333,0.20007756,0.13325575,39.976727
AAPL,0.3333333,0.2000966,0.1332367,39.971016
AAPL,0.3333333,0.20012206,0.13321126,39.96338
AAPL,0.33333337,0.2002275,0.13310587,39.931755
AAPL,0.33333334,0.2002742,0.13305914,39.917744
AAPL,0.33333334,0.2003026,0.13303074,39.90922
AAPL,0.33333334,0.2003223,0.13301104,39.903313
MSFT,0.33333328,0.20034173,0.13299155,39.897472
MSFT,0.33333334,0.2003454,0.13298795,39.896385
MSFT,0.3333333,0.20036146,0.13297185,39.89156
MSFT,0.3333333,0.20036274,0.13297057,39.891174
AAPL,0.33333334,0.200371,0.13296235,39.888702
MSFT,0.3333333,0.20037675,0.13295656,39.88697
AAPL,0.3333333,0.20038891,0.1329444,39.883324
AAPL,0.33333334,0.20042798,0.13290536,39.87161
AAPL,0.33333334,0.20043212,0.13290122,39.870365
AAPL,0.33333334,0.2004472,0.13288614,39.86584
AAPL,0.33333334,0.20064396,0.13268939,39.806816
AAPL,0.3333333,0.20067304,0.13266027,39.798084
AAPL,0.33333334,0.20069736,0.13263598,39.790794
AAPL,0.3333333,0.20070893,0.13262439,39.78732
AAPL,0.33333334,0.20072404,0.13260931,39.78279
MSFT,0.33333334,0.20073023,0.13260311,39.780933
AAPL,0.33333334,0.20082861,0.13250473,39.75142
AAPL,0.33333334,0.20086017,0.13247317,39.74195
MSFT,0.33333334,0.20088634,0.132447,39.7341
AAPL,0.3333333,0.20092654,0.13240677,39.722034
AAPL,0.33333334,0.20093611,0.13239723,39.71917
AAPL,0.33333334,0.20102617,0.13230717,39.69215
AAPL,0.33333334,0.2010878,0.13224554,39.67366
MSFT,0.33333334,0.2010926,0.13224074,39.672222
MSFT,0.3333333,0.2011616,0.13217172,39.65152
MSFT,0.33333334,0.20122662,0.13210672,39.632015
AAPL,0.3333333,0.20123237,0.13210094,39.630283
AAPL,0.33333334,0.20130509,0.13202825,39.608475
AAPL,0.33333334,0.20133182,0.13200152,39.600456
AAPL,0.33333337,0.20138976,0.13194361,39.583076
AAPL,0.33333334,0.20140508,0.13192827,39.57848
MSFT,0.33333334,0.2014626,0.13187075,39.561226
AAPL,0.33333334,0.20148212,0.13185123,39.555367
AAPL,0.33333334,0.20153385,0.13179949,39.53985
AAPL,0.33333334,0.20160717,0.13172618,39.517853
AAPL,0.33333334,0.20175761,0.13157573,39.47272
AAPL,0.33333334,0.20176187,0.13157147,39.471443
AAPL,0.3333333,0.20183286,0.13150045,39.450138
AAPL,0.33333334,0.20187908,0.13145426,39.43628
AAPL,0.3333333,0.20192003,0.13141328,39.42399
AAPL,0.33333334,0.20192075,0.1314126,39.42378
MSFT,0.3333333,0.20199928,0.13133404,39.400215
AAPL,0.33333337,0.2021668,0.13116658,39.349968
AAPL,0.33333334,0.20220834,0.131125,39.3375
MSFT,0.33333334,0.2022466,0.13108674,39.32602
AAPL,0.3333333,0.20233029,0.13100302,39.30091
AAPL,0.33333334,0.20234042,0.13099292,39.297874
AAPL,0.3333333,0.20234409,0.13098922,39.29677
MSFT,0.33333334,0.20238781,0.13094553,39.28366
MSFT,0.33333334,0.20244256,0.13089079,39.267235
AAPL,0.33333334,0.2025418,0.13079154,39.237465
AAPL,0.33333334,0.20265171,0.13068163,39.20449
MSFT,0.33333334,0.20265627,0.13067707,39.20312
AAPL,0.33333334,0.20266032,0.13067302,39.20191
MSFT,0.33333334,0.20272699,0.13060635,39.181908
AAPL,0.3333333,0.2027449,0.13058841,39.176525
MSFT,0.33333334,0.20277771,0.13055563,39.166687
AAPL,0.33333334,0.20290783,0.13042551,39.127655
AAPL,0.3333333,0.20318365,0.13014966,39.044903
MSFT,0.33333334,0.20326403,0.13006932,39.020794
AAPL,0.33333334,0.20328349,0.13004985,39.014957
AAPL,0.33333334,0.20332754,0.1300058,39.001743
MSFT,0.33333334,0.2033371,0.12999624,38.99887
MSFT,0.33333334,0.20333958,0.12999377,38.99813
AAPL,0.33333334,0.20334259,0.12999076,38.997227
MSFT,0.3333333,0.2033661,0.12996721,38.990166
MSFT,0.33333334,0.20349395,0.12983939,38.951817
MSFT,0.3333333,0.20349601,0.1298373,38.951195
AAPL,0.3333333,0.20355901,0.1297743,38.932293
MSFT,0.33333334,0.20358622,0.12974712,38.924137
AAPL,0.33333334,0.20361236,0.12972099,38.916294
AAPL,0.33333334,0.20362613,0.12970722,38.912167
MSFT,0.33333334,0.20374888,0.12958446,38.87534
MSFT,0.33333334,0.20383543,0.12949792,38.849373
MSFT,0.3333333,0.20385346,0.12947986,38.84396
AAPL,0.3333333,0.20387873,0.12945458,38.836376
MSFT,0.3333333,0.20391154,0.12942177,38.826534
MSFT,0.33333334,0.20393074,0.12940261,38.82078
MSFT,0.33333334,0.20400178,0.12933156,38.79947
MSFT,0.33333334,0.20405489,0.12927845,38.783535
AAPL,0.3333333,0.20409259,0.12924072,38.77222
MSFT,0.33333334,0.20414957,0.12918377,38.75513
AAPL,0.33333334,0.20419067,0.12914267,38.7428
AAPL,0.33333334,0.20419326,0.12914008,38.742023
AAPL,0.33333334,0.20421055,0.1291228,38.73684
MSFT,0.3333333,0.20422778,0.12910554,38.731663
AAPL,0.33333334,0.20431125,0.12902209,38.706627
AAPL,0.33333334,0.20431894,0.1290144,38.70432
MSFT,0.33333334,0.204319,0.12901434,38.704304
AAPL,0.3333333,0.20433134,0.12900198,38.700596
AAPL,0.33333334,0.20438305,0.1289503,38.68509
AAPL,0.33333334,0.20442787,0.12890548,38.671642
AAPL,0.33333334,0.20443708,0.12889627,38.66888
AAPL,0.3333333,0.2044684,0.12886491,38.659477
MSFT,0.3333333,0.20448625,0.12884706,38.65412
MSFT,0.33333334,0.20455438,0.12877896,38.63369
AAPL,0.3333333,0.20461404,0.12871927,38.615784
MSFT,0.3333333,0.20462325,0.12871006,38.61302
MSFT,0.3333333,0.20466235,0.12867096,38.60129
AAPL,0.33333334,0.20468587,0.12864748,38.594242
MSFT,0.33333334,0.20469543,0.12863791,38.591373
MSFT,0.33333334,0.20472756,0.12860578,38.581734
AAPL,0.3333333,0.20474976,0.12858355,38.57507
AAPL,0.33333334,0.2047818,0.12855154,38.565464
AAPL,0.33333334,0.20484325,0.12849009,38.547028
AAPL,0.33333334,0.20490578,0.12842757,38.52827
MSFT,0.3333333,0.20493591,0.1283974,38.519226
MSFT,0.33333334,0.20498124,0.1283521,38.50563
MSFT,0.33333334,0.20501104,0.1283223,38.496693
MSFT,0.33333334,0.20510152,0.12823182,38.469547
MSFT,0.33333334,0.20514897,0.12818438,38.455315
AAPL,0.33333334,0.2052182,0.12811515,38.434544
AAPL,0.33333334,0.20524582,0.12808752,38.426254
MSFT,0.33333328,0.2053326,0.12800068,38.400208
MSFT,0.33333334,0.20539722,0.12793612,38.380836
MSFT,0.33333334,0.20543113,0.12790221,38.370663
MSFT,0.33333334,0.20545435,0.127879,38.363697
MSFT,0.3333333,0.20561391,0.1277194,38.315823
AAPL,0.33333334,0.20561859,0.12771475,38.314426
MSFT,0.3333333,0.20562926,0.12770405,38.31122
AAPL,0.3333333,0.20572647,0.12760684,38.282055
AAPL,0.33333334,0.20580474,0.12752861,38.258583
MSFT,0.33333334,0.20589316,0.12744018,38.232056
MSFT,0.33333334,0.20589584,0.1274375,38.23125
MSFT,0.3333333,0.20589942,0.1274339,38.23017
MSFT,0.3333333,0.20599669,0.12733662,38.20099
MSFT,0.33333334,0.20612648,0.12720686,38.16206
AAPL,0.33333334,0.20613798,0.12719536,38.158607
MSFT,0.3333333,0.2063083,0.12702501,38.107506
AAPL,0.33333334,0.20635223,0.12698111,38.094334
AAPL,0.3333333,0.20640531,0.126928,38.078403
MSFT,0.33333334,0.20646006,0.12687328,38.061985
AAPL,0.3333333,0.2064774,0.12685591,38.056774
MSFT,0.33333334,0.20648974,0.1268436,38.05308
AAPL,0.33333334,0.20649618,0.12683716,38.051147
AAPL,0.33333334,0.20650938,0.12682396,38.047188
AAPL,0.33333334,0.20654455,0.1267888,38.03664
MSFT,0.33333334,0.20661473,0.12671861,38.015583
AAPL,0.3333333,0.20664743,0.12668589,38.005768
MSFT,0.33333334,0.20666903,0.12666431,37.999294
MSFT,0.3333333,0.20667538,0.12665793,37.997383
MSFT,0.3333333,0.20669606,0.12663725,37.991177
MSFT,0.3333333,0.20670313,0.12663019,37.98906
MSFT,0.33333334,0.20675033,0.12658301,37.974903
MSFT,0.3333333,0.20682928,0.12650403,37.951214
AAPL,0.3333333,0.2068778,0.12645552,37.936657
AAPL,0.33333334,0.2069661,0.12636724,37.91017
MSFT,0.33333334,0.20697293,0.12636042,37.908127
MSFT,0.3333333,0.20700032,0.126333,37.899902
MSFT,0.33333334,0.2070246,0.12630874,37.89262
MSFT,0.3333333,0.2070724,0.1262609,37.878273
MSFT,0.33333334,0.20707485,0.12625849,37.87755
AAPL,0.3333333,0.20723155,0.12610176,37.830532
AAPL,0.33333334,0.20725691,0.12607643,37.82293
MSFT,0.3333333,0.20730919,0.12602413,37.80724
MSFT,0.3333333,0.20736286,0.12597045,37.791138
MSFT,0.33333334,0.20738983,0.12594351,37.783054
AAPL,0.3333333,0.20774609,0.12558722,37.67617
MSFT,0.33333334,0.20775762,0.12557572,37.672718
MSFT,0.3333333,0.20778435,0.12554896,37.664692
MSFT,0.33333334,0.20781595,0.1255174,37.65522
MSFT,0.33333334,0.20788363,0.12544972,37.634914
MSFT,0.33333334,0.20800012,0.12533322,37.599964
MSFT,0.33333334,0.20806888,0.12526447,37.579338
MSFT,0.3333333,0.20834371,0.1249896,37.496883
AAPL,0.33333334,0.20835057,0.124982774,37.49483
MSFT,0.33333337,0.20837411,0.12495926,37.487774
MSFT,0.3333333,0.20840827,0.12492505,37.477516
MSFT,0.3333333,0.20843497,0.124898344,37.469505
MSFT,0.33333337,0.2085242,0.124809176,37.44275
MSFT,0.33333334,0.20857629,0.12475705,37.427116
MSFT,0.3333333,0.20861757,0.124715745,37.414726
AAPL,0.33333334,0.20866367,0.12466967,37.4009
MSFT,0.33333334,0.20866483,0.12466851,37.40055
MSFT,0.33333334,0.20876199,0.12457135,37.371407
MSFT,0.33333334,0.20887417,0.12445918,37.337753
MSFT,0.3333333,0.20891032,0.124423,37.3269
MSFT,0.33333334,0.20897126,0.12436208,37.308624
MSFT,0.3333333,0.20905346,0.12427986,37.28396
MSFT,0.3333333,0.20907328,0.12426004,37.278015
MSFT,0.33333334,0.20907709,0.12425625,37.276875
MSFT,0.3333333,0.20909202,0.12424129,37.272392
MSFT,0.3333333,0.20909822,0.12423509,37.27053
MSFT,0.33333334,0.20911482,0.12421852,37.265556
MSFT,0.33333334,0.20911935,0.12421399,37.2642
MSFT,0.33333334,0.20917156,0.12416178,37.248535
MSFT,0.3333333,0.20919281,0.1241405,37.242153
MSFT,0.3333333,0.2092469,0.12408641,37.225925
MSFT,0.33333334,0.20925897,0.12407437,37.22231
MSFT,0.3333333,0.20927209,0.12406123,37.218372
MSFT,0.33333334,0.20942551,0.123907834,37.17235
MSFT,0.3333333,0.20948514,0.12384817,37.154453
MSFT,0.33333334,0.20955187,0.12378147,37.13444
MSFT,0.33333334,0.2097047,0.123628646,37.088593
MSFT,0.33333334,0.20973861,0.12359473,37.07842
MSFT,0.3333333,0.20975694,0.12357637,37.072914
MSFT,0.33333334,0.20983535,0.12349799,37.049397
MSFT,0.33333334,0.21001935,0.12331399,36.994198
MSFT,0.33333334,0.21005565,0.123277694,36.983307
MSFT,0.33333334,0.21007985,0.123253495,36.976048
MSFT,0.33333334,0.21030417,0.12302917,36.908752
MSFT,0.3333333,0.21037629,0.12295702,36.887108
MSFT,0.33333334,0.21040148,0.12293187,36.87956
MSFT,0.33333334,0.21041948,0.12291387,36.87416
MSFT,0.33333334,0.21045557,0.12287778,36.863335
MSFT,0.33333334,0.21058115,0.12275219,36.825657
MSFT,0.33333334,0.21059173,0.12274161,36.822483
MSFT,0.33333334,0.21060082,0.12273252,36.819756
MSFT,0.33333334,0.21061498,0.122718364,36.81551
MSFT,0.33333334,0.21067476,0.12265858,36.797573
MSFT,0.33333334,0.2106933,0.12264004,36.79201
MSFT,0.3333333,0.21074483,0.122588485,36.77655
MSFT,0.3333333,0.21074587,0.12258744,36.776237
MSFT,0.33333337,0.21077147,0.1225619,36.768566
MSFT,0.3333333,0.21079609,0.122537225,36.76117
MSFT,0.33333334,0.21087667,0.12245667,36.737
MSFT,0.3333333,0.2109114,0.12242192,36.726578
MSFT,0.3333333,0.21095553,0.12237778,36.713337
MSFT,0.33333334,0.21106404,0.1222693,36.68079
MSFT,0.3333333,0.21106955,0.12226376,36.67913
MSFT,0.33333334,0.21109048,0.12224287,36.67286
MSFT,0.33333334,0.21110827,0.122225076,36.667522
MSFT,0.33333334,0.21111369,0.12221965,36.665897
MSFT,0.33333337,0.2111513,0.12218207,36.654617
MSFT,0.33333334,0.2111564,0.122176945,36.653084
MSFT,0.3333333,0.21120101,0.1221323,36.639694
MSFT,0.33333334,0.21129218,0.122041166,36.61235
MSFT,0.33333334,0.21136081,0.12197253,36.59176
MSFT,0.33333334,0.21136516,0.12196818,36.590454
AAPL,0.33333334,0.21139878,0.12193456,36.580368
MSFT,0.33333334,0.21142769,0.121905655,36.571697
MSFT,0.33333334,0.21146736,0.12186599,36.559795
MSFT,0.33333334,0.2115103,0.12182304,36.546913
MSFT,0.3333333,0.21155262,0.12178069,36.53421
MSFT,0.33333334,0.21163568,0.121697664,36.5093
MSFT,0.33333334,0.21167609,0.12165725,36.497177
MSFT,0.33333337,0.2117275,0.12160587,36.48176
MSFT,0.33333334,0.21175236,0.12158099,36.474297
MSFT,0.3333333,0.21177608,0.121557236,36.467175
MSFT,0.3333333,0.21178907,0.12154424,36.463276
MSFT,0.33333334,0.21184632,0.12148702,36.446106
MSFT,0.33333334,0.21193379,0.12139955,36.419865
MSFT,0.33333334,0.21196204,0.1213713,36.41139
MSFT,0.33333334,0.21196902,0.121364325,36.409298
MSFT,0.33333334,0.21202844,0.1213049,36.391468
MSFT,0.33333337,0.21213454,0.12119883,36.359646
MSFT,0.33333334,0.21257773,0.12075561,36.226685
MSFT,0.3333333,0.21279514,0.120538175,36.161457
MSFT,0.33333328,0.21309781,0.12023547,36.07065
MSFT,0.3333333,0.21379551,0.1195378,35.861343
MSFT,0.3333333,0.2140018,0.11933151,35.799454
MSFT,0.3333333,0.2140666,0.11926672,35.780018
AAPL,0.33333334,0.21488383,0.11844951,35.53485
MSFT,0.33333334,0.21491972,0.11841363,35.52409
MSFT,0.33333334,0.21496812,0.11836523,35.509567
MSFT,0.33333334,0.21553847,0.11779487,35.338463
MSFT,0.33333334,0.21612406,0.117209285,35.162785
AAPL,0.33333334,0.21618176,0.11715159,35.145477
MSFT,0.3333333,0.21645758,0.11687574,35.062725
MSFT,0.33333334,0.21668962,0.11664373,34.99312
MSFT,0.33333334,0.21695033,0.116383016,34.914906
AAPL,0.33333334,0.2171393,0.11619404,34.85821
MSFT,0.3333333,0.2172736,0.11605972,34.81792
AAPL,0.33333334,0.21728423,0.11604911,34.81473
MSFT,0.33333334,0.21738288,0.115950465,34.78514
AAPL,0.33333334,0.21753985,0.1157935,34.73805
MSFT,0.3333333,0.21814051,0.1151928,34.557842
AAPL,0.3333333,0.21816981,0.115163505,34.549053
MSFT,0.33333334,0.2182183,0.11511505,34.534515
MSFT,0.33333334,0.21828532,0.11504802,34.51441
AAPL,0.33333334,0.21835905,0.11497429,34.492287
AAPL,0.33333334,0.21841657,0.11491677,34.475033
MSFT,0.33333334,0.21869886,0.114634484,34.390347
MSFT,0.33333334,0.21909294,0.11424041,34.27212
AAPL,0.3333333,0.2192331,0.11410022,34.23007
AAPL,0.33333334,0.21939415,0.113939196,34.18176
MSFT,0.33333334,0.21955138,0.11378196,34.134586
AAPL,0.33333334,0.21964285,0.113690495,34.107147
MSFT,0.33333334,0.22010729,0.113226056,33.967815
MSFT,0.33333334,0.2203134,0.11301994,33.905983
MSFT,0.33333334,0.22039583,0.11293751,33.881252
AAPL,0.33333334,0.22047746,0.11285588,33.856766
AAPL,0.3333333,0.22058067,0.112752646,33.825798
AAPL,0.33333334,0.22075742,0.11257592,33.772774
AAPL,0.3333333,0.22107577,0.11225754,33.677265
MSFT,0.33333334,0.221091,0.11224234,33.672703
AAPL,0.33333334,0.22128004,0.112053305,33.61599
AAPL,0.3333333,0.22174644,0.11158687,33.476063
AAPL,0.3333333,0.22188434,0.11144897,33.434696
MSFT,0.33333337,0.2219463,0.111387074,33.41612
AAPL,0.3333333,0.22227108,0.11106223,33.318672
AAPL,0.33333334,0.22263315,0.11070019,33.210056
AAPL,0.33333334,0.22270623,0.110627115,33.188133
MSFT,0.33333328,0.22282284,0.11051044,33.153137
MSFT,0.3333333,0.22284934,0.110483974,33.145195
AAPL,0.33333334,0.22308749,0.11024585,33.073757
AAPL,0.33333334,0.22350207,0.10983127,32.949383
MSFT,0.3333333,0.223611,0.109722316,32.9167
MSFT,0.33333334,0.22362185,0.1097115,32.91345
AAPL,0.33333334,0.2237263,0.10960704,32.88211
MSFT,0.3333333,0.22380105,0.10953227,32.859684
MSFT,0.33333334,0.2239801,0.109353244,32.805973
AAPL,0.33333334,0.22406766,0.109265685,32.779705
AAPL,0.33333334,0.22420344,0.109129906,32.73897
AAPL,0.33333334,0.2245228,0.108810544,32.64316
MSFT,0.33333334,0.22459558,0.10873777,32.62133
MSFT,0.33333334,0.22464064,0.108692706,32.60781
MSFT,0.33333334,0.22470304,0.1086303,32.58909
MSFT,0.33333334,0.22472763,0.10860571,32.581715
MSFT,0.33333334,0.22484308,0.10849026,32.547077
MSFT,0.3333333,0.22495288,0.10838044,32.514133
MSFT,0.33333334,0.22499675,0.1083366,32.50098
MSFT,0.33333334,0.22520512,0.10812822,32.438465
AAPL,0.33333334,0.22520891,0.108124435,32.437332
MSFT,0.33333334,0.225306,0.10802734,32.408203
MSFT,0.33333334,0.22531128,0.108022064,32.40662
MSFT,0.33333334,0.2253181,0.10801524,32.40457
MSFT,0.33333334,0.22532478,0.10800856,32.40257
AAPL,0.33333334,0.22534212,0.10799122,32.397366
MSFT,0.33333334,0.22538894,0.1079444,32.38332
AAPL,0.33333334,0.22547168,0.10786167,32.3585
MSFT,0.33333334,0.22550198,0.10783136,32.349407
MSFT,0.33333334,0.22550526,0.10782808,32.348423
AAPL,0.33333334,0.22553208,0.10780126,32.340378
MSFT,0.3333333,0.22559756,0.10773575,32.32073
MSFT,0.33333334,0.2256755,0.10765785,32.297356
AAPL,0.3333333,0.22583902,0.107494295,32.24829
AAPL,0.3333333,0.22589102,0.10744229,32.23269
AAPL,0.3333333,0.22617495,0.10715836,32.14751
AAPL,0.3333333,0.22618717,0.107146144,32.143845
AAPL,0.33333334,0.22623959,0.10709375,32.128124
MSFT,0.3333333,0.22626325,0.10707006,32.12102
MSFT,0.3333333,0.2264634,0.106869906,32.060974
MSFT,0.33333334,0.22669551,0.106637836,31.99135
AAPL,0.33333334,0.22670087,0.10663247,31.989742
AAPL,0.3333333,0.22683561,0.106497705,31.949314
MSFT,0.3333333,0.22695729,0.10637602,31.91281
MSFT,0.3333333,0.22697535,0.10635796,31.90739
AAPL,0.3333333,0.2270396,0.10629371,31.888115
AAPL,0.33333334,0.22720405,0.10612929,31.838787
AAPL,0.33333334,0.22720921,0.10612413,31.83724
AAPL,0.33333334,0.22736263,0.10597071,31.791214
AAPL,0.33333334,0.22742134,0.105912,31.7736
MSFT,0.3333333,0.22744122,0.10589209,31.767632
AAPL,0.33333334,0.22751096,0.105822384,31.746716
AAPL,0.33333334,0.2275129,0.10582045,31.746134
AAPL,0.33333334,0.22754535,0.10578799,31.736397
AAPL,0.33333334,0.22760463,0.105728716,31.718615
AAPL,0.33333334,0.22764549,0.10568786,31.706356
AAPL,0.33333334,0.22765186,0.10568148,31.704443
AAPL,0.33333334,0.22765836,0.10567498,31.702496
AAPL,0.3333333,0.22767738,0.10565594,31.696785
AAPL,0.33333334,0.22768137,0.105651975,31.695593
AAPL,0.33333334,0.22782502,0.10550833,31.652498
AAPL,0.3333333,0.22783831,0.105495006,31.648504
AAPL,0.33333334,0.22789344,0.1054399,31.63197
AAPL,0.3333333,0.22800508,0.10532823,31.598473
AAPL,0.33333334,0.22802812,0.105305225,31.591568
AAPL,0.33333334,0.22808373,0.10524961,31.574884
AAPL,0.33333334,0.22834903,0.10498431,31.495295
AAPL,0.33333334,0.2284697,0.10486364,31.459093
AAPL,0.33333334,0.2285172,0.10481614,31.444841
AAPL,0.33333334,0.22877648,0.10455686,31.367058
AAPL,0.3333333,0.22886488,0.104468435,31.340534
AAPL,0.33333334,0.22892544,0.10440791,31.322372
AAPL,0.33333334,0.22897524,0.10435811,31.307432
AAPL,0.3333333,0.22909072,0.10424259,31.272781
AAPL,0.33333334,0.22910401,0.10422933,31.268799
AAPL,0.33333334,0.22911859,0.10421476,31.264427
AAPL,0.33333334,0.22913772,0.104195625,31.258688
AAPL,0.33333337,0.22919083,0.10414255,31.242762
AAPL,0.33333334,0.229249,0.10408434,31.225304
AAPL,0.33333334,0.22935894,0.1039744,31.19232
AAPL,0.3333333,0.22938469,0.10394862,31.18459
AAPL,0.33333334,0.22948015,0.103853196,31.155958
AAPL,0.33333334,0.22949496,0.103838384,31.151516
AAPL,0.3333333,0.22959545,0.10373786,31.12136
AAPL,0.3333333,0.22964102,0.10369229,31.10769
AAPL,0.33333334,0.22971418,0.10361916,31.085747
AAPL,0.3333333,0.22978708,0.10354623,31.063873
AAPL,0.3333333,0.22979,0.10354331,31.062996
AAPL,0.33333328,0.22979099,0.1035423,31.062695
MSFT,0.33333334,0.22982705,0.1035063,31.05189
AAPL,0.33333334,0.22996783,0.10336551,31.009653
AAPL,0.3333333,0.23001307,0.10332024,30.996075
AAPL,0.33333334,0.23009959,0.103233755,30.970127
AAPL,0.33333334,0.2301133,0.103220046,30.966013
AAPL,0.33333334,0.23011932,0.103214025,30.964207
AAPL,0.33333334,0.23015955,0.10317379,30.952137
AAPL,0.3333333,0.2302829,0.10305041,30.915127
AAPL,0.33333334,0.23030382,0.10302952,30.908855
AAPL,0.33333334,0.23041654,0.10291681,30.875042
AAPL,0.3333333,0.23056987,0.102763444,30.829037
AAPL,0.3333333,0.23061281,0.1027205,30.816153
AAPL,0.33333334,0.23064971,0.10268363,30.80509
AAPL,0.33333334,0.23066854,0.1026648,30.79944
AAPL,0.33333334,0.23105207,0.10228127,30.684381
AAPL,0.3333333,0.23125109,0.10208222,30.62467
AAPL,0.3333333,0.23137262,0.10196069,30.58821
AAPL,0.3333333,0.23138207,0.10195124,30.585375
AAPL,0.33333334,0.23142004,0.1019133,30.573992
AAPL,0.33333334,0.23152134,0.101812005,30.543602
MSFT,0.33333334,0.23168916,0.10164419,30.493256
AAPL,0.3333333,0.231935,0.10139832,30.419498
AAPL,0.33333334,0.23206446,0.10126889,30.380667
AAPL,0.3333333,0.23208067,0.101252645,30.375797
AAPL,0.33333334,0.23214114,0.101192206,30.357662
AAPL,0.33333334,0.23231891,0.101014435,30.30433
AAPL,0.3333333,0.23274252,0.100590795,30.177242
MSFT,0.33333334,0.23279616,0.10053718,30.161154
AAPL,0.33333334,0.23292086,0.10041249,30.123747
MSFT,0.33333334,0.23293999,0.100393355,30.118006
MSFT,0.33333334,0.23304993,0.100283414,30.085024
MSFT,0.3333333,0.23305672,0.10027659,30.08298
MSFT,0.33333334,0.2331594,0.10017395,30.052185
AAPL,0.3333333,0.23320705,0.10012627,30.037884
AAPL,0.33333334,0.23322526,0.10010809,30.032427
MSFT,0.33333334,0.23325822,0.100075126,30.022537
AAPL,0.33333334,0.23329103,0.10004231,30.012693
MSFT,0.33333337,0.2333427,0.099990666,29.997196
MSFT,0.33333334,0.23335743,0.099975914,29.992775
MSFT,0.33333334,0.23336375,0.099969596,29.99088
AAPL,0.33333334,0.2335372,0.099796146,29.938845
MSFT,0.33333334,0.23369816,0.099635184,29.890554
AAPL,0.33333334,0.23370796,0.09962538,29.887613
MSFT,0.33333334,0.23374519,0.099588156,29.876446
MSFT,0.3333333,0.23378325,0.09955007,29.865023
MSFT,0.3333333,0.23381832,0.09951499,29.8545
MSFT,0.3333333,0.2338486,0.09948471,29.845417
MSFT,0.33333334,0.23387799,0.09945536,29.836607
AAPL,0.33333334,0.23422271,0.09911063,29.73319
MSFT,0.3333333,0.23422945,0.09910387,29.731163
MSFT,0.33333334,0.23431438,0.09901896,29.705688
MSFT,0.33333334,0.23450905,0.09882429,29.647287
AAPL,0.33333334,0.23457214,0.0987612,29.62836
AAPL,0.33333334,0.2346412,0.09869215,29.607645
MSFT,0.33333334,0.23466301,0.09867033,29.6011
MSFT,0.33333334,0.23470387,0.098629475,29.588842
AAPL,0.3333333,0.23472509,0.098608226,29.58247
MSFT,0.3333333,0.23482242,0.09851089,29.55327
AAPL,0.33333334,0.23482734,0.098506,29.551802
MSFT,0.33333337,0.23486358,0.098469794,29.540936
MSFT,0.3333333,0.23493299,0.098400325,29.5201
MSFT,0.3333333,0.23493594,0.098397374,29.519215
MSFT,0.3333333,0.23501152,0.098321795,29.496542
MSFT,0.3333333,0.23515505,0.09817827,29.453484
MSFT,0.33333334,0.23522654,0.0981068,29.432041
MSFT,0.33333334,0.23523372,0.09809962,29.429886
MSFT,0.3333333,0.23531005,0.098023266,29.406982
MSFT,0.33333334,0.2354255,0.09790784,29.372353
MSFT,0.33333334,0.2355291,0.09780425,29.341274
MSFT,0.3333333,0.23557124,0.09776208,29.328627
AAPL,0.33333334,0.23560098,0.097732365,29.31971
MSFT,0.33333334,0.23582655,0.09750679,29.252037
MSFT,0.33333334,0.23585796,0.09747538,29.242615
MSFT,0.3333333,0.23593846,0.097394854,29.21846
MSFT,0.33333337,0.23599303,0.097340345,29.2021
MSFT,0.33333334,0.23601541,0.097317934,29.195381
MSFT,0.33333334,0.23612556,0.097207785,29.162334
AAPL,0.33333334,0.2362276,0.09710574,29.131721
MSFT,0.33333334,0.23642576,0.096907586,29.072275
MSFT,0.33333334,0.23648,0.096853346,29.056004
MSFT,0.33333334,0.2365025,0.096830845,29.049253
MSFT,0.33333334,0.23678091,0.09655243,28.965729
MSFT,0.3333333,0.23679677,0.09653655,28.960968
AAPL,0.3333333,0.2368705,0.096462816,28.938848
MSFT,0.33333334,0.23687333,0.096460015,28.938004
MSFT,0.33333334,0.23694146,0.09639189,28.917566
MSFT,0.3333333,0.23694324,0.09639007,28.917023
MSFT,0.33333334,0.23695162,0.096381724,28.914516
MSFT,0.3333333,0.23703349,0.09629983,28.889952
MSFT,0.3333333,0.23719114,0.09614217,28.842655
MSFT,0.33333337,0.2372033,0.09613007,28.83902
MSFT,0.3333333,0.23726812,0.09606519,28.819561
MSFT,0.33333334,0.23782018,0.095513165,28.65395
MSFT,0.33333334,0.23783919,0.09549415,28.648245
MSFT,0.33333334,0.2378453,0.09548804,28.646412
MSFT,0.3333333,0.23792717,0.095406145,28.621847
MSFT,0.3333333,0.23802769,0.09530562,28.59169
MSFT,0.33333334,0.23805267,0.09528068,28.584204
MSFT,0.33333334,0.23811463,0.09521872,28.565615
MSFT,0.33333334,0.23811778,0.09521556,28.564667
MSFT,0.33333334,0.23811784,0.0952155,28.56465
MSFT,0.33333337,0.23833945,0.09499392,28.498173
MSFT,0.33333334,0.23844647,0.09488687,28.46606
MSFT,0.3333333,0.23855633,0.09477699,28.4331
AAPL,0.33333334,0.23861364,0.09471971,28.415913
MSFT,0.33333334,0.23863894,0.094694406,28.408321
MSFT,0.3333333,0.23877147,0.094561845,28.368557
MSFT,0.33333334,0.23877788,0.09455547,28.36664
MSFT,0.33333334,0.23884997,0.094483376,28.345013
MSFT,0.33333334,0.23885173,0.09448162,28.344484
MSFT,0.33333337,0.2388883,0.09444508,28.33352
MSFT,0.33333334,0.23903733,0.09429601,28.288803
MSFT,0.33333334,0.23908842,0.09424493,28.273478
MSFT,0.3333333,0.23920092,0.09413239,28.239721
MSFT,0.3333333,0.23921025,0.094123065,28.236923
MSFT,0.3333333,0.23929206,0.09404126,28.21238
MSFT,0.3333333,0.2393269,0.09400642,28.20193
MSFT,0.3333333,0.23956564,0.09376767,28.130304
MSFT,0.33333334,0.23957375,0.0937596,28.127878
MSFT,0.33333334,0.23961443,0.093718916,28.115675
MSFT,0.3333333,0.23967776,0.09365556,28.09667
MSFT,0.3333334,0.23984978,0.09348363,28.045082
MSFT,0.33333334,0.23986945,0.0934639,28.03917
MSFT,0.3333333,0.23999056,0.09334275,28.002829
MSFT,0.3333333,0.24000883,0.09332448,27.997347
MSFT,0.33333334,0.24004033,0.09329301,27.987904
AAPL,0.33333334,0.24011773,0.093215615,27.964684
MSFT,0.33333334,0.24019629,0.093137056,27.941116
MSFT,0.33333334,0.24020061,0.093132734,27.93982
MSFT,0.33333337,0.24022457,0.0931088,27.932638
AAPL,0.3333333,0.24024025,0.09309307,27.927923
MSFT,0.33333334,0.24027205,0.0930613,27.91839
MSFT,0.33333334,0.24028182,0.09305152,27.915457
MSFT,0.3333333,0.24030802,0.0930253,27.907593
MSFT,0.3333333,0.24034303,0.09299028,27.897087
MSFT,0.33333334,0.24041468,0.092918664,27.875599
MSFT,0.3333333,0.2405144,0.092818916,27.845678
MSFT,0.3333333,0.24059859,0.092734724,27.82042
MSFT,0.33333334,0.24060827,0.09272507,27.81752
MSFT,0.33333334,0.24065048,0.09268287,27.804861
MSFT,0.33333334,0.24066523,0.092668116,27.800434
MSFT,0.3333333,0.24074319,0.09259012,27.77704
AAPL,0.33333334,0.24075317,0.09258017,27.774052
MSFT,0.3333333,0.2408776,0.092455715,27.736717
MSFT,0.33333334,0.24102956,0.09230378,27.691135
MSFT,0.3333333,0.24105966,0.09227365,27.682098
MSFT,0.3333333,0.24110425,0.09222907,27.668724
MSFT,0.33333334,0.24112001,0.09221333,27.664
MSFT,0.3333333,0.24114579,0.092187524,27.65626
MSFT,0.33333334,0.24116138,0.09217197,27.65159
MSFT,0.33333334,0.24116477,0.09216857,27.65057
AAPL,0.3333333,0.24120739,0.09212592,27.63778
MSFT,0.3333333,0.24121985,0.092113465,27.634043
MSFT,0.3333333,0.24123943,0.092093885,27.628168
MSFT,0.33333334,0.24125278,0.09208056,27.624168
MSFT,0.3333333,0.24125922,0.092074096,27.622232
MSFT,0.33333334,0.24131882,0.09201452,27.604357
MSFT,0.3333333,0.24132994,0.092003375,27.601015
MSFT,0.3333333,0.24138501,0.0919483,27.584494
MSFT,0.33333334,0.24147037,0.09186298,27.558893
MSFT,0.3333333,0.2414982,0.09183511,27.550537
MSFT,0.33333334,0.24149832,0.09183502,27.550507
MSFT,0.33333334,0.24160713,0.09172621,27.517864
AAPL,0.33333334,0.24181917,0.09151417,27.45425
MSFT,0.33333334,0.24185452,0.091478825,27.443647
MSFT,0.3333333,0.24186471,0.0914686,27.440584
MSFT,0.33333334,0.24190089,0.09143245,27.429735
MSFT,0.3333333,0.24190134,0.091431975,27.429596
MSFT,0.3333333,0.24191856,0.09141475,27.424427
MSFT,0.33333334,0.24194017,0.09139317,27.417952
MSFT,0.33333334,0.24203709,0.091296256,27.388876
MSFT,0.33333334,0.24210641,0.091226935,27.36808
MSFT,0.3333333,0.24217486,0.09115845,27.347538
MSFT,0.3333333,0.24220207,0.09113124,27.339375
MSFT,0.3333333,0.24236566,0.090967655,27.2903
MSFT,0.33333334,0.24239707,0.09093627,27.280882
MSFT,0.33333334,0.24240553,0.09092781,27.278343
MSFT,0.33333334,0.24242538,0.09090796,27.272388
MSFT,0.3333333,0.24243003,0.09090328,27.270988
AAPL,0.33333334,0.242461,0.09087235,27.261703
MSFT,0.33333334,0.24246362,0.090869725,27.260918
MSFT,0.3333333,0.24248543,0.09084788,27.254368
MSFT,0.33333334,0.24261597,0.090717375,27.215212
MSFT,0.33333334,0.24263632,0.09069702,27.209106
MSFT,0.33333334,0.24266076,0.09067258,27.201775
MSFT,0.33333334,0.24281076,0.09052259,27.156776
MSFT,0.3333333,0.24282447,0.09050885,27.152657
MSFT,0.33333334,0.24282542,0.090507925,27.152378
MSFT,0.33333334,0.24291539,0.09041795,27.125385
MSFT,0.3333333,0.24298146,0.09035185,27.105558
MSFT,0.33333334,0.24302268,0.09031066,27.093199
AAPL,0.3333333,0.24304539,0.090287924,27.08638
MSFT,0.3333333,0.24314961,0.090183705,27.055115
MSFT,0.3333333,0.2431786,0.09015471,27.046415
MSFT,0.33333334,0.24329922,0.09003413,27.010239
AAPL,0.33333334,0.24333811,0.089995235,26.998571
MSFT,0.33333334,0.24338627,0.089947075,26.984123
MSFT,0.33333334,0.24344209,0.089891255,26.967377
MSFT,0.33333337,0.24349424,0.08983913,26.951736
MSFT,0.33333334,0.24350214,0.0898312,26.949362
MSFT,0.3333333,0.24355268,0.08978063,26.93419
MSFT,0.3333333,0.24362609,0.089707226,26.91217
MSFT,0.33333334,0.24364954,0.0896838,26.90514
MSFT,0.33333334,0.24384108,0.08949226,26.84768
MSFT,0.3333333,0.24390912,0.08942419,26.827261
MSFT,0.33333334,0.24394733,0.089386016,26.815805
MSFT,0.33333334,0.24398366,0.08934969,26.804907
MSFT,0.33333334,0.24399799,0.08933535,26.800606
MSFT,0.33333334,0.24403957,0.08929378,26.788134
MSFT,0.33333334,0.24414459,0.089188755,26.756626
MSFT,0.33333337,0.24418098,0.089152396,26.745716
MSFT,0.3333333,0.24418297,0.08915034,26.745106
MSFT,0.33333334,0.24423534,0.08909801,26.729403
MSFT,0.3333333,0.24423605,0.08909726,26.729181
MSFT,0.33333334,0.24425957,0.08907378,26.722134
MSFT,0.33333334,0.24440432,0.08892903,26.678709
MSFT,0.33333334,0.24446028,0.08887306,26.661917
MSFT,0.33333334,0.2444886,0.08884475,26.653423
MSFT,0.33333334,0.24448872,0.08884463,26.653389
MSFT,0.33333334,0.24450105,0.08883229,26.649687
MSFT,0.33333334,0.24460602,0.088727325,26.618198
MSFT,0.33333337,0.2446509,0.08868247,26.604738
MSFT,0.33333334,0.2446731,0.08866024,26.598072
AAPL,0.3333333,0.24474859,0.08858472,26.575418
MSFT,0.3333333,0.24476448,0.08856884,26.570654
MSFT,0.33333334,0.24479377,0.08853957,26.56187
MSFT,0.33333334,0.24481219,0.08852115,26.556345
MSFT,0.33333334,0.24481466,0.08851868,26.555603
MSFT,0.3333333,0.24484167,0.08849165,26.547497
MSFT,0.3333333,0.24489143,0.08844188,26.532566
MSFT,0.3333333,0.24498722,0.088346094,26.503832
MSFT,0.33333334,0.24507853,0.08825481,26.476442
MSFT,0.3333333,0.24508777,0.08824554,26.473665
MSFT,0.33333334,0.24510005,0.08823329,26.469988
MSFT,0.3333333,0.24516064,0.088172674,26.451805
MSFT,0.33333334,0.24518946,0.088143885,26.443165
MSFT,0.33333334,0.24548537,0.08784798,26.354393
MSFT,0.33333334,0.24556789,0.087765455,26.329636
MSFT,0.33333334,0.24558046,0.08775288,26.325863
MSFT,0.33333334,0.24563554,0.087697804,26.309341
MSFT,0.33333334,0.24567774,0.087655604,26.29668
MSFT,0.33333334,0.24568197,0.08765137,26.295412
MSFT,0.33333334,0.24569967,0.08763367,26.2901
MSFT,0.33333334,0.24579638,0.08753696,26.261087
AAPL,0.33333334,0.24585968,0.08747366,26.242098
AAPL,0.3333333,0.24589032,0.087442994,26.2329
MSFT,0.33333334,0.24619067,0.087142676,26.142803
MSFT,0.3333333,0.2468192,0.086514115,25.954237
AAPL,0.33333334,0.24696845,0.086364895,25.909468
MSFT,0.33333334,0.24718297,0.08615038,25.845114
MSFT,0.33333334,0.24724618,0.08608717,25.82615
AAPL,0.3333333,0.247334,0.08599931,25.799795
MSFT,0.3333333,0.2475912,0.085742116,25.722637
MSFT,0.33333334,0.24760082,0.08573252,25.719755
AAPL,0.33333334,0.24771658,0.08561677,25.68503
MSFT,0.33333337,0.24817768,0.085155696,25.546705
AAPL,0.33333334,0.24822173,0.08511162,25.533485
AAPL,0.3333333,0.2482785,0.085054815,25.516447
MSFT,0.3333333,0.2484754,0.08485791,25.457376
MSFT,0.33333334,0.24859518,0.084738165,25.42145
MSFT,0.3333333,0.2486737,0.084659606,25.397884
MSFT,0.33333334,0.24877742,0.084555924,25.366777
MSFT,0.33333334,0.24897864,0.0843547,25.30641
MSFT,0.33333334,0.24903393,0.084299415,25.289825
MSFT,0.33333334,0.24911031,0.08422303,25.26691
MSFT,0.33333334,0.24913168,0.084201664,25.2605
MSFT,0.33333334,0.24913606,0.08419728,25.259186
MSFT,0.33333334,0.24918973,0.08414361,25.243082
MSFT,0.33333334,0.2495319,0.08380145,25.140434
MSFT,0.33333334,0.24996749,0.08336586,25.009758
MSFT,0.3333333,0.2500495,0.08328381,24.985146
MSFT,0.3333333,0.25006014,0.08327317,24.981953
MSFT,0.3333333,0.2505526,0.08278072,24.834217
MSFT,0.33333334,0.2511207,0.08221266,24.663797
MSFT,0.3333333,0.25116625,0.08216706,24.65012
MSFT,0.33333334,0.25119948,0.08213386,24.640158
MSFT,0.3333333,0.2513471,0.08198622,24.595867
MSFT,0.3333333,0.25168827,0.08164504,24.493513
MSFT,0.33333334,0.2521778,0.08115554,24.34666
MSFT,0.33333334,0.25220603,0.081127316,24.338194
MSFT,0.33333334,0.25243074,0.080902606,24.270782
MSFT,0.33333334,0.2531729,0.08016044,24.048132
MSFT,0.3333333,0.25318596,0.080147356,24.044209
MSFT,0.33333334,0.25322595,0.08010739,24.032217
MSFT,0.33333334,0.25363395,0.0796994,23.909819
MSFT,0.33333334,0.25374267,0.07959068,23.877203
MSFT,0.3333333,0.25418004,0.07915327,23.745983
MSFT,0.3333333,0.2542156,0.079117715,23.735315
MSFT,0.3333333,0.25449532,0.07883799,23.6514
MSFT,0.3333333,0.25450268,0.07883063,23.64919
MSFT,0.3333333,0.25520727,0.07812604,23.437815
MSFT,0.3333333,0.2552263,0.078107,23.432102
MSFT,0.33333334,0.2565306,0.07680273,23.04082
MSFT,0.3333333,0.25659582,0.07673749,23.02125
