True,Predicted,Error,Error_Pct
0.15056543553805268,38.566740056125546,38.41617462058749,25514.603988163337
0.14208276938126593,35.83802813940325,35.69594537002198,25123.345726908814
0.12776310200305727,32.100236080167655,31.972472978164596,25024.809570919406
0.1559559987652991,38.390557230378434,38.234601231613134,24516.274804634515
0.14037962323847475,34.55617363072312,34.41579400748465,24516.231924215685
0.14429852231758014,35.19311268209002,35.04881415977244,24289.10123045826
0.14968906024563344,36.404165789612854,36.25447672936722,24219.857262698522
0.15818826529517296,38.45018950353414,38.29200123823897,24206.600386436774
0.1337489287868322,32.03123081013276,31.89748188134593,23848.775590706853
0.1354851403135638,32.25367031133856,32.118185171025,23706.057429391432
0.15152449289267067,35.72360486836161,35.57208037546894,23476.125672082406
0.14216545160881885,33.31293054198271,33.17076509037389,23332.50780340519
0.1483331690081788,34.717951412879415,34.56961824387124,23305.386431786632
0.14200009988598666,33.21122416724451,33.069224067358526,23288.169581507438
0.13613002071370495,31.48032967904358,31.344199658329877,23025.192748813184
0.1339969500049437,30.831372026839666,30.697375076834724,22909.010298892754
0.13702293489887704,31.496793614421996,31.35977067952312,22886.512175984724
0.13465836929783764,30.568301807979395,30.433643438681557,22600.63269544603
0.13376545511266558,30.121887635380013,29.988122180267347,22418.43542864597
0.1511111073848076,34.024461227115864,33.87335011973106,22416.188132002673
0.142992222624545,31.952989322743033,31.809997100118487,22245.963113421956
0.1371882866217092,30.65567512835011,30.518486841728404,22245.694288668987
0.1383622998104983,30.899542221883788,30.76117992207329,22232.342165607217
0.14863079433762916,33.19228380258311,33.043653008245485,22232.036877353723
0.13541899714411787,29.977297280296725,29.841878283152607,22036.70010300976
0.13361664228258618,29.56327105927911,29.429654416996524,22025.440779117675
0.13963553428494727,30.863792373571936,30.724156839286987,22003.107587635775
0.13393080667014354,29.562813927710884,29.42888312104074,21973.199335326008
0.15837015591075795,34.7404732414021,34.58210308549134,21836.24994659881
0.14851505962376377,32.51079062088958,32.36227556126582,21790.568339163605
0.1358654604374865,29.679764020491845,29.54389856005436,21744.966281292585
0.14353789447129991,31.305572239918646,31.162034345447346,21709.970360250845
0.14558828311786248,31.69934969214062,31.553761409022755,21673.283545405975
0.13475757768586968,29.32815245611212,29.19339487842625,21663.638794753577
0.1360804164370118,29.547208463820827,29.411128047383816,21613.049707999304
0.1441496969205813,31.1101790899226,30.966029393002017,21481.855359059566
0.1418016703776489,30.584546176226613,30.442744505848964,21468.537306206104
0.14214891271606608,30.656135859379503,30.513986946663437,21466.211991092252
0.14610087701375762,31.468872594148632,31.322771717134874,21439.14010467258
0.13733711185335382,29.555055289165153,29.417718177311798,21420.079234463243
0.14370324619413208,30.91574699605817,30.77204374986404,21413.603773635958
0.1601394579552687,34.445133853178575,34.28499439522331,21409.460749392594
0.15370718061039873,32.9924417185845,32.838734537974105,21364.476537508275
0.1468449785342045,31.49370167727944,31.346856698745235,21346.904069616266
0.14972213819649322,32.101038760007924,31.95131662181143,21340.40897804904
0.13798199225349497,29.503818759181755,29.36583676692826,21282.36901593545
0.1641079487441478,35.089217834962206,34.92510988621806,21281.790524764885
0.15342608144142747,32.803286434791076,32.649860353349645,21280.515051030736
0.14140482376253863,30.13713315315336,29.995728329390822,21212.662716346014
0.14347175130185402,30.528704135679885,30.385232384378032,21178.547071924797
0.15170638350825566,32.24338305132293,32.091676667814674,21153.80772099698
0.14492686382496855,30.801010571894995,30.656083708070028,21152.79589924341
0.1438851368097171,30.422973563356845,30.279088426547126,21043.93066435356
0.14353789447129991,30.34215486177146,30.198616967300158,21038.77660915411
0.1451087544405535,30.647378370359895,30.502269615919342,21020.282155626363
0.1865630526729998,39.39999012008611,39.21342706741311,21018.860114893607
0.1518386700125017,32.06134750171807,31.909508831705566,21015.40327577835
0.13938750049991638,29.426354755404127,29.28696725490421,21011.186189483167
0.14352135557854712,30.195494816517073,30.051973460938527,20939.025652173084
0.1498378982095517,31.514819715946945,31.364981817737394,20932.609301468416
0.16025519283448836,33.55969880121708,33.39944360838259,20841.411137845345
0.15041662287332752,31.466633729302682,31.316217106429356,20819.651783301986
0.15355836778031934,32.05924901585764,31.905690648077318,20777.565631409685
0.1451914365027522,30.269980266178912,30.12478882967616,20748.323424091974
0.14405048853254926,29.99385480166549,29.84980431313294,20721.765415178135
0.1451087544405535,30.167906746401666,30.022797991961113,20689.859896950955
0.14469536893269042,30.06580623066567,29.92111086173298,20678.692816804472
0.15066466922527785,31.281535038244606,31.130870369019327,20662.35603150704
0.14552213994841656,30.18099258747474,30.035470447526325,20639.794369553005
0.15764259344841808,32.638409516569894,32.48076692312148,20604.055168471616
0.16754731931129846,34.66670948370427,34.49916216439297,20590.69778388662
0.14717569454678828,30.44806900661402,30.30089331206723,20588.245501660836
0.15107805473314093,31.252566574771606,31.101488520038465,20586.370783615836
0.15010244575349652,30.978474805817605,30.828372360064108,20538.221216389466
0.15367410265953896,31.69184481560717,31.53817071294763,20522.762239789772
0.16508353258995337,34.0249723506016,33.85988881801165,20510.760998866757
0.14586938228683372,30.045611453787533,29.8997420715007,20497.613414655196
0.15036701859663437,30.9562949261058,30.80592790750917,20487.15748640819
0.1519874826772269,31.260762547849144,31.108775065171915,20467.984940073693
0.16417410464586737,33.698756784486505,33.53458267984064,20426.23150111072
0.16943235623502884,34.70371194450228,34.53427958826725,20382.340395693296
0.15923000487734384,32.586469291928324,32.42723928705098,20365.030643583752
0.166026063618738,33.97545816278667,33.809432099167935,20363.930434927293
0.15273159676459322,31.247458939375463,31.09472734261087,20359.066493973405
0.15327724347750923,31.316183451439322,31.162906207961814,20331.07165874524
0.15020165430688276,30.686533308935847,30.536331654628963,20330.22325588972
0.15289693592050593,31.235584316985125,31.08268738106462,20329.17611718858
0.14676229647200578,29.96701901893401,29.820256722462005,20318.744963322428
0.15488118123226838,31.6088016470205,31.45392046578823,20308.419793504927
0.1554599310298831,31.723826028077045,31.56836609704716,20306.43258871572
0.15903158793592556,32.330871554450994,32.171839966515066,20229.84262691084
0.1591969269264841,32.35818786524828,32.1989909383218,20225.8872454184
0.15352528982945957,31.1531494573357,30.99962416750624,20191.868194446364
0.15236781553342324,30.908274514675227,30.755906699141804,20185.303957708325
0.1559559987652991,31.597909677528786,31.441953678763486,20160.785046865065
0.19107721530863375,38.63281536477041,38.44173814946178,20118.431225496723
0.1540048059398491,31.055254911973485,30.901250106033636,20065.120641821388
0.16700164729918932,33.672318742213996,33.50531709491481,20062.866227234786
0.15423630083212722,31.074997956475148,30.92076165564302,20047.655116740367
0.16387645385186972,33.01664089601106,32.85276444215919,20047.275657951006
0.15643551471033443,31.49677561711616,31.340340102405825,20034.031377361793
0.1562370977689161,31.431535383462077,31.27529828569316,20017.84386186639
0.16106543752438113,32.38001859722688,32.2189531597025,20003.641783685212
0.17693945111292947,35.56359802109954,35.38665856998661,19999.303912953532
0.15367410265953896,30.78990983365559,30.63623573099605,19935.84813627957
0.1650008756615935,33.03598440032318,32.87098352466159,19921.7024714935
0.15880009304364745,31.78202931514941,31.62322922210576,19913.860638238963
0.16204102120483246,32.41872000369577,32.25667898249093,19906.489568290228
0.1541205661182618,30.82092639053268,30.666805824414418,19897.932246681965
0.15757646284589155,31.471442609421956,31.313866146576064,19872.172265473913
0.15822134324603274,31.568260915895202,31.41003957264917,19851.96113763669
0.15610481143002428,31.066985555917135,30.910880744487113,19801.363238789894
0.17121818460537297,34.06474999595947,33.893531811354094,19795.521071241685
0.18416542168802003,36.49937873640557,36.315213314717546,19718.801163573615
0.16261977100244715,32.20775558469075,32.045135813688304,19705.55954921747
0.1812551968071452,35.88044418979661,35.69918899298947,19695.539560707475
0.15775835346147657,31.203646298049254,31.045887944587776,19679.393999360516
0.17574889886603337,34.7615480865356,34.585799187669565,19679.098652010896
0.16417410464586737,32.46963438190471,32.305460277258845,19677.56141989841
0.1618260779375808,32.00393969556364,31.842113617626058,19676.75051106913
0.16247095833772196,32.13033117498596,31.96786021664824,19676.04582610876
0.1607843383554099,31.795934033638,31.635149695282593,19675.516918416433
0.1583205516340648,31.301407663348286,31.14308711171422,19670.906139650768
0.15812213469264652,31.2548774288409,31.096755294148252,19666.28856522414
0.15916387427481737,31.439141044908204,31.279977170633387,19652.686461140293
0.1617433958753821,31.933491041600732,31.77174764572535,19643.304429075066
0.1614292187555511,31.854745629647606,31.693316410892056,19632.94913722192
0.1774354935491524,34.98119440587571,34.80375891232656,19614.8798733357
0.15929613547987037,31.36777092888651,31.20847479340664,19591.48268060171
0.14934183063948991,29.39726570998203,29.24792387934254,19584.548919817928
0.15746072796667193,30.990619387795476,30.833158659828804,19581.49124418816
0.18001504028355597,35.36260051006629,35.18258546978273,19544.247755278586
0.17760085783890403,34.84652776523018,34.668926907391274,19520.697889217594
0.1716811743899292,33.59600656600984,33.42432539161991,19468.83547971616
0.1812551968071452,35.39314553753048,35.211890340723336,19426.692840254753
0.17095361176223506,33.374963655736885,33.20401004397465,19422.818682623274
0.16820875117111184,32.831329836744125,32.66312108557301,19418.20556788164
0.17229297683921052,33.5869575206357,33.41466454379649,19394.09554399896
0.17700558171545594,34.49464444153234,34.31763885981688,19387.885131771698
0.1897544018566847,36.78546031050725,36.595705908650565,19285.827127367564
0.17166464806409582,33.265284474513514,33.09361982644942,19278.063479961806
0.16557960016001513,32.069395896887755,31.90381629672774,19267.96312220593
0.16149534935807758,31.25027731746932,31.088781968111242,19250.57414450942
0.17001110603264352,32.894111638421066,32.72410053238842,19248.213423248435
0.17090400748554196,33.06533440667989,32.89443039919435,19247.313672253786
0.16002369794221025,30.946310020828204,30.786286322885992,19238.57948464853
0.16840716811253018,32.53934874578953,32.370941577677,19221.831196666546
0.16286779222055858,31.438547133815632,31.275679341595072,19203.108800812483
0.16933314768164257,32.6645308062597,32.49519765857806,19190.09839684263
0.17383078399144328,33.52511157886221,33.35128079487077,19186.06131150652
0.17042449154050662,32.86684931954129,32.69642482800078,19185.285244186554
0.17307014357824357,33.3624159341083,33.189345790530055,19176.817621073635
0.18264416616081378,35.17846287513983,34.995818708979016,19160.655083922058
0.18190007720728638,35.025435383080804,34.843535305873516,19155.31639173916
0.16543078749528994,31.850203109654696,31.684772322159407,19152.887320361406
0.1686882672815014,32.42602331040386,32.25733504312236,19122.453246432597
0.18603393228591708,35.75841165784768,35.572377725561765,19121.445904229065
0.17123471093120632,32.91007164923609,32.73883693830488,19119.275969378505
0.17179693440298766,33.0079661945983,32.83616926019531,19113.36158255934
0.1699284238050906,32.64421544743246,32.47428702362737,19110.568024143897
0.1716480964390694,32.96641761434621,32.79476951790714,19105.81602607427
0.1639922140302824,31.484386271778927,31.320394057748643,19098.707974004847
0.16934967400747591,32.50706517858161,32.337715504574135,19095.233394512816
0.15932921326537594,30.575039999284247,30.41571078601887,19089.851862482366
0.17490557622528083,33.54092041230821,33.36601483608293,19076.58723990997
0.17478984151141544,33.399990709231886,33.225200867720474,19008.656670445318
0.17427724745016607,33.27944475474497,33.10516750729481,18995.691056436444
0.17583155579439325,33.556747243060045,33.38091568726565,18984.59894553812
0.16167723997366254,30.83668483152234,30.675007591548678,18972.990630311157
0.1773528366207926,33.76447214701465,33.58711931039386,18938.022052733355
0.17025912725075498,32.40732770910183,32.23706858185108,18934.12065620002
0.1721607156341576,32.7246562055953,32.552495489961146,18908.201775331465
0.16959772052478045,32.211621405984246,32.04202368545947,18892.956571770497
0.18813391247689917,35.72770465463096,35.53957074215406,18890.571228894176
0.17394651887066284,33.004157964683486,32.83021144581282,18873.73869794059
0.17153236155984977,32.512521961710966,32.34098960015112,18854.162156956572
0.16531505261607032,31.29513740199516,31.12982234937909,18830.6036605604
0.1766252741584527,33.42720623511649,33.25058096095804,18825.49432372206
0.17171425217543476,32.48527044121469,32.313556189039254,18818.214434539517
0.1686882672815014,31.88403084570331,31.715342578421808,18801.154988151186
0.15683237389236415,29.60710169791115,29.450269324018787,18778.182458827563
0.17103629398978798,32.267549833598984,32.0965135396092,18765.907978294697
0.1750874668408658,33.01384411468421,32.83875664784335,18755.62953782978
0.1779481127442406,33.54332845182901,33.36538033908477,18750.061365944246
0.17083787704836967,32.181954647044826,32.011116769996455,18737.716320914642
0.18027958782750078,33.95707931406734,33.776799726239844,18735.787081207956
0.17860951947021517,33.602197639217295,33.42358811974708,18713.217648693568
0.17573234724100698,33.0495903635349,32.87385801629389,18706.776829885082
0.1714992837743442,32.233347753588994,32.06184846981465,18695.033450985764
0.1791055872056311,33.648839457020856,33.46973386981522,18687.152306080003
0.1674481107579122,31.456072910238348,31.288624799480434,18685.5645357002
0.16959772052478045,31.84766189007071,31.67806416954593,18678.354916284003
0.17741896722331904,33.314503506512736,33.13708453928942,18677.3066363189
0.18679454756527789,35.004720484064016,34.81792593649874,18639.690713847598
0.17736936294662595,33.23842529528445,33.06105593233782,18639.665488501847
0.17589771153075862,32.944162145949896,32.76826443441914,18629.159043202824
0.1760134464099782,32.95662707997164,32.780613633561664,18623.92578644681
0.18436383862943836,34.50365749229481,34.319293653665376,18614.98106613269
0.18067644700953048,33.81237017676554,33.63169372975601,18614.320951298083
0.17245834112896213,32.23956402302461,32.067105681895654,18594.116974554618
0.17932053047288277,33.477029976591794,33.29770944611891,18568.82162812599
0.19458274161214978,36.326212259116495,36.131629517504344,18568.773992054947
0.17687329537656413,33.01929369889123,32.842420403514666,18568.33182962583
0.17793156111921418,33.19844608010123,33.02051451898201,18557.986178100386
0.17821266028818541,33.23687752698259,33.0586648666944,18550.12141855447
0.18538905188577595,34.573674210917666,34.38828515903189,18549.253480307776
0.17252447173148866,32.173445520845746,32.000921049114254,18548.627176160506
0.17854338886768864,33.292053667213395,33.11351027834571,18546.477967260274
0.18026306150166743,33.60865507255111,33.42839201104944,18544.22738223617
0.18087486395094882,33.712603911596425,33.53172904764548,18538.634012042105
0.1757819515177001,32.73608089533975,32.56029894382205,18523.118364938302
0.17617881069972985,32.77495507594466,32.59877626524493,18503.2332411442
0.18867958432365406,35.093922330707635,34.90524274638398,18499.745413106702
0.18122211885628542,33.70513143021348,33.523909311357194,18498.79557911066
0.17994888454719063,33.45346070486948,33.273511820322284,18490.535189506263
0.18138745801219813,33.70836734580272,33.526979887790525,18483.62629655236
0.1766583268101194,32.811921542131,32.63526321532088,18473.662580535354
0.1848268284139946,34.3235872484872,34.138760420073204,18470.67371821455
0.1720780335719589,31.948968724619355,31.776890691047395,18466.558474332556
0.17804732129762688,33.04525301282852,32.86720569153089,18459.814757105793
0.17305361725241022,32.11495067741885,31.941897060166436,18457.803753143773
0.18446304718282464,34.22741324556287,34.04295019838005,18455.159837319326
0.17976699393160567,33.32501393312074,33.14524693918913,18437.89352777385
0.17310322152910332,32.0415828604494,31.8684796389203,18410.10199429613
0.1732355078679952,32.063643957942695,31.8904084500747,18408.702027978623
0.18113943679408667,33.517491519571415,33.33635208277733,18403.696441141637
0.17829534251573836,32.97443001490422,32.79613467238848,18394.27447157994
0.18107330619156023,33.47911406460756,33.298040758416,18389.25983004336
0.1716811743899292,31.723426487887497,31.55174531349757,18378.10431202898
0.18312368210584917,33.83479481983671,33.65167113773086,18376.471437637167
0.18767092269234292,34.632471409082605,34.444800486390264,18353.82913465882
0.18178431719422788,33.524719237594994,33.342934920400765,18342.030509031993
0.1819827341356462,33.53823161481637,33.356248880680724,18329.34813245396
0.17652606560506642,32.51442607666838,32.33790001106331,18319.051013923006
0.1759307894816184,32.38818937407624,32.21225858459462,18309.619754170562
0.18090794190180862,33.285308276986214,33.10440033508441,18299.030980658925
0.18524021392185763,34.07892467403559,33.89368446011373,18297.1525148484
0.20008903955326152,36.784780012346666,36.5846909727934,18284.20539899436
0.1827599008746792,33.59236751076988,33.409607609895204,18280.600640511726
0.1956906116314929,35.95790459411308,35.76221398248159,18274.874652559112
0.18148669169942327,33.32536308085395,33.14387638915452,18262.427993368863
0.18252840598240108,33.51005503280014,33.327526626817736,18258.81645513909
0.18087486395094882,33.20055896380632,33.019684099855375,18255.54053149692
0.17768354006645692,32.591645317086645,32.41396177702019,18242.523626497295
0.18239611964350927,33.44917374661944,33.26677762697593,18238.75293618932
0.17702210804128932,32.409757345389636,32.232735237348344,18208.310585607906
0.18039534784055924,33.02198609584424,32.84159074800368,18205.3423999772
0.1781465296856589,32.59544994754029,32.417303417854626,18196.98844263497
0.18231346271514942,33.35386721383638,33.17155375112123,18194.791134513856
0.19076306348799585,34.860252510660416,34.66948944717242,18174.110235629585
0.1756331388529749,32.056599812438634,31.880966673585657,18152.022381307943
0.1834543855515135,33.47428718718245,33.290832801630934,18146.654113255285
0.18368588044379164,33.51113127168911,33.32744539124532,18143.716496186327
0.18370243190346383,33.49046676512866,33.306764333225196,18130.823848172025
0.16678670403193768,30.399829028052253,30.233042324020314,18126.77005610174
0.18409926595165468,33.55041579086708,33.366316524915426,18124.089931829265
0.18833235471751053,34.3196350401257,34.131302685408194,18122.909755258734
0.18290873883859746,33.325197505640254,33.142288766801656,18119.576449568718
0.18216462475123119,33.13606021915267,32.95389559440144,18090.172907832213
0.18147014007439685,32.981718923767644,32.80024878369325,18074.73602557766
0.18603393228591708,33.794934386872,33.608900454586085,18066.00550857157
0.18226385843845627,33.08639845342989,32.90413459499143,18053.022072997504
0.18760479225517068,34.046533122992656,33.858928330737484,18048.00822181784
0.18457880719588315,33.491935345284844,33.30735653808896,18045.06001750338
0.18952290696440663,34.37327780989932,34.183754902934915,18036.740492459205
0.18466148942343605,33.48305907404672,33.29839758462329,18032.12878255777
0.18515755699349776,33.56821152687733,33.38305396988383,18029.539010960354
0.18552131309082887,33.6238627959822,33.43834148289137,18023.98922571251
0.19655046059807885,35.62183010386124,35.42527964326317,18023.5037534221
0.18100715045519486,32.79816440155027,32.61715725109507,18019.81699014088
0.1847276200259625,33.46975186611187,33.28502424608591,18018.433973981733
0.18454572924502335,33.43544540172803,33.25089967248301,18017.70206686031
0.18342133289984683,33.23167270613493,33.04825137323508,18017.670491621793
0.181337853735505,32.79601552323349,32.614677669497986,17985.58712240466
0.18213157209956446,32.93793147866961,32.75579990657005,17984.69069858118
0.1808583376251155,32.7045892095886,32.52373087196348,17982.986739256063
0.19084572041635567,34.47914156228554,34.288295841869186,17966.49972923922
0.18013077516277554,32.52661385218025,32.346483077017474,17957.221939331306
0.17692289948790305,31.94711140265712,31.77018850316922,17957.081076065835
0.18826619881579099,33.978452914477714,33.790186715661925,17948.08995358956
0.1850417969804393,33.351300798024226,33.166259001043784,17923.65808280049
0.17986620231963774,32.4168446844277,32.236978482108064,17922.754840189587
0.18366935411795826,33.06560436626742,32.88193501214946,17902.787958317556
0.19464887221467625,35.04212608451275,34.847477212298074,17902.737794373217
0.17887409231335302,32.193120175585236,32.014246083271885,17897.642788419624
0.18791896920964746,33.76781244697774,33.579893477768096,17869.347420858543
0.20124651401465202,36.14313646523434,35.94188995121969,17859.63355797701
0.1701929966482285,30.5285601572332,30.358367160584972,17837.61245084168
0.1974764401671913,35.40703945763557,35.209563017468376,17829.753760832726
0.18641423984292033,33.41658422521232,33.2301699853694,17825.982614509703
0.19906382629692396,35.66883186778152,35.4697680414846,17818.289089137586
0.187307141461173,33.55182318018342,33.36451603872224,17812.730352109073
0.1858520416703321,33.267616925349806,33.081764883679476,17800.054595235786
0.18338825494898703,32.810967684921714,32.62757942997273,17791.53165454828
0.17598039375831154,31.480743617077803,31.30476322331949,17788.778939949934
0.1847441714856347,33.02020796202768,32.83546379054205,17773.47752110018
0.19557485161843446,34.88587707470916,34.690302223090725,17737.60886740762
0.18505832330627264,33.0005872992057,32.815528975899426,17732.533392507576
0.1862488755531687,33.20364010256538,33.01739122701221,17727.565403521963
0.17440953378905788,31.06460631208567,30.890196778296612,17711.30058501114
0.18247880170570796,32.4951005696621,32.312621767956394,17707.60300150834
0.19165596510624847,34.08613079529217,33.89447483018592,17685.061256191955
0.17700558171545594,31.465402713583526,31.28839713186807,17676.50309591113
0.1722103199108507,30.60127287227023,30.42906255235938,17669.709090669945
0.18509140125713242,32.89019542467124,32.70510402341411,17669.704697939786
0.19603784140299066,34.831352436949594,34.6353145955466,17667.667807230926
0.205215004638177,36.452589340694146,36.24737433605597,17663.120881421513
0.1946323458888429,34.49207802572018,34.29744567983134,17621.65765572135
0.17530243540731058,31.065844526727158,30.890542091319848,17621.285191815212
0.1901512357395214,33.667945396895945,33.477794161156424,17605.877779840448
0.1816851086408416,32.14080200752112,31.959116898880275,17590.38874344822
0.1897213239058249,33.54551332475746,33.355792000851636,17581.4670244495
0.18279297882553897,32.31368412737799,32.13089114855245,17577.749077123346
0.18337172862315368,32.401143834816715,32.217772106193564,17569.650647949198
0.18953943329023998,33.47203032503066,33.282490891740416,17559.665719151566
0.18915912573323668,33.389595465381234,33.200436339648,17551.59113310198
0.20516540052683804,36.1834396319226,35.978274231395766,17536.22888606375
0.18891107921593217,33.28179160342594,33.09288052421,17517.702329350224
0.20003943527656837,35.232087647607614,35.03204821233105,17512.57104075345
0.19425203816648534,34.189788077982946,33.995536039816464,17500.73582789402
0.19707958098516154,34.66952426233696,34.472444681351796,17491.63688548094
0.19633549203163408,34.53714327953254,34.34080778750091,17490.881262552277
0.18411581741132688,32.36221566229429,32.178099844882965,17477.09691503309
0.195326830400323,34.33135128622468,34.136024455824355,17476.362251853705
0.19812132056733245,34.736776594783464,34.53865527421613,17433.083514339894
0.18725753718447985,32.76105395691724,32.57379641973276,17395.185747659463
0.17583155579439325,30.76130851522164,30.585476959427247,17394.75990031735
0.18441344290613154,32.2457838919214,32.061370449015264,17385.59290676811
0.19603784140299066,34.250543383022794,34.054505541619804,17371.393858400384
0.19223471490386318,33.5819866647639,33.38975194986004,17369.26234502353
0.20590948931501124,35.933910585973045,35.72800109665803,17351.3135385419
0.19655046059807885,34.26773440955697,34.0711839489589,17334.573445050435
0.20480161913031386,35.69995640849362,35.495154789363305,17331.481528365253
0.19461579426381648,33.895485334575554,33.700869540311736,17316.615882998503
0.19815437321899917,34.50110907378849,34.302954700569494,17311.22767735136
0.19562445589512756,33.99833633796489,33.802711882069765,17279.389597480123
0.17429377377599944,30.283737406759652,30.109443632983652,17275.111428638866
0.17611268009720338,30.584182630648737,30.408069950551532,17266.258133013558
0.1908787983672154,33.13773036913421,32.946851570766995,17260.61346393399
0.17654259193089977,30.618827444382283,30.442284852451383,17243.59233627132
0.18155282230194975,31.469279333260516,31.287726510958567,17233.40133976125
0.1897378502316583,32.887002702616,32.69726485238434,17232.863560150487
0.20911736498988376,36.20836949996609,35.9992521349762,17214.855464881028
0.20032053444553966,34.68519271679744,34.4848721823519,17214.84633505067
0.2028835044210779,35.12048635412099,34.91760284969991,17210.66626354679
0.19011818308785466,32.834306591129334,32.64418840804148,17170.471481392404
0.2204275863669119,38.03720172706324,37.81677414069633,17156.09863719533
0.20390871767741547,35.18247627434117,34.978567556663755,17154.032429354007
0.17852683740801645,30.79478710353704,30.616260266129025,17149.388131576376
0.2070669889102406,35.67932789654485,35.472260907634606,17130.814087904237
0.19079611613966252,32.85390205772315,32.66310594158348,17119.376747519393
0.19873312301661378,34.14415410930617,33.945420986289555,17080.90753620964
0.21077090702133608,36.20959691622408,35.998826009202745,17079.5991334604
0.22687641550216253,38.972917652068254,38.74604123656609,17078.038345592944
0.20738114073087854,35.61131967725324,35.40393853652236,17071.91811740806
0.1986339144632276,34.105593081822796,33.90695916735957,17070.07549994019
0.19955989403233995,34.263954975331494,34.06439508129915,17069.760056987605
0.1964016226341606,33.715505077297124,33.51910345466296,17066.61228410488
0.2011969097379589,34.534702844861236,34.33350593512328,17064.62886524431
0.19324337653517426,33.150195303155954,32.95695192662078,17054.634687891587
0.20559531236053447,35.265760606826035,35.0601652944655,17052.998384021306
0.2226598781959789,38.18833590254835,37.965676024352376,17050.97313982004
0.2102252350092269,36.03901485205301,35.82878961704378,17043.04890679334
0.20260240525210665,34.71429076087245,34.51168835562034,17034.19478790294
0.20382603544986252,34.899756596969574,34.69593056151971,17022.325182817123
0.19287959530400434,33.017591153759184,32.82471155845518,17018.239543026306
0.2102252350092269,35.94393508532348,35.733709850314256,16997.821336123554
0.19994020158934328,34.148214301502684,33.94827409991334,16979.213699923952
0.1994110812022606,34.021426881351985,33.82201580014972,16960.951014474667
0.1894236732771815,32.3087996585742,32.11937598529702,16956.36845680693
0.20819138542077134,35.494628745676316,35.28643736025555,16949.038159738866
0.17834494662707723,30.40452272541418,30.2261777787871,16948.154882117648
0.20468588441644842,34.85733334765388,34.65264746323743,16929.671316627817
0.20161029524582202,34.33221155744363,34.13060126219781,16928.997212460108
0.20445438952417033,34.81263523888056,34.60818084935639,16927.09113749062
0.19180477777097366,32.630749863206255,32.43894508543528,16912.480211608345
0.19479768487940144,33.138425065139465,32.94362738026006,16911.714017882372
0.2118787770406792,36.021467478863286,35.809588701822605,16900.979513841266
0.20853864032610797,35.263964475703645,35.055425835377534,16810.038552355887
0.2113165788509742,35.71236375113669,35.501047172285716,16799.934659798724
0.22457799307056903,37.946970434525824,37.722392441455256,16797.0119982334
0.20857169297777467,35.23057227445625,35.02200058147847,16791.34885538394
0.20953075049774683,35.38587102651173,35.17634027601398,16788.151711599126
0.20802602113101973,35.107380716011505,34.899354694880486,16776.43715201381
0.2123748447760952,35.836235607742026,35.62386076296593,16774.049111383145
0.2154339075924681,36.29947546156711,36.08404155397464,16749.471778710937
0.20958035467173952,35.305941391834615,35.09636103716288,16746.01662552458
0.21315201151512825,35.906669863860266,35.69351785234514,16745.569323333282
0.20094886322065442,33.84540963081855,33.6444607675979,16742.79726113911
0.21053941212905797,35.385763042676714,35.175223630547656,16707.19190998106
0.2083071454338298,35.009396184120114,34.801089038686285,16706.622793091414
0.204074056667974,34.24934836191531,34.04527430524733,16682.80371406473
0.21872444008718672,36.64760454726765,36.42888010718046,16655.148410785456
0.215301621202226,36.0634515939166,35.84814997271437,16650.19973957527
0.21665751254787136,36.27605736721382,36.05939985466595,16643.503117252156
0.21897248657607105,36.65751026439957,36.4385377778235,16640.692329702684
0.21988193965399583,36.725032556433604,36.50515061677961,16602.15962903719
0.20838980236218968,34.79116445301867,34.58277465065648,16595.233672015416
0.21460713660516217,35.810092721285216,35.595485584680056,16586.347568752677
0.22041106004107855,36.74232076841929,36.52190970837821,16569.90792638606
0.21717010658070046,36.179678195002964,35.96250808842226,16559.603278114424
0.20868745315618736,34.76176765366679,34.5530802005106,16557.33475009163
0.2118787770406792,35.291385170874776,35.079506393834095,16556.404036209384
0.21612839229772263,35.99040772845219,35.774279336154464,16552.327510433908
0.19924571691250892,33.12577295913703,32.92652724222452,16525.58848062111
0.21382996986612918,35.533837676169775,35.32000770630365,16517.800441358228
0.21834413250176318,36.24822633346963,36.02988220096787,16501.419931985998
0.21500397051641912,35.673050436269385,35.458046465752965,16491.810072430802
0.2197000490384109,36.44378505867937,36.22408500964096,16487.97311069684
0.20296618648327663,33.66506942742341,33.46210324094014,16486.540847382596
0.21650869985472593,35.90487373273787,35.68836503288314,16483.570894301014
0.21700476747613795,35.908775548643035,35.691770781166895,16447.459286852576
0.21389610038307194,35.39184613204915,35.17795003166608,16446.27927702515
0.2065047654384593,34.16626919871697,33.95976443327851,16445.027000308568
0.22342051860917855,36.953558746473014,36.73013822786383,16439.91270654713
0.21454098076609637,35.442821701097934,35.22828072033184,16420.303754805485
0.1908291940905223,31.492081919754234,31.301252725663712,16402.758956690643
0.1944504551079037,32.086918073849304,31.8924676187414,16401.333491888076
0.21903861717859752,36.14026049576181,35.92122187858321,16399.492628870154
0.21592995005711127,35.6225895901675,35.40665964011039,16397.28978344398
0.22307326370384195,36.76615280080681,36.54307953710297,16381.649208135737
0.2177323300069448,35.88441439546395,35.666682065457,16380.976616710701
0.21450792809182265,35.34544907760495,35.13094114951313,16377.45581807816
0.21597957949057323,35.57948964215238,35.36351006266181,16373.543344270334
0.22019609147463381,36.26651519565978,36.046319104185145,16370.099424919908
0.21224255827184918,34.935362466834746,34.7231199085629,16360.111841512986
0.205942567265871,33.89775299511084,33.69181042784497,16359.808889994549
0.2079433642026599,34.22300390563315,34.015060541430486,16357.84852854438
0.21483863145190332,35.34709043189716,35.13225180044525,16352.855891427716
0.21604571007016973,35.543534624554006,35.32748891448384,16351.858550215962
0.21421027742313242,35.239833688039255,35.02562341061612,16351.047126198122
0.215301621202226,35.4175138896319,35.20221226842967,16350.184486240047
0.23109295264299196,37.99831674807482,37.76722379543183,16342.871283390972
0.2148055535465805,35.31843872100686,35.10363316746028,16342.051026091403
0.2178646163971869,35.815635891482586,35.5977712750854,16339.400065858994
0.2288441344880916,37.61557524379124,37.38673110930315,16337.203133012199
0.2233212849219534,36.6904381351564,36.46711685023445,16329.440726162318
0.21832760614750957,35.85698650137048,35.63865889522297,16323.478063119637
0.2169386116654924,35.62510921298448,35.40817060131899,16321.746658873468
0.21588034577460488,35.45125883807366,35.235378492299056,16321.716720375929
0.2195016067977995,36.025549267826804,35.806047661029005,16312.430775968223
0.21827800190504995,35.8120328308543,35.59375482894925,16306.615654486515
0.21760004354823576,35.67992180763742,35.46232176408918,16297.019608007657
0.2240819253351531,36.7183663543521,36.49428442901694,16286.134802900082
0.20328036360310758,33.30778691197489,33.10450654837178,16285.14725259263
0.19183785572183343,31.41267420694636,31.220836351224527,16274.5961863205
0.21627720494533106,35.41323413030419,35.19695692535886,16274.002123458034
0.22125435738263802,36.20722487131495,35.98597051393231,16264.525110209717
0.209497672546887,34.273720313477895,34.06422264093101,16259.952784586283
0.2159134236799277,35.31598748795206,35.10007406427213,16256.55017925372
0.22251106553125372,36.36769244960641,36.14518138407516,16244.217471961292
0.22022916939126008,35.981175110558524,35.760945941167265,16238.060580265013
0.21576461095254873,35.220015054853086,35.00425044390054,16223.351127585389
0.22140319534655634,36.130099216887025,35.90869602154047,16218.689150052047
0.21680635048336944,35.33328289886008,35.11647654837671,16197.162338688224
0.2024205146365217,32.983673431181394,32.78125291654487,16194.629766359816
0.22141972167238969,36.05663781392723,35.83521809225484,16184.293712226889
0.21766617419629924,35.440366868581954,35.22270069438566,16181.98180054405
0.2076291872481831,33.7917056702051,33.58407648295692,16175.026704127697
0.22489217003085912,36.6011031084496,36.376210938418744,16174.956617399039
0.23266381261224556,37.811760275244055,37.57909646263181,16151.672252212524
0.21845989251482167,35.486072826482065,35.26761293396724,16143.747270027825
0.22388350839373475,36.36269639750645,36.138812889112714,16141.793180030421
0.22090712761114034,35.87222661995207,35.65131949234093,16138.600812870754
0.225537050425187,36.61143716146041,36.38590011103522,16133.003443309994
0.2234039669841521,36.236841237798025,36.013437270813874,16120.321298219653
0.21450792805177593,34.77946260476436,34.56495467671259,16113.602415836875
0.22398271694712102,36.30868288323261,36.084700166285494,16110.48417401087
0.2214693259148493,35.891548527497186,35.67007920158234,16106.10365757685
0.22877797858637205,36.989837715576435,36.76105973699006,16068.443284680663
0.22732287879553115,36.745110350823815,36.51778747202828,16064.281635670617
0.22828191101049705,36.89968921064587,36.67140729963537,16064.08809936286
0.22474333206112757,36.325333990591716,36.100590658530585,16063.030803828986
0.22140319534655634,35.77418809614318,35.552784900796624,16057.936673021737
0.2268433375513027,36.643857508192674,36.41701417064137,16053.816948626642
0.22437955082995764,36.24533596615243,36.02095641532247,16053.582548892953
0.22595043593305014,36.47657614991185,36.2506257139788,16043.61839988659
0.2254874461714239,36.37694666426708,36.15145921809566,16032.58178311709
0.22067563288421643,35.58505440911675,35.364378776232535,16025.502369256796
0.22302365946138233,35.950892843759526,35.72786918429814,16019.766364960307
0.2261157749862624,36.441103460109865,36.2149876851236,16016.126113856424
0.22180002927492992,35.70512523472961,35.483325205454676,15997.890226367685
0.23000160878412793,36.964025979547,36.734024370762874,15971.20322981751
0.225718941040772,36.26893043410292,36.043211493062145,15968.182079390313
0.22499137857843216,36.132140111368784,35.907148732790354,15959.34429117385
0.22261027395351923,35.7322111800122,35.50960090605868,15951.465435720655
0.22998505732445573,36.91522448504316,36.685239427718706,15951.140415163718
0.22578507164329847,36.24049109142149,36.01470601977819,15950.880081511863
0.23109295264299196,37.08344530268861,36.85235235004562,15946.982341334151
0.22426381595073808,35.95900602923022,35.73474221327948,15934.243365023716
0.23087798411078067,37.00185991587462,36.770981931763835,15926.586535908185
0.20877013521838605,33.458409963974276,33.24963982875589,15926.434973074467
0.22070871066972197,35.36356156619791,35.14285285552819,15922.730348471598
0.21005989601866837,33.65257209825116,33.44251220223249,15920.464989309716
0.22651263415698858,36.282403217251456,36.05589058309447,15917.82759371616
0.22543781673796193,36.10294848130342,35.87751066456546,15914.592850350284
0.23033231222979225,36.88586727976411,36.65553496753432,15914.195716910415
0.22930712427264788,36.71496846301034,36.485661338737685,15911.263749204742
0.22193231566517202,35.52467704749945,35.30274473183428,15906.987058655903
0.2284472753060619,36.554050952072984,36.325603676766924,15901.088611409241
0.2222464926881158,35.51385706723108,35.291610574542965,15879.49044670351
0.22153548168544815,35.3851619326618,35.16362645097635,15872.683772121061
0.22611577492360868,36.103265233886134,35.87714945896253,15866.71671672767
0.23780632932218737,37.9628584561175,37.72505212679531,15863.771260555577
0.20781107786376807,33.14370187521047,32.9358907973467,15848.95816715702
0.22480948796284717,35.8236482920406,35.59883880407776,15835.114045525048
0.22318902371690041,35.53694041169584,35.31375138797894,15822.351296617504
0.22482601428868054,35.78557679127595,35.56075077698727,15817.00893888847
0.22841419735520213,36.29647351095374,36.06805931359854,15790.638117607836
0.2321016142743031,36.87628191467607,36.644180300401764,15787.99027959143
0.23266381261224556,36.962758969216175,36.73009515660393,15786.767501234848
0.20614098420728932,32.73951478129318,32.53337379708589,15782.098801066792
0.21948508047196613,34.85134024481062,34.63185516433865,15778.68303844098
0.23954255341583836,38.03312353756089,37.79358098414505,15777.397562652086
0.22358585776509132,35.49773868012471,35.27415282235962,15776.558130711524
0.23354018773931057,37.06229846833177,36.82875828059246,15769.773346976408
0.2101260266211949,33.33925700095904,33.12913097433784,15766.314866868657
0.23079530196299824,36.6177110222747,36.3869157203117,15765.882325518633
0.24232049194070465,38.442742218379365,38.20042172643866,15764.42067300946
0.23615278722808122,37.441645680734744,37.205492893506666,15754.839623202428
0.24132835662941363,38.25968802126421,38.018359664634794,15753.788819362071
0.23926142911302822,37.8908980284644,37.65163659935137,15736.609422977475
0.23557403742465333,37.299758520987965,37.06418448356331,15733.560832406254
0.2226598781959789,35.216372400151954,34.99371252195598,15716.218299174448
0.24027009073852618,37.98070818404526,37.740438093306736,15707.50565636476
0.23423467241614493,37.02080747945835,36.786572807042205,15705.007472884548
0.2170047674247877,34.28369082091082,34.06668605348603,15698.588771923318
0.23985670523066313,37.8872301775351,37.64737347230444,15695.776958205135
0.23491263070449203,37.09414650073846,36.85923387003397,15690.613893129052
0.2324323176573137,36.68883277547586,36.456400457818546,15684.738174649186
0.22963782755295803,36.21932266029764,35.989684832744686,15672.367752410002
0.22852995753361482,36.037715446571674,35.80918548903806,15669.361634467912
0.22611577492360868,35.64693274604075,35.42081697111714,15664.903071483523
0.22479293631489075,35.43178575315954,35.20699281684465,15661.965804622332
0.23069609346096226,36.352203968204286,36.12150787474332,15657.615754492914
0.21999767453321545,34.634134360141815,34.4141366856086,15642.954753329775
0.2222464926881158,34.988058578321414,34.7658120856333,15642.906965655047
0.24002206952622795,37.77272771834779,37.53270564882156,15637.189414667657
0.23899688154066318,37.58616404659469,37.347167165054024,15626.633671661417
0.2333086928470325,36.67154816295134,36.43823947010431,15618.037641655652
0.23145673387416185,36.379333107020884,36.14787637314672,15617.55226045813
0.23742599642594428,37.304045479238006,37.066619482812065,15611.862239514088
0.21938587208393412,34.44274021150244,34.223354339418506,15599.616335515491
0.24170868950854,37.94485755082073,37.70314886131219,15598.59057528011
0.23534254254949205,36.909965672278,36.67462312972851,15583.507653324477
0.23127484325857695,36.25327997694827,36.022005133689696,15575.41002996823
0.22728980093025514,35.616340925581376,35.38905112465112,15570.012811754103
0.23716144887650914,37.158965597435994,36.92180414855949,15568.214953765446
0.23752523014191268,37.20034860247439,36.96282337233248,15561.640904525611
0.2274551399947709,35.60523298841964,35.37777784842486,15553.73857422531
0.24112993971092533,37.69800650397951,37.45687656426858,15533.897038739007
0.2199645965823557,34.378799383329685,34.15883478674733,15529.242122360409
0.238037824134695,37.20105769632431,36.96301987218962,15528.212798346658
0.21920398146834913,34.25645009879804,34.037246117329694,15527.658708263167
0.2358220838680007,36.82095459707624,36.58513251320824,15513.870420077552
0.23952600179081193,37.39856732948663,37.15904132769582,15513.573077610323
0.23249844815713971,36.280693473197076,36.04819502503994,15504.703498354487
0.23683074551642852,36.94678096109532,36.70995021557889,15500.50021399455
0.22361893555059686,34.84367699198582,34.62005805643522,15481.720262728802
0.2348464748654263,36.53266295381794,36.29781647895251,15455.976718301687
0.2140449131333808,33.290397915076525,33.07635300194315,15452.996531308276
0.24093152268973647,37.465571299112604,37.22463977642287,15450.298641228244
0.24404016459180017,37.8840122592517,37.639972094659896,15423.679195438723
0.23980710095978316,37.13309267056672,36.89328556960694,15384.567605357992
0.2494803319646189,38.62601958208688,38.37653925012226,15382.591063557184
0.23846773604816188,36.88939835116906,36.6509306151209,15369.3456492239
0.24456931011272173,37.83089141134731,37.586322101234586,15368.372296553107
0.254688979271274,39.37112604098696,39.116437061715686,15358.51184987947
0.24632206069756024,38.06939170828081,37.82306964758325,15355.128785652403
0.24675199770514228,38.12261694055904,37.8758649428539,15349.77033422598
0.24055121508719624,37.16341813089972,36.92286691581253,15349.274749008662
0.22236225270117432,34.305420767976734,34.08305851527556,15327.717767403046
0.24863703458882597,38.35627956168393,38.1076425270951,15326.615598562847
0.22436302450412426,34.60646530215015,34.38210227764603,15324.317522299229
0.2223457012415021,34.29007266556013,34.06772696431863,15321.963399380395
0.2443378152375604,37.66139278498754,37.417054969749984,15313.657009403476
0.24223780979292225,37.32638013578,37.084142325987074,15308.98184626445
0.24848819665332794,38.27999618116912,38.03150798451579,15305.156742545196
0.25058820209796606,38.58945985501242,38.338871652914456,15299.551747422685
0.2429322944071028,37.408980570643116,37.16604827623601,15298.9327198934
0.24828977968348936,38.23330757037038,37.98501779068689,15298.663456509883
0.23172128146364368,35.64302013175209,35.411298850288446,15281.850085851682
0.21460713660516217,32.996501910781014,32.78189477417585,15275.30504937892
0.24623937848131097,37.856764338216585,37.61052495973527,15273.968441481355
0.24901734221429622,38.233159992462525,37.98414265024823,15253.61338792232
0.23393704692134026,35.905244477238085,35.671307430316745,15248.25071520672
0.24949685830175572,38.28623044791057,38.036733589608815,15245.375772870462
0.23041499429199097,35.3571797215486,35.12676472725661,15244.99949979062
0.23600397450070243,36.20942414208806,35.973420167587356,15242.717943074425
0.24944725405929616,38.260825450993025,38.01137819693373,15238.2427861475
0.24918268127881202,38.21641889857424,37.96723621729543,15236.707471982638
0.25169607223131313,38.580785153599656,38.329089081368345,15228.322294256239
0.2318370415965194,35.52820091998206,35.29636387838554,15224.643842640999
0.24951340986994178,38.23615834361474,37.9866449337448,15224.289930366964
0.24278348169102737,37.19377598638323,36.9509925046922,15219.730867735476
0.2548543435326054,39.02981073527579,38.77495639174318,15214.55583384335
0.24529687264352856,37.55178559298751,37.30648872034398,15208.709478558532
0.24149372092497848,36.95762253813069,36.716128817205714,15203.76127237354
0.24337875783159213,37.23086123478809,36.987482476956494,15197.498256010607
0.2488519778560776,38.065234330632784,37.81638235277671,15196.335861412217
0.2500094522945382,38.22792277646436,37.97791332416982,15190.590985907096
0.24322994510421322,37.16356930826874,36.92033936316453,15179.191586523526
0.2527378117165969,38.561808794326595,38.309070982609995,15157.63340768622
0.2555157502585799,38.97129789454305,38.71578214428447,15152.01395808454
0.23458192732148153,35.76159358151941,35.527011654197935,15144.820430053904
0.2515803374092571,38.335888614172184,38.084308276762926,15138.030526928447
0.23230003121572138,35.3824803340923,35.15018030287658,15131.371321355948
0.21841026310428968,33.26101911303047,33.04260884992618,15128.688725652293
0.24528032107534264,37.351903914916065,37.10662359384072,15128.25139463296
0.24905042011961898,37.92223853684653,37.67318811672691,15126.731405886596
0.25239055685679723,38.413705365144196,38.1613148082874,15119.945565134429
0.2532504057778462,38.510530870539775,38.25728046476193,15106.503125733034
0.2540771767935724,38.635842511611955,38.38176533481838,15106.341238198675
0.2245945193964024,34.13810701454541,33.91351249514901,15099.884265338062
0.25166299432599043,38.24720149047547,37.99553849614948,15097.785273480511
0.2152024127286102,32.69312132631014,32.47791891358153,15091.800552691358
0.24906694645675587,37.81900959003464,37.56994264357788,15084.274801634889
0.25192756710647457,38.250473400676384,37.99854583356991,15083.123403287667
0.25371339552816896,38.511769085181264,38.2580556896531,15079.241523692206
0.2501913429272399,37.9725806007299,37.72238925780266,15077.415875565688
0.24569370658320572,37.27832013027659,37.03262642369339,15072.680101861726
0.253415770073411,38.44152919996605,38.18811342989264,15069.351610923852
0.2535315048954672,38.44447715866192,38.19094565376645,15063.589698452995
0.25672285413631557,38.85028760956558,38.59356475542926,15033.162857770629
0.25917008922682105,39.19345303831665,38.93428294908983,15022.676060050757
0.25697087534861385,38.85557161855891,38.5986007432103,15020.613013379963
0.2293898063348465,34.678008192307864,34.44861838597302,15017.501839505212
0.2601952771839655,39.238820646867055,38.97862536968309,14980.527621999872
0.23858349603280016,35.96956324883339,35.730979752800586,14976.299847617429
0.21993154393068898,33.15109156898657,32.93116002505588,14973.368274736467
0.25146457740750217,37.84784487344446,37.596380296036955,14950.964737713912
0.257516547246719,38.743829946086784,38.48631339884007,14945.18073122791
0.25457324444921786,38.25915890047265,38.00458565602343,14928.743096411517
0.25470553086788017,38.27491014253997,38.02020461167209,14927.121716643751
0.2564252034505087,38.52171079692486,38.265285593474346,14922.59149200977
0.2554826976127264,38.378862581046455,38.12337988343373,14922.098537264967
0.21578113722703185,32.41263331486217,32.19685217763514,14921.068908706122
0.24726459169792464,37.1013346246892,36.854070032991274,14904.709881799303
0.2609228397945429,39.14596534713881,38.88504250734427,14902.889504791267
0.2268433375513027,34.02993240808989,33.80308907053859,14901.512839403409
0.2592362198577678,38.88889543004413,38.62965921018636,14901.335635653404
0.2561937085753474,38.403421704589725,38.14722799601438,14889.994062752388
0.25067088417728156,37.498675543466625,37.24800465928934,14859.326316073668
0.2547385835137337,38.08408830822617,37.829349724712436,14850.263043357523
0.2560945000561946,38.2822314465539,38.02613694649771,14848.478564808562
0.25697087534861385,38.39571885769208,38.13874798234347,14841.661698277434
0.23456537569645508,34.986057277912494,34.75149190221604,14815.269218244313
0.25569764087416486,38.12562249063359,37.86992484975942,14810.43185235962
0.2171205023040073,32.35901574131672,32.14189523901271,14803.71263788269
0.2521094577391762,37.531045497742554,37.27893604000338,14786.805847867432
0.2592692977630906,38.5845573889028,38.32528809113971,14782.038761164753
0.22485909207418608,33.44786714221577,33.22300805014159,14775.034330913588
0.25809527181909786,38.39111154739817,38.13301627557907,14774.782973283976
0.2217338986268665,32.92679114635737,32.7050572477305,14749.687553533042
0.2610055219423253,38.758497750342805,38.49749222840048,14749.684965250399
0.26204726149607593,38.89756653199573,38.63551927049965,14743.721819462022
0.25796301065409166,38.23792927850896,37.97996626785486,14723.027992095751
0.255962213700186,37.927576537757375,37.67161432405719,14717.646710222138
0.23314332855728087,34.51999184707121,34.28684851851393,14706.33911366244
0.24635513848306584,36.46330493658867,36.2169497981056,14701.114018206328
0.25612757800705444,37.843370743213725,37.58724316520667,14675.203450434932
0.23631812628129362,34.86772859150452,34.63141046522323,14654.572211697743
0.25731813027688044,37.94649890511293,37.68918077483605,14646.920034076726
0.22485909207418608,32.992373328822325,32.76751423674814,14572.465776005802
0.28207163127515605,41.3182833550309,41.03621172375574,14548.152729235511
0.2504228378253312,36.530316105136976,36.27989326731164,14487.453932862429
0.2626921418791004,38.30180171691954,38.03910957504044,14480.490091152897
0.22008035659541417,32.08442004779932,31.864339691203906,14478.502390734433
0.2547881877561933,37.117226245742046,36.862438057985855,14467.875603895542
0.22897642086703018,33.33666898837988,33.10769256751285,14458.996451315375
0.2780204583443077,40.2698575024998,39.99183704415549,14384.49432186338
0.22560318102771348,32.66714761452819,32.441544433500475,14379.914452321176
0.24723151377548513,35.77779475623263,35.53056324245715,14371.373090698711
0.2836259648216891,41.0236530606573,40.740027095835615,14363.99771136898
0.25379607762460116,36.5241610265412,36.2703649489166,14291.144799552574
0.25252284331550634,36.30216785852012,36.04964501520462,14275.795623829395
0.22004727880990865,31.448622025622406,31.228574746812498,14191.756842305602
0.23208506264927664,33.148381174727724,32.91629611207845,14182.858533132332
0.2823031513813665,40.308425728905505,40.02612257752414,14178.418619015838
0.28671810557761823,40.905752710128226,40.619034604550606,14166.88859697928
0.29672201468306536,42.31369274403147,42.01697072934841,14160.381990607459
0.2810629948577773,40.017924016490596,39.73686102163282,14138.062195537463
0.27952518764838113,39.5981692530255,39.31864406537712,14066.225801031078
0.2930511745858064,41.51347493520159,41.22042376061579,14065.94729363431
0.2551850469269195,35.99507263012478,35.73988758319786,14005.478774558893
0.2880739969232635,40.60237932457969,40.31430532765642,13994.42704243634
0.30193068722076943,42.536315817756794,42.234385130536026,13988.106184004595
0.2893803092574983,40.68613518647745,40.396754877219955,13959.745561427902
0.2964243892283075,41.663183724064524,41.36675933483622,13955.24823126998
0.30613067287899665,43.014651811716796,42.708521138837796,13951.075446699542
0.30604799073121425,43.00081188352921,42.694763892797994,13950.34935233231
0.27788817195406573,39.00905984164733,38.73117166969326,13937.682700685597
0.2535976606831828,35.56125837134091,35.30766071065773,13922.707573697719
0.29362989915818527,41.090541847525934,40.79691194836775,13893.991063352
0.2879747884383443,40.239776805526155,39.95180201708781,13873.367954792866
0.29291888819556433,40.88685193953967,40.5939330513441,13858.421114940862
0.3024598075506888,42.20285453631229,41.9003947287616,13853.210801153991
0.29576298250814614,41.23538776435208,40.93962478184394,13842.038119397293
0.3005417179698013,41.88071356023837,41.58017184226857,13835.074918433314
0.2938283161280238,40.93500913049459,40.64118081436657,13831.607977720847
0.31381965846387927,43.719707066210304,43.40588740774643,13831.474936979595
0.29890470227548593,41.64033074511447,41.34142604283898,13830.972121922861
0.30371651564246377,42.28787020961854,41.984153693976076,13823.46745456542
0.3036338334946814,42.246843551235685,41.943209717741006,13813.747050186916
0.30613067287899665,42.561893588810364,42.25576291593136,13803.178400432182
0.2937621855484273,40.83976378855138,40.546001603002956,13802.321604908831
0.2962259722584689,41.13134173985526,40.83511576759679,13785.12338275542
0.3085117774412558,42.82983027916858,42.52131850172733,13782.721312745954
0.3074039073079087,42.65784082568116,42.350436918373255,13776.805015023208
0.28961180413265974,40.169238165034066,39.879626360901405,13770.027944936292
0.3056842346968599,42.39413350219431,42.088449267497445,13768.603182704403
0.299318087783349,41.50314808111312,41.20382999332977,13765.900450076953
0.308908636611982,42.81011962981743,42.50121099320545,13758.50525234454
0.30049211372734164,41.63215276934277,41.33166065561542,13754.657366189198
0.30626295926923863,42.423263941419826,42.117000982150586,13751.908191132294
0.29715195175911435,41.146455877296006,40.849303925536894,13746.941147016696
0.30662674053464223,42.45599744127364,42.149370700739,13746.14967606748
0.3006409264547205,41.538930324575475,41.238289398120756,13716.791617302191
0.3016991923456081,41.6484727262745,41.34677353392889,13704.635140873881
0.3103472101054099,42.811105882177216,42.500758672071804,13694.583772039181
0.3106448607912168,42.84144214089372,42.530797280102504,13691.131786882286
0.3074204336450456,42.33267630222687,42.02525586858183,13670.287095198464
0.30198029146322913,41.581281584667835,41.279301293204604,13669.534886925232
0.30760232427774725,42.33234875126066,42.024746426982915,13662.037998463555
0.3103802880107326,42.70076799956026,42.39038771154953,13657.564397286635
0.3096692518170626,42.600663385041436,42.29099413322437,13656.827045330227
0.2995826605638331,41.11016251034791,40.81057984978408,13622.47727320935
0.3088755587066593,42.3004863210093,41.99161076230264,13594.99305744107
0.319226722740373,43.70600391754707,43.3867771948067,13591.210918170265
0.303534625009762,41.54630921996808,41.24277459495832,13587.502445110473
0.31692830032589636,43.37905766081505,43.06212936048915,13587.341148205604
0.3097188560595223,42.382572032925516,42.07285317686599,13584.20785616629
0.30307163525943936,41.466465972358975,41.16339433709953,13582.067586715035
0.30371651564246377,41.55025062994608,41.246534114303614,13580.602960314212
0.30327005222927794,41.48284712013055,41.17957706790127,13578.517484729658
0.30123620259528533,41.20316178852284,40.90192558592756,13578.024564623733
0.3025755676037939,41.37934821373113,41.07677264612733,13575.707044501065
0.3113227938485149,42.56287984117015,42.25155704732163,13571.62337039819
0.31201727847399896,42.62852321447496,42.31650593600096,13562.231599147572
0.3123976113075883,42.64825186113195,42.335854249824365,13551.913560613068
0.30914013148714337,42.1982544249407,41.88911429345356,13550.20265144568
0.3115708402918621,42.527576326043025,42.21600548575116,13549.408361259217
0.3099007466922241,42.29292025363601,41.98301950694379,13547.246966990675
0.31282752315258827,42.68854782889788,42.3757203057453,13546.0332513887
0.3186149202626713,43.46491200857324,43.146297088310575,13541.831955873275
0.3120669079475077,42.56028462966866,42.24821772172115,13538.192177950395
0.3002771451893172,40.92854809769961,40.62827095251029,13530.257498250554
0.31583698176073494,43.04895467663947,42.733117694878736,13530.11843535523
0.3086771417368207,42.06801152206956,41.75933438033274,13528.48291433802
0.3132243823233144,42.68309104576853,42.369866663445215,13527.001425997056
0.306940917557586,41.80463174954892,41.497690831991335,13519.765029113736
0.3116204445343218,42.41741841648442,42.1057979719501,13511.885600083784
0.31401807543371785,42.69361227076002,42.379594195326305,13495.90915643698
0.3104464185903292,42.17962721340085,41.86918079481052,13486.765601912728
0.3126952367623462,42.42253685026407,42.10984161350173,13466.735870206408
0.3115046844812166,42.219124100787674,41.90761941630646,13453.287062472233
0.31545664892714564,42.67496706191433,42.359510412987184,13427.997335624417
0.30986769401795033,41.913954584116745,41.60408689009879,13426.403491965417
0.312728314667669,42.28878807221615,41.976059757548484,13422.53252704531
0.3110086168255711,41.99661261035853,41.685603993532965,13403.359822957025
0.31656451906049277,42.74454104681363,42.42797652775314,13402.631682688834
0.3166141485340015,42.749126760340545,42.432512611806544,13401.963496665934
0.31401807543371785,42.32371364392074,42.009695568487025,13378.113826875653
0.32536137477872257,43.744273388675914,43.41891201389719,13344.826823228874
0.31800311778496954,42.72475120931679,42.406748091531824,13335.32463043549
0.3263865627642872,43.7958392693561,43.46945270659182,13318.395321925365
0.31241413764472525,41.90152204524551,41.589107907600784,13312.172176694376
0.3149109770290405,42.14115617244665,41.826245195417606,13281.926717835711
0.3178212271522679,42.502765240218054,42.18494401306579,13273.16755745047
0.3098346161126274,41.37645424695276,41.06661963084014,13254.367812766308
0.3205991656542042,42.74840326864595,42.42780410299175,13233.909706662822
0.32382356756932634,43.156218619419704,42.832395051850376,13227.077748959866
0.32129365027968837,42.815245262519404,42.49395161223972,13225.892131776784
0.320632243559527,42.72357058605398,42.40293834249445,13224.789207646276
0.32203776437868104,42.90816175308749,42.58612398870881,13223.953430080397
0.3229471923111406,43.00205729709304,42.6791101047819,13215.507402108977
0.31532436253690355,41.91233122713037,41.59700686459347,13191.815097929586
0.33690309109356575,44.553903788457816,44.21700069736425,13124.545860899854
0.3277920835834413,43.31659261172082,42.98880052813738,13114.65489287643
0.33723379445364643,44.52875075382197,44.19151695936832,13104.118770469946
0.31380310689569335,41.429024377298575,41.115221270402884,13102.235244620886
0.3240385361073508,42.76174287173131,42.437704335623955,13096.499214391204
0.35238024551720115,46.31585442760867,45.96347418209147,13043.71478447358
0.33658891407062197,44.16353502596111,43.826946111890486,13020.911943253977
0.3579857519945825,46.60605378528554,46.248068033290956,12918.968918626359
0.3483952031659493,45.277121924000625,44.928726720834675,12895.908529324384
0.3429385346469961,44.52907110586584,44.18613257121884,12884.563298406187
0.343368446491996,44.5303129199685,44.18694447347651,12868.667731385889
0.3456503425693358,44.743217448542595,44.39756710597326,12844.647216592102
0.34505506642877104,44.61947877200044,44.27442370557167,12831.118280279228
0.3453692434517148,44.54473236140399,44.199363117952274,12797.712580371006
0.3636573890515602,46.77400824280462,46.41035085375306,12762.108581044917
0.35046213070526466,44.91232013417398,44.561858003468714,12715.170655897431
0.3544967772989761,45.24498233523939,44.890485557940416,12663.157589181861
0.35616687089861443,45.32022187201574,44.96405500111713,12624.434969954431
0.3574566316646632,45.20157643302507,44.84411980136041,12545.331609186516
